<?xml version="1.0" encoding="utf-8"?>
<COLLADA xmlns="http://www.collada.org/2005/11/COLLADASchema" version="1.4.1" xmlns:xsi="http://www.w3.org/2001/XMLSchema-instance">
  <asset>
    <contributor>
      <author>Blender User</author>
      <authoring_tool>Blender 4.5.0 commit date:2025-07-14, commit time:17:45, hash:8cb6b388974a</authoring_tool>
    </contributor>
    <created>2025-12-02T01:18:43</created>
    <modified>2025-12-02T01:18:43</modified>
    <unit name="meter" meter="1"/>
    <up_axis>Z_UP</up_axis>
  </asset>
  <library_effects>
    <effect id="haus_holz_004-effect">
      <profile_COMMON>
        <technique sid="common">
          <lambert>
            <emission>
              <color sid="emission">0 0 0 1</color>
            </emission>
            <diffuse>
              <color sid="diffuse">0.2395483 0.08533243 0.02664491 1</color>
            </diffuse>
            <index_of_refraction>
              <float sid="ior">1.5</float>
            </index_of_refraction>
          </lambert>
        </technique>
      </profile_COMMON>
    </effect>
    <effect id="kiste-effect">
      <profile_COMMON>
        <technique sid="common">
          <lambert>
            <emission>
              <color sid="emission">0 0 0 1</color>
            </emission>
            <diffuse>
              <color sid="diffuse">0.2395483 0.08533243 0.02664491 1</color>
            </diffuse>
            <index_of_refraction>
              <float sid="ior">1.5</float>
            </index_of_refraction>
          </lambert>
        </technique>
      </profile_COMMON>
    </effect>
    <effect id="baumstamm-effect">
      <profile_COMMON>
        <technique sid="common">
          <lambert>
            <emission>
              <color sid="emission">0 0 0 1</color>
            </emission>
            <diffuse>
              <color sid="diffuse">0.1192605 0.03936027 0.01242833 1</color>
            </diffuse>
            <index_of_refraction>
              <float sid="ior">1.5</float>
            </index_of_refraction>
          </lambert>
        </technique>
      </profile_COMMON>
    </effect>
    <effect id="metal-effect">
      <profile_COMMON>
        <technique sid="common">
          <lambert>
            <emission>
              <color sid="emission">0 0 0 1</color>
            </emission>
            <diffuse>
              <color sid="diffuse">0.1149348 0.1149348 0.1149348 1</color>
            </diffuse>
            <reflectivity>
              <float sid="specular">0.7559055</float>
            </reflectivity>
            <index_of_refraction>
              <float sid="ior">1.5</float>
            </index_of_refraction>
          </lambert>
        </technique>
      </profile_COMMON>
    </effect>
    <effect id="haus_holz-effect">
      <profile_COMMON>
        <technique sid="common">
          <lambert>
            <emission>
              <color sid="emission">0 0 0 1</color>
            </emission>
            <diffuse>
              <color sid="diffuse">0.2395483 0.08533243 0.02664491 1</color>
            </diffuse>
            <index_of_refraction>
              <float sid="ior">1.5</float>
            </index_of_refraction>
          </lambert>
        </technique>
      </profile_COMMON>
    </effect>
  </library_effects>
  <library_images/>
  <library_materials>
    <material id="haus_holz_004-material" name="haus holz.004">
      <instance_effect url="#haus_holz_004-effect"/>
    </material>
    <material id="kiste-material" name="kiste">
      <instance_effect url="#kiste-effect"/>
    </material>
    <material id="baumstamm-material" name="baumstamm">
      <instance_effect url="#baumstamm-effect"/>
    </material>
    <material id="metal-material" name="metal">
      <instance_effect url="#metal-effect"/>
    </material>
    <material id="haus_holz-material" name="haus holz">
      <instance_effect url="#haus_holz-effect"/>
    </material>
  </library_materials>
  <library_geometries>
    <geometry id="Cube_008-mesh" name="Cube.008">
      <mesh>
        <source id="Cube_008-mesh-positions">
          <float_array id="Cube_008-mesh-positions-array" count="912">0.7644528 2.500737 0.01301556 0.7644528 2.500737 0.04396158 1.016327 2.488743 0.01301556 1.016327 2.488743 0.04396158 1.004333 2.488743 0.2648898 0.9732773 2.488743 0.2648898 0.7644528 2.488743 0.2648898 0.7644528 2.462599 0.2648898 0.9732773 2.248862 0.2219498 0.9732773 2.248862 0.04396158 0.7955085 2.248862 0.2219498 0.7955085 2.248862 0.04396158 0.7955085 2.488743 0.2219498 0.7955085 2.488743 0.04396158 0.9732773 2.488743 0.2219498 0.9732773 2.488743 0.04396158 0.7644528 2.236868 0.2219498 0.7644528 2.236868 0.2528958 1.004333 2.236868 0.04396158 1.004333 2.236868 0.01301562 0.9732773 2.236868 0.01301562 0.7955085 2.236868 0.2528958 0.7644528 2.236868 0.01301562 0.7955085 2.236868 0.01301562 1.004333 2.236868 0.2528958 0.9732773 2.236868 0.2528958 0.9732773 2.236868 0.04396158 0.7955085 2.236868 0.04396158 0.7644528 2.236868 0.04396158 1.004333 2.236868 0.2219498 0.9732773 2.236868 0.2219498 0.7955085 2.236868 0.2219498 0.9732773 2.462599 0.2528958 0.9732773 2.275007 0.2528958 0.7955085 2.462599 0.2528958 0.7955085 2.275007 0.2528958 0.7955085 2.462599 0.01301556 0.7955085 2.275007 0.01301562 0.9732773 2.462599 0.01301556 0.9732773 2.275007 0.01301562 1.004333 2.462599 0.04396158 1.004333 2.275007 0.04396158 1.004333 2.462599 0.2219498 1.004333 2.275007 0.2219498 0.7644528 2.275007 0.04396158 0.7644528 2.462599 0.04396158 0.7644528 2.275007 0.2219498 0.7644528 2.462599 0.2219498 0.7524588 2.275007 0.01301562 0.7524588 2.248862 0.01301562 0.7524588 2.248862 0.2219498 0.7524588 2.248862 0.2528958 0.7524588 2.462599 0.2528958 0.7524588 2.488743 0.2528958 0.7524588 2.488743 0.04396158 0.7524588 2.488743 0.01301556 0.7524588 2.248862 0.04396158 0.7524588 2.488743 0.2219498 0.7524588 2.236868 0.2528958 0.7524588 2.462599 0.04396158 0.7524588 2.462599 0.2219498 0.7524588 2.236868 0.2219498 0.7524588 2.236868 0.01301562 0.7524588 2.236868 0.04396158 0.7524588 2.462599 0.01301556 0.7524588 2.275007 0.2528958 0.7524588 2.275007 0.04396158 0.7524588 2.275007 0.2219498 0.7955085 2.500737 0.01301556 0.9732773 2.500737 0.2528958 1.004333 2.500737 0.2528958 1.004333 2.500737 0.04396158 1.004333 2.500737 0.01301556 0.9732773 2.500737 0.01301556 0.7644528 2.500737 0.2528958 0.7955085 2.500737 0.2528958 0.7955085 2.500737 0.04396158 0.9732773 2.500737 0.04396158 0.7644528 2.500737 0.2219498 1.004333 2.500737 0.2219498 0.7955085 2.500737 0.2219498 0.9732773 2.500737 0.2219498 0.7524588 2.500737 0.01301556 0.7524588 2.500737 0.04396158 0.7524588 2.500737 0.2528958 0.7524588 2.500737 0.2219498 1.016327 2.462599 0.01301556 1.016327 2.275007 0.2528958 1.016327 2.248862 0.2528958 1.016327 2.248862 0.04396158 1.016327 2.248862 0.01301562 1.016327 2.236868 0.2219498 1.016327 2.248862 0.2219498 1.016327 2.488743 0.2528958 1.016327 2.500737 0.2528958 1.016327 2.488743 0.2219498 1.016327 2.500737 0.01301556 1.016327 2.236868 0.2528958 1.016327 2.275007 0.04396158 1.016327 2.275007 0.2219498 1.016327 2.236868 0.04396158 1.016327 2.236868 0.01301562 1.016327 2.275007 0.01301562 1.016327 2.462599 0.2528958 1.016327 2.462599 0.04396158 1.016327 2.462599 0.2219498 1.016327 2.500737 0.2219498 1.016327 2.500737 0.04396158 1.004333 2.275007 0.2648898 1.004333 2.248862 0.2648898 1.016327 2.275007 0.2648898 0.7955085 2.248862 0.2648898 0.7644528 2.248862 0.2648898 0.7955085 2.488743 0.2648898 0.9732773 2.248862 0.2648898 0.9732773 2.275007 0.2648898 0.7955085 2.275007 0.2648898 1.016327 2.500737 0.2648898 1.004333 2.500737 0.2648898 0.7524588 2.488743 0.2648898 0.7524588 2.500737 0.2648898 0.9732773 2.500737 0.2648898 0.7524588 2.248862 0.2648898 0.7644528 2.275007 0.2648898 0.7524588 2.275007 0.2648898 1.016327 2.488743 0.2648898 1.016327 2.248862 0.2648898 0.7955085 2.236868 0.2648898 0.7644528 2.236868 0.2648898 1.004333 2.236868 0.2648898 0.9732773 2.236868 0.2648898 1.004333 2.462599 0.2648898 0.9732773 2.462599 0.2648898 0.7955085 2.462599 0.2648898 1.016327 2.236868 0.2648898 0.7524588 2.462599 0.2648898 0.7524588 2.236868 0.2648898 0.7644528 2.500737 0.2648898 0.7955085 2.500737 0.2648898 1.016327 2.462599 0.2648898 0.7644528 2.275007 0.001021623 0.7644528 2.248862 0.001021623 0.7955085 2.488743 0.001021564 0.7644528 2.488743 0.001021564 1.016327 2.236868 0.001021623 1.004333 2.236868 0.001021623 1.004333 2.462599 0.001021564 1.004333 2.488743 0.001021564 0.9732773 2.248862 0.001021623 1.004333 2.248862 0.001021623 0.9732773 2.488743 0.001021564 0.7955085 2.248862 0.001021623 0.7955085 2.275007 0.001021623 0.9732773 2.275007 0.001021623 0.7524588 2.488743 0.001021564 0.7524588 2.500737 0.001021564 1.004333 2.500737 0.001021564 0.9732773 2.500737 0.001021564 1.016327 2.248862 0.001021623 1.004333 2.275007 0.001021623 1.016327 2.275007 0.001021623 0.7955085 2.500737 0.001021564 0.7644528 2.500737 0.001021564 0.7524588 2.248862 0.001021623 0.9732773 2.236868 0.001021623 0.7644528 2.236868 0.001021623 0.7955085 2.236868 0.001021623 1.016327 2.462599 0.001021564 0.7524588 2.275007 0.001021623 0.7644528 2.462599 0.001021564 0.7955085 2.462599 0.001021564 0.9732773 2.462599 0.001021564 1.016327 2.488743 0.001021564 0.7524588 2.236868 0.001021623 0.7524588 2.462599 0.001021564 1.016327 2.500737 0.001021564 0.9732773 2.248862 0.05934405 0.8145259 2.248862 0.2219498 0.9573377 2.248862 0.04396158 0.7955085 2.248862 0.2030364 0.7644528 2.285831 0.2219498 0.7644528 2.462599 0.05851095 0.7644528 2.275007 0.2103153 0.7644528 2.451815 0.04396158 0.7955085 2.488743 0.05706429 0.9604252 2.488743 0.2219498 0.809698 2.488743 0.04396158 0.9732773 2.488743 0.2095566 1.004333 2.462599 0.2086976 1.004333 2.286224 0.04396158 1.004333 2.449382 0.2219498 1.004333 2.275007 0.05676758 1.016327 2.285957 0.04396158 0.813398 2.275007 0.2528958 1.016327 2.275007 0.05754655 0.813398 2.462599 0.2528958 1.016327 2.462599 0.2086976 1.016327 2.449382 0.2219498 0.7955085 2.500737 0.05808073 0.813398 2.236868 0.2528958 0.9602106 2.500737 0.2219498 0.8139619 2.236868 0.2219498 0.8096721 2.500737 0.04396158 0.9732773 2.500737 0.2095561 0.7524588 2.451537 0.04396158 0.813398 2.500737 0.2219498 0.7524588 2.462599 0.05880409 0.813398 2.488743 0.2648898 0.7524588 2.285658 0.2219498 0.7524588 2.275007 0.2103153 0.9732773 2.236868 0.05883479 0.813398 2.500737 0.2528958 0.9732773 2.285485 0.2528958 0.9580312 2.236868 0.04396158 0.7955085 2.236868 0.2032389 0.7644528 2.236868 0.2032389 0.813398 2.236868 0.2648898 0.7524588 2.248862 0.2032389 0.7524588 2.236868 0.2032389 0.813398 2.248862 0.2648898 0.813398 2.462599 0.2648898 0.813398 2.275007 0.2648898 0.813398 2.500737 0.2648898 0.7955085 2.285485 0.2528958 0.7524588 2.285485 0.2528958 1.004333 2.236868 0.05832558 1.016327 2.285485 0.2528958 1.016327 2.285485 0.2219498 0.7644528 2.285485 0.2648898 1.004333 2.285485 0.2648898 0.9732773 2.285485 0.2648898 0.7955085 2.285485 0.2648898 0.7524588 2.285485 0.2648898 1.016327 2.285485 0.2648898 0.813398 2.285485 0.2528958 0.9732773 2.28569 0.01301562 1.016327 2.248862 0.05832558 1.016327 2.236868 0.05832558 0.7955085 2.28569 0.01301562 0.7524588 2.28569 0.01301562 0.7524588 2.28569 0.04396158 1.016327 2.28569 0.01301562 0.9587248 2.236868 0.01301562 0.7644528 2.28569 0.001021623 1.004333 2.28569 0.001021623 0.7955085 2.28569 0.001021623 0.9732773 2.28569 0.001021623 0.7524588 2.28569 0.001021623 1.016327 2.28569 0.001021623 0.7524588 2.488743 0.05909723 0.9587248 2.462599 0.01301556 0.9587248 2.275007 0.01301562 0.9587248 2.500737 0.01301556 0.9587248 2.500737 0.04396158 0.9587248 2.488743 0.001021564 0.9587248 2.248862 0.001021623 0.9587248 2.236868 0.001021623 0.9587248 2.462599 0.001021564 0.9587248 2.275007 0.001021623 0.9587248 2.500737 0.001021564 0.9587248 2.28569 0.01301562 1.016327 2.451258 0.01301556 0.7524588 2.451258 0.01301556 1.004333 2.451258 0.001021564 1.016327 2.451258 0.001021564 0.9732773 2.451258 0.01301556 0.7955085 2.451258 0.01301556 0.7644528 2.451258 0.001021564 0.7955085 2.451258 0.001021564 0.9732773 2.451258 0.001021564 0.7524588 2.451258 0.001021564 1.016327 2.451275 0.04396158 0.9587248 2.451258 0.01301556 0.8096462 2.275007 0.01301562 0.7644528 2.500737 0.05909723 0.8096462 2.462599 0.01301556 0.7524588 2.500737 0.05909723 0.8096462 2.500737 0.01301556 0.8096462 2.488743 0.001021564 0.8096462 2.462599 0.001021564 0.8096462 2.275007 0.001021623 0.8096462 2.500737 0.001021564 0.8096462 2.236868 0.01301562 0.8096462 2.28569 0.01301562 0.959996 2.462599 0.2528958 0.8096462 2.248862 0.001021623 0.8096462 2.236868 0.001021623 0.8095861 2.236868 0.04396158 0.8096462 2.451258 0.01301556 0.959996 2.275007 0.2528958 0.959996 2.500737 0.2528958 1.004333 2.500737 0.2095556 0.959996 2.488743 0.2648898 0.959996 2.462599 0.2648898 0.959996 2.275007 0.2648898 0.959996 2.500737 0.2648898 0.9600428 2.236868 0.2219498 0.959996 2.236868 0.2528958 0.959996 2.248862 0.2648898 0.959996 2.236868 0.2648898 0.959996 2.285485 0.2528958 1.016327 2.488743 0.2095556 1.016327 2.462599 0.2095556 1.016327 2.500737 0.2095556</float_array>
          <technique_common>
            <accessor source="#Cube_008-mesh-positions-array" count="304" stride="3">
              <param name="X" type="float"/>
              <param name="Y" type="float"/>
              <param name="Z" type="float"/>
            </accessor>
          </technique_common>
        </source>
        <source id="Cube_008-mesh-normals">
          <float_array id="Cube_008-mesh-normals-array" count="663">0 -1 -3.10014e-6 0 -1 0 0 -1 -2.91635e-6 -1 0 0 -1 0 0 -1 7.80315e-7 0 0 1 0 1 0 0 1 3.23714e-6 0 1 3.237e-6 0 1 4.36277e-6 0 -1 0 0 -1 0 0 0 0 -1 -1 0 0 -1 0 0 -1 1.50951e-7 0 0 1 -4.20853e-7 0 -1 -2.23512e-7 0 -1 -3.1089e-7 0 1 -3.37915e-6 0 1.24239e-6 1 0 1.24238e-6 1 0 1.24239e-6 1 1 -3.82855e-7 0 1 0 0 -1 0 0 -1 0 0 0 -1 -2.89776e-6 0 -1 -1.20233e-6 0 -1 -6.58323e-6 0 -1 7.41128e-7 1 0 0 1 1.56001e-5 0 1 -1.41246e-5 0 1 1.41207e-5 0 1 -7.72923e-7 0 1 0 0 0 -1.68432e-7 -1 0 -1.68589e-7 -1 0 -1.68439e-7 -1 0 -1.68346e-7 -1 0 -1.68266e-7 -1 0 -1.24457e-7 -1 1 1.02571e-6 0 1 -3.09153e-6 0 1 -3.09154e-6 0 0 0 -1 0 0 -1 1 3.23703e-6 0 0 0 1 0 0 1 0 0 1 -1 0 0 -1 0 0 -1 0 0 -1 0 0 1 -1.25327e-7 0 1 0 0 1 3.3984e-7 0 -1 -5.0939e-7 0 -1 -1.27351e-7 0 -1 0 0 -1 -3.71351e-6 0 -1 -7.80007e-6 0 -1 1.71063e-6 0 -1 -3.73131e-7 0 -1 2.21981e-6 0 -1 3.49087e-7 0 -1 3.26358e-6 0 -1 0 0 -4.25951e-7 2.23973e-7 1 -4.68195e-7 2.24621e-7 1 3.00489e-7 1.54467e-7 1 0 2.24693e-7 1 0 2.25336e-7 1 0 1.56803e-7 1 0 1 -4.33518e-6 1 1.25644e-7 0 1 0 0 1 1.02983e-6 0 1 -1.55606e-7 0 1 1.02691e-6 0 1 -3.9393e-7 0 1 5.39787e-7 0 1 6.67165e-6 0 1 2.09365e-7 0 -1 -5.09377e-7 0 0 0 1 0 0 1 0 0 1 0 0 1 0 0 1 0 0 1 0 0 1 0 0 1 0 0 1 0 0 1 0 -1.2424e-6 -1 0 -1.24238e-6 -1 0 -1.24238e-6 -1 0 -1.24237e-6 -1 0 -2.48474e-6 -1 0 -2.48471e-6 -1 0 0 -1 0 0 -1 0 -2.48475e-6 -1 0 -1.24241e-6 -1 0 -1.24237e-6 -1 0 -2.48472e-6 -1 0 -2.48474e-6 -1 0 0 -1 0 0 -1 0 -1.24243e-6 -1 0 0 -1 0 0 -1 0 0 -1 -1 0 0 4.99874e-4 -0.6858033 -0.7277868 0.01540046 -0.685181 -0.72821 0.01589494 -0.6851578 -0.7282213 0.0147199 0.6819723 -0.7312299 4.80266e-4 0.6825702 -0.73082 0.01519519 0.6819499 -0.7312411 1 0 0 -0.001500546 -0.6860421 0.7275604 -0.0456404 -0.6869504 0.7252697 0 -0.6859877 0.7276132 -0.7052949 -0.0141831 0.7087722 -0.70579 -0.0583381 0.706015 -0.7057826 -0.05982834 0.7058978 0.7113574 0.001475632 -0.702829 0.711429 2.86942e-5 -0.702758 0.7114315 -2.20407e-5 -0.7027555 -1 -2.56663e-6 0 -1 2.21138e-6 0 -1 -2.436e-6 0 -0.008883476 0.6778743 0.7351241 0.01707273 0.6787504 0.7341706 -0.009755849 0.677837 0.7351475 -0.6994298 -0.03951442 -0.7136083 -0.7009224 -0.01298505 -0.7131193 -0.7009673 -0.01202225 -0.7130922 0.7149804 -0.03349035 0.698342 0.7152267 -0.02977412 0.6982582 0.7152355 -0.02963799 0.6982549 -1 2.36525e-7 0 0 1 -2.64658e-7 0 0 1 0 1 -5.3833e-6 0 -1 -1.55423e-7 0 1.68267e-7 1 0 1.68267e-7 1 0 0 1 0 0 1 -1 0 0 -1 0 0 0 1.68267e-7 1 1 7.86699e-7 0 0 -1 -8.29242e-7 0 0 -1 0 0 -1 1 -1.59287e-7 0 1 0 0 -1 0 0 0 0 -1 0 0 -1 1 -2.43259e-7 0 1 -2.55e-7 0 1 -2.23958e-7 0 0 0 -1 0 0 -1 0 -2.48479e-6 -1 0 -1.24242e-6 -1 0 1 -4.54317e-6 0 1 -3.08079e-6 0 -1 -2.5398e-7 1 0 0 0 0 -1 -1 0 0 -1 0 0 -1 0 0 0 1 5.23082e-7 0 0 -1 0 0 -1 0 -2.48476e-6 -1 0 -1 -1.30091e-6 0 0 1 0 1.68266e-7 1 -1 0 0 -1 9.26216e-7 0 -1 9.70893e-7 0 0 1.24234e-6 1 0 1.24237e-6 1 0 1.24238e-6 1 0 1.2424e-6 1 0 1.24237e-6 1 0 1.24235e-6 1 1 -4.00071e-7 0 -1 1.00957e-5 0 -1 -1.56842e-6 0 -1 1.45607e-6 0 -1 -1.04414e-5 0 1 -1.562e-5 0 0 -1.68596e-7 -1 0 0 -1 1 1.3139e-7 0 1 2.70085e-6 0 1 2.82553e-6 0 2.35728e-7 0 1 0 0 1 0 -2.48465e-6 -1 0 -0.6858215 -0.7277698 0 0.6825879 -0.7308035 -0.04709655 -0.6869575 0.7251699 -0.705252 -0.0126186 0.7088444 0.7113549 0.001526355 -0.7028315 -1 2.03813e-6 0 0.01794159 0.6787718 0.73413 -0.6993684 -0.04044419 -0.7136162 0.7149715 -0.03362113 0.6983448</float_array>
          <technique_common>
            <accessor source="#Cube_008-mesh-normals-array" count="221" stride="3">
              <param name="X" type="float"/>
              <param name="Y" type="float"/>
              <param name="Z" type="float"/>
            </accessor>
          </technique_common>
        </source>
        <source id="Cube_008-mesh-map-0">
          <float_array id="Cube_008-mesh-map-0-array" count="3726">0.375 0.9676342 0.375 0.9528999 0.375 0.9528999 0.5927485 0.25 0.4230257 0.25 0.4230257 0.25 0.5789373 0.527247 0.4072515 0.527247 0.5798316 0.527247 0.625 0.5 0.625 0.5 0.625 0.5 0.375 0.527247 0.375 0.5 0.375 0.5 0.625 0.5 0.625 0.5 0.625 0.5 0.6573658 0.527247 0.6712074 0.527247 0.6712074 0.527247 0.625 0.222753 0.625 0.25 0.625 0.25 0.375 0.5 0.375 0.5 0.375 0.5 0.1573657 0.527247 0.1721 0.527247 0.1721 0.527247 0.4072515 0.5 0.375 0.5 0.375 0.5 0.5927485 0.9478145 0.5927485 0.7962074 0.5927485 0.9489899 0.5798326 0.4676342 0.5927485 0.4676342 0.5798316 0.4676342 0.375 1 0.375 0.9676342 0.375 0.9676342 0.3426342 0.527247 0.3426342 0.5390657 0.3426342 0.5390657 0.420907 0.2823658 0.4072515 0.2823658 0.4072515 0.2823658 0.5927485 0.25 0.625 0.25 0.5927485 0.25 0.625 0.75 0.625 0.75 0.625 0.75 0.375 0.4676342 0.375 0.4524678 0.375 0.4524678 0.625 0.7823658 0.625 0.7962074 0.625 0.7962074 0.625 0.4676342 0.625 0.5 0.625 0.5 0.4072515 0.7989779 0.4072514 0.9528999 0.4072515 0.7975322 0.625 0 0.625 0 0.625 0 0.625 0.75 0.625 0.7823658 0.625 0.7823658 0.8426342 0.527247 0.8426342 0.7118319 0.8426342 0.7118319 0.375 0.7823658 0.375 0.75 0.375 0.75 0.375 0.222753 0.375 0.2109342 0.375 0.2109342 0.4230257 0.222753 0.4072515 0.222753 0.4224147 0.222753 0.625 0.7227531 0.625 0.75 0.625 0.75 0.625 0.9676342 0.5927485 1 0.5927485 0.9676342 0.625 0.75 0.5927485 0.7823658 0.5927485 0.75 0.625 0.9489899 0.5927485 0.9676342 0.5927485 0.9489899 0.4072514 0.9528999 0.375 0.9676342 0.375 0.9528999 0.4072515 0.75 0.375 0.7823658 0.375 0.75 0.5927485 0.75 0.4222214 0.7823659 0.4222214 0.75 0.4072515 0.9676342 0.375 1 0.375 0.9676342 0.5927485 0.9676342 0.5732482 1 0.5732482 0.9676342 0.5806232 0.02724695 0.4072515 0.02724695 0.5732482 0.02724695 0.4222214 0.7823659 0.5927485 0.7823658 0.4232829 0.7823658 0.375 0.7227531 0.375 0.7116193 0.375 0.7116193 0.375 0.5 0.375 0.4676342 0.375 0.4676342 0.625 0.2823658 0.625 0.3010101 0.625 0.3010101 0.5732482 0.9676342 0.4072515 0.9676342 0.5730372 0.9676342 0.375 0.25 0.375 0.222753 0.375 0.222753 0.375 0.75 0.375 0.7227531 0.375 0.7227531 0.5927485 1 0.5732482 1 0.5732482 1 0.4072515 0.02724695 0.5806232 0.02724695 0.4072515 0.2115144 0.1573657 0.7227531 0.1573657 0.7116193 0.1573657 0.7116193 0.5927485 0.03816807 0.5927485 0.222753 0.5927485 0.03852808 0.5927485 0.5410208 0.5927485 0.527247 0.5927485 0.7118319 0.4072515 0.527247 0.5789373 0.527247 0.4072515 0.7110621 0.375 0.25 0.375 0.25 0.375 0.25 0.375 0.75 0.375 0.75 0.375 0.75 0.375 0.75 0.375 0.75 0.375 0.75 0.3426342 0.7116193 0.3274677 0.7227531 0.3274678 0.7116193 0.375 0.25 0.375 0.25 0.375 0.25 0.375 0.5 0.375 0.5 0.375 0.5 0.625 0.25 0.625 0.25 0.625 0.25 0.8426342 0.7118319 0.8239899 0.7227531 0.8239899 0.7118319 0.6573658 0.7227531 0.6573658 0.7118319 0.6573658 0.7118319 0.625 0.02724695 0.625 0.03816807 0.625 0.03816807 0.625 0.527247 0.625 0.7118319 0.625 0.7118319 0.625 0.25 0.625 0.2823658 0.625 0.2823658 0.375 1 0.375 1 0.375 1 0.375 0.02724695 0.375 0 0.375 0 0.4072515 0.75 0.4222214 0.75 0.4222214 0.75 0.5927485 0.75 0.625 0.75 0.625 0.75 0.4072515 1 0.375 1 0.375 1 0.375 0.2823658 0.375 0.25 0.375 0.25 0.625 0.222753 0.5927485 0.25 0.5927485 0.222753 0.4072515 0 0.375 0 0.4072515 0 0.4072515 0.222753 0.375 0.25 0.375 0.222753 0.5927485 0.222753 0.4230257 0.25 0.4230257 0.222753 0.4072515 0 0.5732482 0 0.5732482 0 0.5927485 0 0.625 0 0.625 0 0.5927485 0 0.5732482 0.02724695 0.5732482 0 0.4072515 0 0.375 0.02724695 0.375 0 0.4072515 0.2109342 0.375 0.222753 0.375 0.2109342 0.625 0 0.5927485 0.02724695 0.5927485 0 0.5927485 0.03816807 0.625 0.222753 0.5927485 0.222753 0.625 1 0.5927485 1 0.5927485 1 0.625 0.9676342 0.625 1 0.625 1 0.3426342 0.7227531 0.3274678 0.7227531 0.3274677 0.7227531 0.4072515 0.2115144 0.4072515 0.2109342 0.4072515 0.03838068 0.625 0.25 0.625 0.25 0.625 0.25 0.4072515 0.7110621 0.4072515 0.7116193 0.4072514 0.5390657 0.625 0.4676342 0.5927485 0.5 0.5927485 0.4676342 0.625 0.25 0.5927485 0.2823658 0.5927485 0.25 0.5927485 0.4537926 0.625 0.4676342 0.5927485 0.4676342 0.4072515 0.4524678 0.375 0.4676342 0.375 0.4524678 0.4072515 0.25 0.375 0.2823658 0.375 0.25 0.4230257 0.25 0.5927485 0.2823658 0.4230257 0.2823658 0.4072515 0.4676342 0.375 0.5 0.375 0.4676342 0.5798316 0.4676342 0.5927485 0.5 0.5798316 0.5 0.5927485 0.25 0.625 0.25 0.625 0.25 0.4072515 0.25 0.4230257 0.25 0.4230257 0.25 0.375 0.25 0.4072515 0.25 0.4072515 0.25 0.625 1 0.625 1 0.625 1 0.4072515 0.297154 0.4072515 0.4524678 0.4072514 0.2971 0.625 0 0.625 0.02724695 0.625 0.02724695 0.5927485 0.4542399 0.5927485 0.3010101 0.5927485 0.4537926 0.375 0.25 0.4072515 0.25 0.375 0.25 0.5927485 0.5 0.5798316 0.5 0.5798316 0.5 0.625 0.75 0.625 0.75 0.625 0.75 0.625 0.7227531 0.5927485 0.75 0.5927485 0.7227531 0.5927485 0.75 0.4222214 0.75 0.4222214 0.75 0.375 0.5 0.4072515 0.5 0.4072515 0.5 0.625 0.75 0.5927485 0.75 0.5927485 0.75 0.4072515 0.7227531 0.375 0.75 0.375 0.7227531 0.5927485 0.7227531 0.4222214 0.75 0.4222214 0.7227531 0.4072515 0.75 0.375 0.75 0.375 0.75 0.5927485 0.5 0.5798316 0.527247 0.5798316 0.5 0.4072515 0.5 0.375 0.527247 0.375 0.5 0.375 0.7116193 0.4072515 0.7227531 0.375 0.7227531 0.625 0.5 0.5927485 0.527247 0.5927485 0.5 0.625 0.7118319 0.5927485 0.7227531 0.5927485 0.7118319 0.4072515 0.5 0.5798316 0.5 0.5798316 0.5 0.5927485 0.5 0.625 0.5 0.625 0.5 0.375 0.75 0.4072515 0.75 0.4072515 0.75 0.625 0.5 0.625 0.527247 0.625 0.527247 0.4222214 0.7227531 0.4072515 0.7227531 0.4205977 0.7227531 0.8426342 0.7227531 0.8239899 0.7227531 0.8239899 0.7227531 0.625 0.5 0.5927485 0.5 0.5927485 0.5 0.375 0 0.375 0 0.375 0 0.875 0.527247 0.875 0.7118319 0.875 0.7118319 0.875 0.7227531 0.8426342 0.75 0.8426342 0.7227531 0.6573658 0.7227531 0.625 0.75 0.625 0.7227531 0.8426342 0.7227531 0.8239899 0.75 0.8239899 0.7227531 0.625 0.5 0.6573658 0.5 0.6573658 0.5 0.8426342 0.75 0.8239898 0.75 0.8239899 0.75 0.875 0.75 0.8426342 0.75 0.8426342 0.75 0.6573658 0.75 0.625 0.75 0.625 0.75 0.625 0.75 0.625 0.7227531 0.625 0.7227531 0.625 0.5 0.625 0.5 0.625 0.5 0.875 0.7227531 0.875 0.75 0.875 0.75 0.625 0.75 0.625 0.75 0.625 0.75 0.8426342 0.5 0.8239899 0.527247 0.8239899 0.5 0.6573658 0.5 0.625 0.527247 0.625 0.5 0.6573658 0.7118319 0.625 0.7227531 0.625 0.7118319 0.875 0.5 0.8426342 0.527247 0.8426342 0.5 0.875 0.7118319 0.8426342 0.7227531 0.8426342 0.7118319 0.875 0.75 0.875 0.75 0.875 0.75 0.875 0.5 0.875 0.527247 0.875 0.527247 0.8426342 0.5 0.875 0.5 0.875 0.5 0.6573658 0.5 0.6712074 0.5 0.6712074 0.5 0.875 0.5 0.875 0.5 0.875 0.5 0.625 0.527247 0.625 0.5 0.625 0.5 0.625 0.7227531 0.625 0.7118319 0.625 0.7118319 0.125 0.75 0.125 0.7227531 0.125 0.7227531 0.375 0.7227531 0.3426342 0.75 0.3426342 0.7227531 0.1573657 0.7227531 0.125 0.75 0.125 0.7227531 0.3426342 0.7227531 0.3274677 0.75 0.3274678 0.7227531 0.375 0.75 0.375 0.75 0.375 0.75 0.1573657 0.5 0.1721 0.5 0.1721 0.5 0.375 0.527247 0.375 0.5390657 0.375 0.5390657 0.125 0.5 0.125 0.5 0.125 0.5 0.3426342 0.5 0.375 0.5 0.375 0.5 0.125 0.75 0.125 0.75 0.125 0.75 0.1573657 0.75 0.125 0.75 0.125 0.75 0.3426342 0.75 0.3274677 0.75 0.3274677 0.75 0.375 0.75 0.3426342 0.75 0.3426342 0.75 0.125 0.7227531 0.125 0.7116193 0.125 0.7116193 0.375 0.7227531 0.375 0.75 0.375 0.75 0.375 0.5 0.375 0.527247 0.375 0.527247 0.3426342 0.5 0.3274678 0.527247 0.3274678 0.5 0.1573657 0.5 0.125 0.527247 0.125 0.5 0.1573657 0.7116193 0.125 0.7227531 0.125 0.7116193 0.375 0.5 0.3426342 0.527247 0.3426342 0.5 0.375 0.7116193 0.3426342 0.7227531 0.3426342 0.7116193 0.125 0.527247 0.125 0.5 0.125 0.5 0.125 0.5 0.1573657 0.5 0.1573657 0.5 0.375 0.5 0.375 0.5 0.375 0.5 0.5927485 0.9478145 0.4232829 0.7823658 0.5927485 0.7823658 0.4072515 0.7989779 0.5730372 0.9676342 0.4072515 0.9676342 0.4224147 0.222753 0.5927485 0.03852808 0.5927485 0.222753 0.5806232 0.02724695 0.4072515 0.2115144 0.4072515 0.2115144 0.5927485 0.4542399 0.420907 0.2823658 0.5927485 0.2823658 0.4072515 0.297154 0.5798326 0.4676342 0.4072515 0.4676342 0.5927485 0.5410208 0.4205977 0.7227531 0.5789373 0.527247 0.4072515 0.7110621 0.5789373 0.527247 0.4072515 0.7110621 0.4205977 0.7227531 0.5927485 0.5410208 0.5927485 0.7227531 0.5927485 0.527247 0.5789373 0.527247 0.5789373 0.527247 0.5927485 0.5410208 0.4205977 0.7227531 0.5927485 0.5410208 0.4072515 0.297154 0.5927485 0.4542399 0.5798326 0.4676342 0.5927485 0.4542399 0.420907 0.2823658 0.420907 0.2823658 0.4072515 0.297154 0.5798326 0.4676342 0.5798326 0.4676342 0.5927485 0.03852808 0.4224147 0.222753 0.5806232 0.02724695 0.5927485 0.02724695 0.5806232 0.02724695 0.5806232 0.02724695 0.5927485 0.03852808 0.4224147 0.222753 0.5927485 0.03852808 0.4072515 0.7989779 0.5927485 0.9478145 0.5730372 0.9676342 0.4072515 0.7989779 0.5730372 0.9676342 0.5730372 0.9676342 0.5927485 0.9478145 0.4232829 0.7823658 0.4232829 0.7823658 0.5732482 0 0.4072515 0.02724695 0.4072515 0 0.5732482 0 0.5927485 0 0.5927485 0 0.5732482 1 0.4072515 1 0.4072515 1 0.5732482 0.9676342 0.4072515 1 0.4072515 0.9676342 0.8239899 0.5 0.8426342 0.5 0.8426342 0.5 0.8239899 0.5 0.6712074 0.527247 0.6712074 0.5 0.8239899 0.75 0.6712074 0.75 0.6712074 0.75 0.8239899 0.7227531 0.6712074 0.75 0.6712074 0.7227531 0.8239899 0.7227531 0.6712074 0.7227531 0.6712074 0.7227531 0.625 0.2823658 0.5927485 0.3010101 0.5927485 0.2823658 0.8239899 0.7118319 0.6712074 0.7227531 0.6712074 0.7118319 0.625 0.3010101 0.625 0.4537925 0.625 0.4537925 0.625 0.7962074 0.5927485 0.9489899 0.5927485 0.7962074 0.625 0.9489899 0.625 0.9676342 0.625 0.9676342 0.8239899 0.527247 0.8426342 0.527247 0.8426342 0.527247 0.8239899 0.527247 0.6712074 0.7118319 0.6712074 0.527247 0.625 0.7118319 0.625 0.527247 0.625 0.527247 0.875 0.527247 0.8426342 0.7118319 0.8426342 0.527247 0.6573658 0.527247 0.625 0.7118319 0.625 0.527247 0.875 0.7118319 0.875 0.7227531 0.875 0.7227531 0.625 0.527247 0.5927485 0.7118319 0.5927485 0.527247 0.5927485 0.02724695 0.625 0.03816807 0.5927485 0.03816807 0.625 0.7118319 0.625 0.7227531 0.625 0.7227531 0.625 0.03816807 0.625 0.222753 0.625 0.222753 0.6573658 0.7118319 0.6573658 0.527247 0.6573658 0.527247 0.8426342 0.527247 0.8239899 0.7118319 0.8239899 0.527247 0.8426342 0.7118319 0.8426342 0.7227531 0.8426342 0.7227531 0.4222214 0.7227531 0.4072515 0.75 0.4072515 0.7227531 0.4222214 0.75 0.4072515 0.75 0.4072515 0.75 0.4222214 0.75 0.5927485 0.75 0.5927485 0.75 0.4222214 0.75 0.4072515 0.7823658 0.4072515 0.75 0.375 0.5390657 0.3426342 0.7116193 0.3426342 0.5390657 0.1573657 0.5390657 0.125 0.7116193 0.125 0.5390657 0.125 0.7116193 0.125 0.5390657 0.125 0.5390657 0.375 0.7116193 0.375 0.7227531 0.375 0.7227531 0.375 0.5390657 0.4072515 0.7116193 0.375 0.7116193 0.4072515 0.02724695 0.375 0.03838068 0.375 0.02724695 0.3426342 0.5390657 0.3274678 0.7116193 0.3274678 0.5390657 0.1573658 0.5390657 0.1573657 0.7116193 0.1573657 0.5390657 0.375 0.5390657 0.375 0.7116193 0.375 0.5390657 0.375 0.03838068 0.375 0.02724695 0.375 0.02724695 0.3426342 0.7116193 0.3426342 0.7227531 0.3426342 0.7227531 0.3274678 0.5390657 0.1721 0.7116193 0.1721 0.5390657 0.3274678 0.5 0.1721 0.527247 0.1721 0.5 0.3274677 0.75 0.1721 0.75 0.1721 0.75 0.3274678 0.5 0.3426342 0.5 0.3426342 0.5 0.3274678 0.7227531 0.1721 0.75 0.1721 0.7227531 0.4072514 0.2971 0.375 0.4524678 0.375 0.2971 0.3274677 0.7227531 0.1721 0.7227531 0.1721 0.7227531 0.3274678 0.7116193 0.1721 0.7227531 0.1721 0.7116193 0.4072515 0.7823658 0.375 0.7975322 0.375 0.7823658 0.375 0.4524678 0.375 0.2971 0.375 0.2971 0.3274678 0.527247 0.3426342 0.527247 0.3426342 0.527247 0.375 0.7975322 0.375 0.7823658 0.375 0.7823658 0.3274678 0.527247 0.1721 0.5390657 0.1721 0.527247 0.375 0.5390657 0.375 0.527247 0.375 0.527247 0.1573658 0.5390657 0.1573657 0.527247 0.1573657 0.527247 0.3426342 0.527247 0.3274678 0.5390657 0.3274678 0.527247 0.375 0.527247 0.4072514 0.5390657 0.375 0.5390657 0.125 0.5390657 0.125 0.527247 0.125 0.527247 0.1573657 0.527247 0.125 0.5390657 0.125 0.527247 0.375 0.527247 0.3426342 0.5390657 0.3426342 0.527247 0.375 0.5390657 0.375 0.7116193 0.375 0.7116193 0.4072515 0.03838068 0.375 0.2109342 0.375 0.03838068 0.375 0.2109342 0.375 0.03838068 0.375 0.03838068 0.3426342 0.5390657 0.3426342 0.7116193 0.3426342 0.7116193 0.4230257 0.25 0.5927485 0.25 0.5927485 0.25 0.4072515 0.25 0.4230257 0.2823658 0.4072515 0.2823658 0.4230257 0.222753 0.4072515 0.25 0.4072515 0.222753 0.4230257 0.25 0.4072515 0.25 0.4072515 0.25 0.1721 0.527247 0.1573658 0.5390657 0.1573657 0.527247 0.375 0.2971 0.375 0.2823658 0.375 0.2823658 0.1721 0.7116193 0.1573657 0.7227531 0.1573657 0.7116193 0.1721 0.7227531 0.1573657 0.7227531 0.1573657 0.7227531 0.4072515 0.2823658 0.375 0.2971 0.375 0.2823658 0.1721 0.7227531 0.1573657 0.75 0.1573657 0.7227531 0.1721 0.75 0.1573657 0.75 0.1573657 0.75 0.1721 0.5 0.1573657 0.527247 0.1573657 0.5 0.1721 0.5390657 0.1573657 0.7116193 0.1573658 0.5390657 0.1721 0.5 0.3274678 0.5 0.3274678 0.5 0.4072515 0.7975322 0.375 0.9528999 0.375 0.7975322 0.1721 0.527247 0.3274678 0.527247 0.3274678 0.527247 0.375 0.9528999 0.375 0.7975322 0.375 0.7975322 0.6712074 0.527247 0.6573658 0.7118319 0.6573658 0.527247 0.625 0.7823658 0.5927485 0.7962074 0.5927485 0.7823658 0.625 0.4537925 0.625 0.4676342 0.625 0.4676342 0.6712074 0.7118319 0.6573658 0.7227531 0.6573658 0.7118319 0.6712074 0.7227531 0.6573658 0.7227531 0.6573658 0.7227531 0.6712074 0.7227531 0.6573658 0.75 0.6573658 0.7227531 0.6712074 0.75 0.6573658 0.75 0.6573658 0.75 0.6712074 0.5 0.6573658 0.527247 0.6573658 0.5 0.6712074 0.5 0.8239899 0.5 0.8239899 0.5 0.5927485 0.3010101 0.625 0.4537925 0.5927485 0.4537926 0.625 0.7962074 0.625 0.9489899 0.625 0.9489899 0.6712074 0.527247 0.8239899 0.527247 0.8239899 0.527247 0.5798316 0.5 0.5927485 0.5 0.5927485 0.5 0.5798316 0.5 0.4072515 0.527247 0.4072515 0.5 0.5798316 0.5 0.4072515 0.5 0.4072515 0.5 0.4072515 0.4676342 0.5798316 0.5 0.4072515 0.5 0.375 0.9676342 0.375 0.9676342 0.375 0.9528999 0.5927485 0.25 0.5927485 0.25 0.4230257 0.25 0.5927485 0.527247 0.5927485 0.527247 0.5798316 0.527247 0.5927485 0.527247 0.5789373 0.527247 0.5798316 0.527247 0.5789373 0.527247 0.4072515 0.527247 0.4072515 0.527247 0.625 0.5 0.625 0.5 0.625 0.5 0.375 0.527247 0.375 0.527247 0.375 0.5 0.625 0.5 0.625 0.5 0.625 0.5 0.6573658 0.527247 0.6573658 0.527247 0.6712074 0.527247 0.625 0.222753 0.625 0.222753 0.625 0.25 0.375 0.5 0.375 0.5 0.375 0.5 0.1573657 0.527247 0.1573657 0.527247 0.1721 0.527247 0.4072515 0.5 0.4072515 0.5 0.375 0.5 0.5927485 0.9676342 0.5927485 0.9676342 0.5927485 0.9489899 0.5927485 0.9676342 0.5927485 0.9478145 0.5927485 0.9489899 0.5927485 0.9478145 0.5927485 0.7823658 0.5927485 0.7962074 0.5927485 0.7823658 0.5927485 0.7823658 0.5927485 0.7962074 0.4072515 0.4676342 0.4072515 0.4676342 0.5798316 0.4676342 0.4072515 0.4676342 0.5798326 0.4676342 0.5798316 0.4676342 0.5798326 0.4676342 0.5927485 0.4676342 0.5927485 0.4676342 0.375 1 0.375 1 0.375 0.9676342 0.3426342 0.527247 0.3426342 0.527247 0.3426342 0.5390657 0.420907 0.2823658 0.420907 0.2823658 0.4072515 0.2823658 0.5927485 0.25 0.625 0.25 0.625 0.25 0.625 0.75 0.625 0.75 0.625 0.75 0.375 0.4676342 0.375 0.4676342 0.375 0.4524678 0.625 0.7823658 0.625 0.7823658 0.625 0.7962074 0.625 0.4676342 0.625 0.4676342 0.625 0.5 0.4072515 0.7823658 0.4072515 0.7823658 0.4072515 0.7975322 0.4072515 0.7823658 0.4072515 0.7989779 0.4072515 0.7975322 0.4072515 0.7989779 0.4072515 0.9676342 0.4072514 0.9528999 0.4072515 0.9676342 0.4072515 0.9676342 0.4072514 0.9528999 0.625 0 0.625 0 0.625 0 0.625 0.75 0.625 0.75 0.625 0.7823658 0.8426342 0.527247 0.8426342 0.527247 0.8426342 0.7118319 0.375 0.7823658 0.375 0.7823658 0.375 0.75 0.375 0.222753 0.375 0.222753 0.375 0.2109342 0.4072515 0.222753 0.4072515 0.222753 0.4224147 0.222753 0.4224147 0.222753 0.5927485 0.222753 0.4230257 0.222753 0.5927485 0.222753 0.5927485 0.222753 0.4230257 0.222753 0.625 0.7227531 0.625 0.7227531 0.625 0.75 0.625 0.9676342 0.625 1 0.5927485 1 0.625 0.75 0.625 0.7823658 0.5927485 0.7823658 0.625 0.9489899 0.625 0.9676342 0.5927485 0.9676342 0.4072514 0.9528999 0.4072515 0.9676342 0.375 0.9676342 0.4072515 0.75 0.4072515 0.7823658 0.375 0.7823658 0.5927485 0.75 0.5927485 0.7823658 0.4222214 0.7823659 0.4072515 0.9676342 0.4072515 1 0.375 1 0.5927485 0.9676342 0.5927485 1 0.5732482 1 0.5927485 0.02724695 0.5927485 0.02724695 0.5806232 0.02724695 0.5806232 0.02724695 0.4072515 0.02724695 0.4072515 0.02724695 0.5732482 0.02724695 0.5927485 0.02724695 0.5806232 0.02724695 0.5927485 0.7823658 0.5927485 0.7823658 0.4232829 0.7823658 0.4232829 0.7823658 0.4072515 0.7823658 0.4222214 0.7823659 0.4072515 0.7823658 0.4072515 0.7823658 0.4222214 0.7823659 0.375 0.7227531 0.375 0.7227531 0.375 0.7116193 0.375 0.5 0.375 0.5 0.375 0.4676342 0.625 0.2823658 0.625 0.2823658 0.625 0.3010101 0.4072515 0.9676342 0.4072515 0.9676342 0.5730372 0.9676342 0.5730372 0.9676342 0.5927485 0.9676342 0.5732482 0.9676342 0.5927485 0.9676342 0.5927485 0.9676342 0.5732482 0.9676342 0.375 0.25 0.375 0.25 0.375 0.222753 0.375 0.75 0.375 0.75 0.375 0.7227531 0.5927485 1 0.5927485 1 0.5732482 1 0.1573657 0.7227531 0.1573657 0.7227531 0.1573657 0.7116193 0.5927485 0.222753 0.5927485 0.222753 0.5927485 0.03852808 0.5927485 0.03852808 0.5927485 0.02724695 0.5927485 0.03816807 0.5927485 0.02724695 0.5927485 0.02724695 0.5927485 0.03816807 0.5927485 0.7227531 0.5927485 0.7227531 0.5927485 0.7118319 0.5927485 0.7227531 0.5927485 0.5410208 0.5927485 0.7118319 0.5927485 0.5410208 0.5927485 0.527247 0.5927485 0.527247 0.375 0.25 0.375 0.25 0.375 0.25 0.375 0.75 0.375 0.75 0.375 0.75 0.375 0.75 0.375 0.75 0.375 0.75 0.3426342 0.7116193 0.3426342 0.7227531 0.3274677 0.7227531 0.375 0.25 0.375 0.25 0.375 0.25 0.375 0.5 0.375 0.5 0.375 0.5 0.625 0.25 0.625 0.25 0.625 0.25 0.8426342 0.7118319 0.8426342 0.7227531 0.8239899 0.7227531 0.6573658 0.7227531 0.6573658 0.7227531 0.6573658 0.7118319 0.625 0.02724695 0.625 0.02724695 0.625 0.03816807 0.625 0.527247 0.625 0.527247 0.625 0.7118319 0.625 0.25 0.625 0.25 0.625 0.2823658 0.375 1 0.375 1 0.375 1 0.375 0.02724695 0.375 0.02724695 0.375 0 0.4072515 0.75 0.4072515 0.75 0.4222214 0.75 0.5927485 0.75 0.5927485 0.75 0.625 0.75 0.4072515 1 0.4072515 1 0.375 1 0.375 0.2823658 0.375 0.2823658 0.375 0.25 0.625 0.222753 0.625 0.25 0.5927485 0.25 0.4072515 0 0.375 0 0.375 0 0.4072515 0.222753 0.4072515 0.25 0.375 0.25 0.5927485 0.222753 0.5927485 0.25 0.4230257 0.25 0.4072515 0 0.4072515 0 0.5732482 0 0.5927485 0 0.5927485 0 0.625 0 0.5927485 0 0.5927485 0.02724695 0.5732482 0.02724695 0.4072515 0 0.4072515 0.02724695 0.375 0.02724695 0.4072515 0.2109342 0.4072515 0.222753 0.375 0.222753 0.625 0 0.625 0.02724695 0.5927485 0.02724695 0.5927485 0.03816807 0.625 0.03816807 0.625 0.222753 0.5927485 0.2823658 0.5927485 0.2823658 0.4230257 0.2823658 0.5927485 0.2823658 0.420907 0.2823658 0.4230257 0.2823658 0.625 1 0.625 1 0.5927485 1 0.625 0.9676342 0.625 0.9676342 0.625 1 0.3426342 0.7227531 0.3426342 0.7227531 0.3274678 0.7227531 0.4072515 0.02724695 0.4072515 0.02724695 0.4072515 0.03838068 0.4072515 0.02724695 0.4072515 0.2115144 0.4072515 0.03838068 0.4072515 0.2115144 0.4072515 0.222753 0.4072515 0.222753 0.4072515 0.2115144 0.4072515 0.222753 0.4072515 0.2109342 0.625 0.25 0.625 0.25 0.625 0.25 0.4072515 0.527247 0.4072515 0.527247 0.4072514 0.5390657 0.4072515 0.527247 0.4072515 0.7110621 0.4072514 0.5390657 0.4072515 0.7110621 0.4072515 0.7227531 0.4072515 0.7116193 0.4072515 0.7227531 0.4072515 0.7227531 0.4072515 0.7116193 0.625 0.4676342 0.625 0.5 0.5927485 0.5 0.625 0.25 0.625 0.2823658 0.5927485 0.2823658 0.5927485 0.4537926 0.625 0.4537925 0.625 0.4676342 0.4072515 0.4524678 0.4072515 0.4676342 0.375 0.4676342 0.4072515 0.25 0.4072515 0.2823658 0.375 0.2823658 0.4230257 0.25 0.5927485 0.25 0.5927485 0.2823658 0.4072515 0.4676342 0.4072515 0.5 0.375 0.5 0.5798316 0.4676342 0.5927485 0.4676342 0.5927485 0.5 0.5927485 0.25 0.5927485 0.25 0.625 0.25 0.4072515 0.25 0.4072515 0.25 0.4230257 0.25 0.375 0.25 0.375 0.25 0.4072515 0.25 0.625 1 0.625 1 0.625 1 0.4072515 0.2823658 0.4072515 0.2823658 0.4072514 0.2971 0.4072515 0.2823658 0.4072515 0.297154 0.4072514 0.2971 0.4072515 0.297154 0.4072515 0.4676342 0.4072515 0.4524678 0.4072515 0.4676342 0.4072515 0.4676342 0.4072515 0.4524678 0.625 0 0.625 0 0.625 0.02724695 0.5927485 0.4676342 0.5927485 0.4676342 0.5927485 0.4542399 0.5927485 0.4542399 0.5927485 0.2823658 0.5927485 0.3010101 0.5927485 0.2823658 0.5927485 0.2823658 0.5927485 0.3010101 0.5927485 0.4537926 0.5927485 0.4676342 0.5927485 0.4542399 0.375 0.25 0.4072515 0.25 0.4072515 0.25 0.5927485 0.5 0.5927485 0.5 0.5798316 0.5 0.625 0.75 0.625 0.75 0.625 0.75 0.625 0.7227531 0.625 0.75 0.5927485 0.75 0.5927485 0.75 0.5927485 0.75 0.4222214 0.75 0.375 0.5 0.375 0.5 0.4072515 0.5 0.625 0.75 0.625 0.75 0.5927485 0.75 0.4072515 0.7227531 0.4072515 0.75 0.375 0.75 0.5927485 0.7227531 0.5927485 0.75 0.4222214 0.75 0.4072515 0.75 0.4072515 0.75 0.375 0.75 0.5927485 0.5 0.5927485 0.527247 0.5798316 0.527247 0.4072515 0.5 0.4072515 0.527247 0.375 0.527247 0.375 0.7116193 0.4072515 0.7116193 0.4072515 0.7227531 0.625 0.5 0.625 0.527247 0.5927485 0.527247 0.625 0.7118319 0.625 0.7227531 0.5927485 0.7227531 0.4072515 0.5 0.4072515 0.5 0.5798316 0.5 0.5927485 0.5 0.5927485 0.5 0.625 0.5 0.375 0.75 0.375 0.75 0.4072515 0.75 0.625 0.5 0.625 0.5 0.625 0.527247 0.4072515 0.7227531 0.4072515 0.7227531 0.4205977 0.7227531 0.4205977 0.7227531 0.5927485 0.7227531 0.4222214 0.7227531 0.5927485 0.7227531 0.5927485 0.7227531 0.4222214 0.7227531 0.8426342 0.7227531 0.8426342 0.7227531 0.8239899 0.7227531 0.625 0.5 0.625 0.5 0.5927485 0.5 0.375 0 0.375 0 0.375 0 0.875 0.527247 0.875 0.527247 0.875 0.7118319 0.875 0.7227531 0.875 0.75 0.8426342 0.75 0.6573658 0.7227531 0.6573658 0.75 0.625 0.75 0.8426342 0.7227531 0.8426342 0.75 0.8239899 0.75 0.625 0.5 0.625 0.5 0.6573658 0.5 0.8426342 0.75 0.8426342 0.75 0.8239898 0.75 0.875 0.75 0.875 0.75 0.8426342 0.75 0.6573658 0.75 0.6573658 0.75 0.625 0.75 0.625 0.75 0.625 0.75 0.625 0.7227531 0.625 0.5 0.625 0.5 0.625 0.5 0.875 0.7227531 0.875 0.7227531 0.875 0.75 0.625 0.75 0.625 0.75 0.625 0.75 0.8426342 0.5 0.8426342 0.527247 0.8239899 0.527247 0.6573658 0.5 0.6573658 0.527247 0.625 0.527247 0.6573658 0.7118319 0.6573658 0.7227531 0.625 0.7227531 0.875 0.5 0.875 0.527247 0.8426342 0.527247 0.875 0.7118319 0.875 0.7227531 0.8426342 0.7227531 0.875 0.75 0.875 0.75 0.875 0.75 0.875 0.5 0.875 0.5 0.875 0.527247 0.8426342 0.5 0.8426342 0.5 0.875 0.5 0.6573658 0.5 0.6573658 0.5 0.6712074 0.5 0.875 0.5 0.875 0.5 0.875 0.5 0.625 0.527247 0.625 0.527247 0.625 0.5 0.625 0.7227531 0.625 0.7227531 0.625 0.7118319 0.125 0.75 0.125 0.75 0.125 0.7227531 0.375 0.7227531 0.375 0.75 0.3426342 0.75 0.1573657 0.7227531 0.1573657 0.75 0.125 0.75 0.3426342 0.7227531 0.3426342 0.75 0.3274677 0.75 0.375 0.75 0.375 0.75 0.375 0.75 0.1573657 0.5 0.1573657 0.5 0.1721 0.5 0.375 0.527247 0.375 0.527247 0.375 0.5390657 0.125 0.5 0.125 0.5 0.125 0.5 0.3426342 0.5 0.3426342 0.5 0.375 0.5 0.125 0.75 0.125 0.75 0.125 0.75 0.1573657 0.75 0.1573657 0.75 0.125 0.75 0.3426342 0.75 0.3426342 0.75 0.3274677 0.75 0.375 0.75 0.375 0.75 0.3426342 0.75 0.125 0.7227531 0.125 0.7227531 0.125 0.7116193 0.375 0.7227531 0.375 0.7227531 0.375 0.75 0.375 0.5 0.375 0.5 0.375 0.527247 0.3426342 0.5 0.3426342 0.527247 0.3274678 0.527247 0.1573657 0.5 0.1573657 0.527247 0.125 0.527247 0.1573657 0.7116193 0.1573657 0.7227531 0.125 0.7227531 0.375 0.5 0.375 0.527247 0.3426342 0.527247 0.375 0.7116193 0.375 0.7227531 0.3426342 0.7227531 0.125 0.527247 0.125 0.527247 0.125 0.5 0.125 0.5 0.125 0.5 0.1573657 0.5 0.375 0.5 0.375 0.5 0.375 0.5 0.5806232 0.02724695 0.5806232 0.02724695 0.4072515 0.2115144 0.4072515 0.7227531 0.4072515 0.7110621 0.4205977 0.7227531 0.4072515 0.7110621 0.5789373 0.527247 0.4205977 0.7227531 0.5789373 0.527247 0.5927485 0.527247 0.5927485 0.5410208 0.4072515 0.7110621 0.5789373 0.527247 0.5789373 0.527247 0.5927485 0.527247 0.5927485 0.527247 0.5789373 0.527247 0.5927485 0.5410208 0.4205977 0.7227531 0.4205977 0.7227531 0.5927485 0.5410208 0.5927485 0.5410208 0.5927485 0.527247 0.4072515 0.297154 0.4072515 0.2823658 0.420907 0.2823658 0.420907 0.2823658 0.5927485 0.4542399 0.4072515 0.297154 0.5927485 0.4542399 0.5927485 0.4676342 0.5798326 0.4676342 0.5927485 0.4542399 0.5927485 0.4542399 0.420907 0.2823658 0.4072515 0.297154 0.4072515 0.297154 0.5798326 0.4676342 0.4072515 0.222753 0.4072515 0.2115144 0.4224147 0.222753 0.4072515 0.2115144 0.5806232 0.02724695 0.4224147 0.222753 0.5806232 0.02724695 0.5927485 0.02724695 0.5927485 0.03852808 0.5927485 0.02724695 0.5927485 0.02724695 0.5806232 0.02724695 0.5927485 0.03852808 0.4224147 0.222753 0.4224147 0.222753 0.4072515 0.7989779 0.4072515 0.7823658 0.4232829 0.7823658 0.4232829 0.7823658 0.5927485 0.9478145 0.4072515 0.7989779 0.5927485 0.9478145 0.5927485 0.9676342 0.5730372 0.9676342 0.4072515 0.7989779 0.4072515 0.7989779 0.5730372 0.9676342 0.5927485 0.9478145 0.5927485 0.9478145 0.4232829 0.7823658 0.5732482 0 0.5732482 0.02724695 0.4072515 0.02724695 0.5732482 0 0.5732482 0 0.5927485 0 0.5732482 1 0.5732482 1 0.4072515 1 0.5732482 0.9676342 0.5732482 1 0.4072515 1 0.8239899 0.5 0.8239899 0.5 0.8426342 0.5 0.8239899 0.5 0.8239899 0.527247 0.6712074 0.527247 0.8239899 0.75 0.8239898 0.75 0.6712074 0.75 0.8239899 0.7227531 0.8239899 0.75 0.6712074 0.75 0.8239899 0.7227531 0.8239899 0.7227531 0.6712074 0.7227531 0.625 0.2823658 0.625 0.3010101 0.5927485 0.3010101 0.8239899 0.7118319 0.8239899 0.7227531 0.6712074 0.7227531 0.625 0.3010101 0.625 0.3010101 0.625 0.4537925 0.625 0.7962074 0.625 0.9489899 0.5927485 0.9489899 0.625 0.9489899 0.625 0.9489899 0.625 0.9676342 0.8239899 0.527247 0.8239899 0.527247 0.8426342 0.527247 0.8239899 0.527247 0.8239899 0.7118319 0.6712074 0.7118319 0.625 0.7118319 0.625 0.7118319 0.625 0.527247 0.875 0.527247 0.875 0.7118319 0.8426342 0.7118319 0.6573658 0.527247 0.6573658 0.7118319 0.625 0.7118319 0.875 0.7118319 0.875 0.7118319 0.875 0.7227531 0.625 0.527247 0.625 0.7118319 0.5927485 0.7118319 0.5927485 0.02724695 0.625 0.02724695 0.625 0.03816807 0.625 0.7118319 0.625 0.7118319 0.625 0.7227531 0.625 0.03816807 0.625 0.03816807 0.625 0.222753 0.6573658 0.7118319 0.6573658 0.7118319 0.6573658 0.527247 0.8426342 0.527247 0.8426342 0.7118319 0.8239899 0.7118319 0.8426342 0.7118319 0.8426342 0.7118319 0.8426342 0.7227531 0.4222214 0.7227531 0.4222214 0.75 0.4072515 0.75 0.4222214 0.75 0.4222214 0.75 0.4072515 0.75 0.4222214 0.75 0.4222214 0.75 0.5927485 0.75 0.4222214 0.75 0.4222214 0.7823659 0.4072515 0.7823658 0.375 0.5390657 0.375 0.7116193 0.3426342 0.7116193 0.1573657 0.5390657 0.1573657 0.7116193 0.125 0.7116193 0.125 0.7116193 0.125 0.7116193 0.125 0.5390657 0.375 0.7116193 0.375 0.7116193 0.375 0.7227531 0.375 0.5390657 0.4072514 0.5390657 0.4072515 0.7116193 0.4072515 0.02724695 0.4072515 0.03838068 0.375 0.03838068 0.3426342 0.5390657 0.3426342 0.7116193 0.3274678 0.7116193 0.1573658 0.5390657 0.1573657 0.7116193 0.1573657 0.7116193 0.375 0.5390657 0.375 0.7116193 0.375 0.7116193 0.375 0.03838068 0.375 0.03838068 0.375 0.02724695 0.3426342 0.7116193 0.3426342 0.7116193 0.3426342 0.7227531 0.3274678 0.5390657 0.3274678 0.7116193 0.1721 0.7116193 0.3274678 0.5 0.3274678 0.527247 0.1721 0.527247 0.3274677 0.75 0.3274677 0.75 0.1721 0.75 0.3274678 0.5 0.3274678 0.5 0.3426342 0.5 0.3274678 0.7227531 0.3274677 0.75 0.1721 0.75 0.4072514 0.2971 0.4072515 0.4524678 0.375 0.4524678 0.3274677 0.7227531 0.3274678 0.7227531 0.1721 0.7227531 0.3274678 0.7116193 0.3274677 0.7227531 0.1721 0.7227531 0.4072515 0.7823658 0.4072515 0.7975322 0.375 0.7975322 0.375 0.4524678 0.375 0.4524678 0.375 0.2971 0.3274678 0.527247 0.3274678 0.527247 0.3426342 0.527247 0.375 0.7975322 0.375 0.7975322 0.375 0.7823658 0.3274678 0.527247 0.3274678 0.5390657 0.1721 0.5390657 0.375 0.5390657 0.375 0.5390657 0.375 0.527247 0.1573658 0.5390657 0.1573657 0.5390657 0.1573657 0.527247 0.3426342 0.527247 0.3426342 0.5390657 0.3274678 0.5390657 0.375 0.527247 0.4072515 0.527247 0.4072514 0.5390657 0.125 0.5390657 0.125 0.5390657 0.125 0.527247 0.1573657 0.527247 0.1573657 0.5390657 0.125 0.5390657 0.375 0.527247 0.375 0.5390657 0.3426342 0.5390657 0.375 0.5390657 0.375 0.5390657 0.375 0.7116193 0.4072515 0.03838068 0.4072515 0.2109342 0.375 0.2109342 0.375 0.2109342 0.375 0.2109342 0.375 0.03838068 0.3426342 0.5390657 0.3426342 0.5390657 0.3426342 0.7116193 0.4230257 0.25 0.4230257 0.25 0.5927485 0.25 0.4072515 0.25 0.4230257 0.25 0.4230257 0.2823658 0.4230257 0.222753 0.4230257 0.25 0.4072515 0.25 0.4230257 0.25 0.4230257 0.25 0.4072515 0.25 0.1721 0.527247 0.1721 0.5390657 0.1573658 0.5390657 0.375 0.2971 0.375 0.2971 0.375 0.2823658 0.1721 0.7116193 0.1721 0.7227531 0.1573657 0.7227531 0.1721 0.7227531 0.1721 0.7227531 0.1573657 0.7227531 0.4072515 0.2823658 0.4072514 0.2971 0.375 0.2971 0.1721 0.7227531 0.1721 0.75 0.1573657 0.75 0.1721 0.75 0.1721 0.75 0.1573657 0.75 0.1721 0.5 0.1721 0.527247 0.1573657 0.527247 0.1721 0.5390657 0.1721 0.7116193 0.1573657 0.7116193 0.1721 0.5 0.1721 0.5 0.3274678 0.5 0.4072515 0.7975322 0.4072514 0.9528999 0.375 0.9528999 0.1721 0.527247 0.1721 0.527247 0.3274678 0.527247 0.375 0.9528999 0.375 0.9528999 0.375 0.7975322 0.6712074 0.527247 0.6712074 0.7118319 0.6573658 0.7118319 0.625 0.7823658 0.625 0.7962074 0.5927485 0.7962074 0.625 0.4537925 0.625 0.4537925 0.625 0.4676342 0.6712074 0.7118319 0.6712074 0.7227531 0.6573658 0.7227531 0.6712074 0.7227531 0.6712074 0.7227531 0.6573658 0.7227531 0.6712074 0.7227531 0.6712074 0.75 0.6573658 0.75 0.6712074 0.75 0.6712074 0.75 0.6573658 0.75 0.6712074 0.5 0.6712074 0.527247 0.6573658 0.527247 0.6712074 0.5 0.6712074 0.5 0.8239899 0.5 0.5927485 0.3010101 0.625 0.3010101 0.625 0.4537925 0.625 0.7962074 0.625 0.7962074 0.625 0.9489899 0.6712074 0.527247 0.6712074 0.527247 0.8239899 0.527247 0.5798316 0.5 0.5798316 0.5 0.5927485 0.5 0.5798316 0.5 0.5798316 0.527247 0.4072515 0.527247 0.5798316 0.5 0.5798316 0.5 0.4072515 0.5 0.4072515 0.4676342 0.5798316 0.4676342 0.5798316 0.5</float_array>
          <technique_common>
            <accessor source="#Cube_008-mesh-map-0-array" count="1863" stride="2">
              <param name="S" type="float"/>
              <param name="T" type="float"/>
            </accessor>
          </technique_common>
        </source>
        <vertices id="Cube_008-mesh-vertices">
          <input semantic="POSITION" source="#Cube_008-mesh-positions"/>
        </vertices>
        <triangles material="haus_holz_004-material" count="295">
          <input semantic="VERTEX" source="#Cube_008-mesh-vertices" offset="0"/>
          <input semantic="NORMAL" source="#Cube_008-mesh-normals" offset="1"/>
          <input semantic="TEXCOORD" source="#Cube_008-mesh-map-0" offset="2" set="0"/>
          <p>23 0 0 286 1 1 282 2 2 57 3 3 276 4 4 249 5 5 36 1 27 279 1 28 275 1 29 38 4 42 269 14 43 265 15 44 184 4 45 76 4 46 13 4 47 73 6 54 259 6 55 252 17 56 25 18 57 299 1 58 297 19 59 64 4 78 270 26 79 262 27 80 199 29 93 31 28 94 201 30 95 287 31 96 23 0 97 282 2 98 29 1 102 210 1 103 225 1 104 31 28 108 215 1 109 214 1 110 102 7 117 248 32 118 241 7 119 75 6 123 222 6 124 211 6 125 16 1 135 218 1 136 215 1 137 37 7 141 245 37 142 238 7 143 235 47 162 251 13 163 260 48 164 223 50 174 193 51 175 234 52 176 65 4 180 232 55 181 224 56 182 103 57 183 233 58 184 226 59 185 18 1 195 237 1 196 225 1 197 60 62 216 249 5 217 206 65 218 56 63 219 218 66 220 217 67 221 50 68 225 209 69 226 217 67 227 204 4 231 64 4 232 262 27 233 208 70 237 52 11 238 60 62 239 39 6 246 258 6 247 251 6 248 200 77 264 69 20 265 81 6 266 253 6 267 73 6 268 252 17 269 274 6 273 80 6 274 198 6 275 203 6 279 79 6 280 291 6 281 1 6 285 276 6 286 274 6 287 79 6 306 303 6 307 291 6 308 92 7 315 237 7 316 236 79 317 99 78 327 236 79 328 194 80 329 95 82 333 302 7 334 301 7 335 241 7 339 98 7 340 102 7 341 226 59 345 99 78 346 227 84 347 3 7 348 303 7 349 301 7 350 7 88 372 232 89 373 228 90 374 116 51 381 219 51 382 221 51 383 111 51 387 216 51 388 219 51 389 113 51 408 220 51 409 207 51 410 230 92 414 108 51 415 229 93 416 228 90 420 116 51 421 231 95 422 5 51 432 295 51 433 292 51 434 108 51 441 233 97 442 229 93 443 153 13 453 255 100 454 258 13 455 142 13 459 281 13 460 278 13 461 146 13 462 264 104 463 263 105 464 148 99 477 256 109 478 255 100 479 140 13 483 247 111 484 243 112 485 150 13 492 257 13 493 254 13 494 245 114 498 140 13 499 243 112 500 244 115 504 153 13 505 246 116 506 42 6 543 196 6 544 188 6 545 46 1 561 209 1 562 182 1 563 217 67 576 66 146 577 56 63 578 217 67 579 61 4 580 50 68 581 215 1 582 63 1 583 28 1 584 214 1 585 28 1 586 27 1 587 207 51 588 138 51 589 113 51 590 207 51 591 293 51 592 292 51 593 219 51 594 299 51 595 298 51 596 221 51 597 298 51 598 294 51 599 75 6 603 205 147 604 80 6 605 234 52 606 289 51 607 300 148 608 211 6 609 295 6 610 290 149 611 297 19 612 201 30 613 296 150 614 199 29 615 127 1 616 21 1 617 229 93 624 139 153 625 131 91 626 7 88 627 231 95 628 133 94 629 132 154 630 229 93 631 131 91 632 228 90 633 124 51 634 123 51 635 103 57 636 227 84 637 105 83 638 67 4 639 224 56 640 208 70 641 226 59 642 110 7 643 87 7 644 224 56 645 135 155 646 52 11 647 194 80 657 89 81 658 98 7 659 236 79 660 100 158 661 89 81 662 225 1 663 91 1 664 29 1 665 225 1 666 26 159 667 18 1 668 263 105 669 246 116 670 269 114 671 268 116 672 243 112 673 267 160 674 243 112 675 270 161 676 267 160 677 244 115 678 160 13 679 159 13 680 261 162 681 192 163 682 241 7 683 66 146 684 239 164 685 48 4 686 265 165 687 260 48 688 272 166 689 266 167 690 245 37 691 268 168 692 261 162 693 248 32 694 264 169 695 239 164 696 168 4 697 48 4 698 235 4 699 153 4 700 39 4 701 272 166 702 283 170 703 288 171 704 254 13 705 279 13 706 278 13 707 255 100 708 286 172 709 285 173 710 254 13 711 157 13 712 150 13 713 258 13 714 285 173 715 280 13 716 202 174 717 252 17 718 277 175 719 251 6 720 280 6 721 273 6 722 260 48 723 273 13 724 283 170 725 26 159 726 242 176 727 20 1 728 252 17 729 281 6 730 277 175 731 250 1 732 171 1 733 38 1 734 242 176 735 164 1 736 20 1 737 250 13 738 288 171 739 275 13 740 261 162 741 167 7 742 86 7 743 266 167 744 170 7 745 36 7 746 38 13 747 272 166 748 250 13 749 86 7 750 271 177 751 261 162 752 267 160 753 174 13 754 169 13 755 170 13 756 267 160 757 169 13 758 146 13 759 269 114 760 171 13 761 263 105 762 248 178 763 244 115 764 240 179 765 262 27 766 239 164 767 262 27 768 247 180 769 239 164 770 265 15 771 246 181 772 235 4 773 274 6 774 85 6 775 78 6 776 1 6 777 198 6 778 76 182 779 206 65 780 54 4 781 59 4 782 249 5 783 83 4 784 54 4 785 275 13 786 266 183 787 36 13 788 277 175 789 161 6 790 68 6 791 283 170 792 37 13 793 238 184 794 273 6 795 152 6 796 37 6 797 76 182 798 277 175 799 68 6 800 280 13 801 151 108 802 152 13 803 285 173 804 166 185 805 151 108 806 278 13 807 170 13 808 142 13 809 288 171 810 238 184 811 266 183 812 278 13 813 259 13 814 254 13 815 213 186 816 282 2 817 242 176 818 275 1 819 257 1 820 250 1 821 282 2 822 256 1 823 242 176 824 25 18 828 296 150 829 30 1 830 290 149 831 121 6 832 69 20 833 300 148 834 33 51 835 212 187 836 294 51 840 114 51 841 115 51 842 298 51 843 130 51 844 114 51 845 292 51 846 132 154 847 5 51 848 292 51 849 222 51 850 207 51 851 205 147 852 290 149 853 200 77 854 297 19 855 216 1 856 199 29 857 301 7 861 106 7 862 95 82 863 301 7 864 104 7 865 3 7 866 291 6 867 107 6 868 71 6 869 77 6 870 291 6 871 71 6 872 23 0 873 166 1 874 286 1 875 57 3 876 85 4 877 276 4 878 36 1 906 170 1 907 279 1 908 38 4 936 171 4 937 269 14 938 184 4 939 198 4 940 76 4 941 73 6 948 157 6 949 259 6 950 25 18 951 130 1 952 299 1 953 64 4 981 174 4 982 270 26 983 199 29 1002 21 1 1003 31 28 1004 287 31 1005 27 1 1006 23 0 1007 29 1 1011 30 1 1012 210 1 1013 31 28 1017 16 1 1018 215 1 1019 102 7 1038 160 7 1039 248 32 1040 75 6 1044 138 6 1045 222 6 1046 16 1 1062 61 1 1063 218 1 1064 37 7 1065 152 7 1066 245 37 1067 235 47 1095 39 13 1096 251 13 1097 223 50 1107 35 51 1108 193 51 1109 65 4 1113 124 4 1114 232 55 1115 103 57 1116 139 86 1117 233 58 1118 18 1 1128 100 1 1129 237 1 1130 60 62 1149 57 3 1150 249 5 1151 56 63 1152 63 64 1153 218 66 1154 50 68 1158 67 4 1159 209 69 1160 204 4 1164 59 4 1165 64 4 1166 208 70 1170 224 56 1171 52 11 1172 39 6 1185 153 6 1186 258 6 1187 200 77 1221 290 149 1222 69 20 1223 253 6 1224 77 6 1225 73 6 1226 274 6 1230 78 6 1231 80 6 1232 203 6 1236 81 6 1237 79 6 1238 1 6 1242 83 6 1243 276 6 1244 79 6 1281 106 6 1282 303 6 1283 92 7 1290 91 7 1291 237 7 1292 99 78 1302 92 7 1303 236 79 1304 95 82 1308 105 83 1309 302 7 1310 241 7 1314 192 163 1315 98 7 1316 226 59 1320 87 7 1321 99 78 1322 3 7 1323 107 7 1324 303 7 1325 7 88 1353 135 96 1354 232 89 1355 116 51 1362 111 51 1363 219 51 1364 111 51 1368 127 51 1369 216 51 1370 113 51 1389 133 94 1390 220 51 1391 230 92 1395 115 51 1396 108 51 1397 228 90 1401 123 51 1402 116 51 1403 5 51 1413 121 51 1414 295 51 1415 108 51 1422 110 51 1423 233 97 1424 153 13 1434 148 99 1435 255 100 1436 142 13 1440 161 13 1441 281 13 1442 146 13 1443 167 13 1444 264 104 1445 148 99 1458 164 110 1459 256 109 1460 140 13 1464 168 13 1465 247 111 1466 150 13 1473 171 13 1474 257 13 1475 245 114 1479 152 13 1480 140 13 1481 244 115 1485 159 13 1486 153 13 1487 42 6 1512 105 6 1513 196 6 1514 190 51 1518 197 51 1519 105 51 1520 46 1 1545 67 1 1546 209 1 1547 217 67 1566 209 69 1567 66 146 1568 217 67 1569 218 66 1570 61 4 1571 215 1 1572 218 1 1573 63 1 1574 214 1 1575 215 1 1576 28 1 1577 207 51 1578 222 51 1579 138 51 1580 207 51 1581 220 51 1582 293 51 1583 219 51 1584 216 51 1585 299 51 1586 221 51 1587 219 51 1588 298 51 1589 75 6 1593 211 6 1594 205 147 1595 234 52 1596 193 51 1597 289 51 1598 211 6 1599 222 6 1600 295 6 1601 297 19 1602 199 29 1603 201 30 1604 199 29 1605 216 1 1606 127 1 1607 229 93 1614 233 97 1615 139 153 1616 7 88 1617 228 90 1618 231 95 1619 132 154 1620 230 92 1621 229 93 1622 228 90 1623 232 89 1624 124 51 1625 103 57 1626 226 59 1627 227 84 1628 67 4 1629 65 4 1630 224 56 1631 226 59 1632 233 58 1633 110 7 1634 224 56 1635 232 55 1636 135 155 1637 194 80 1647 236 79 1648 89 81 1649 236 79 1650 237 7 1651 100 158 1652 225 1 1653 237 1 1654 91 1 1655 225 1 1656 210 1 1657 26 159 1658 263 105 1659 244 115 1660 246 116 1661 268 116 1662 245 114 1663 243 112 1664 243 112 1665 247 111 1666 270 161 1667 244 115 1668 248 178 1669 160 13 1670 261 162 1671 271 177 1672 192 163 1673 66 146 1674 240 179 1675 239 164 1676 265 165 1677 235 47 1678 260 48 1679 266 167 1680 238 7 1681 245 37 1682 261 162 1683 241 7 1684 248 32 1685 239 164 1686 247 180 1687 168 4 1688 235 4 1689 246 181 1690 153 4 1691 272 166 1692 260 48 1693 283 170 1694 254 13 1695 257 13 1696 279 13 1697 255 100 1698 256 109 1699 286 172 1700 254 13 1701 259 13 1702 157 13 1703 258 13 1704 255 100 1705 285 173 1706 202 174 1707 253 6 1708 252 17 1709 251 6 1710 258 6 1711 280 6 1712 260 48 1713 251 13 1714 273 13 1715 26 159 1716 213 186 1717 242 176 1718 252 17 1719 259 6 1720 281 6 1721 250 1 1722 257 1 1723 171 1 1724 242 176 1725 256 1 1726 164 1 1727 250 13 1728 272 166 1729 288 171 1730 261 162 1731 264 169 1732 167 7 1733 266 167 1734 268 168 1735 170 7 1736 38 13 1737 265 165 1738 272 166 1739 86 7 1740 104 7 1741 271 177 1742 267 160 1743 270 161 1744 174 13 1745 170 13 1746 268 116 1747 267 160 1748 146 13 1749 263 105 1750 269 114 1751 263 105 1752 264 104 1753 248 178 1754 240 179 1755 204 4 1756 262 27 1757 262 27 1758 270 26 1759 247 180 1760 265 15 1761 269 14 1762 246 181 1763 274 6 1764 276 6 1765 85 6 1766 1 6 1767 274 6 1768 198 6 1769 206 65 1770 249 5 1771 54 4 1772 249 5 1773 276 4 1774 83 4 1775 275 13 1776 288 171 1777 266 183 1778 277 175 1779 281 6 1780 161 6 1781 283 170 1782 273 13 1783 37 13 1784 273 6 1785 280 6 1786 152 6 1787 76 182 1788 202 174 1789 277 175 1790 280 13 1791 285 173 1792 151 108 1793 285 173 1794 286 172 1795 166 185 1796 278 13 1797 279 13 1798 170 13 1799 288 171 1800 283 170 1801 238 184 1802 278 13 1803 281 13 1804 259 13 1805 213 186 1806 287 31 1807 282 2 1808 275 1 1809 279 1 1810 257 1 1811 282 2 1812 286 1 1813 256 1 1814 25 18 1818 297 19 1819 296 150 1820 290 149 1821 295 6 1822 121 6 1823 300 148 1824 289 51 1825 33 51 1826 294 51 1830 298 51 1831 114 51 1832 298 51 1833 299 51 1834 130 51 1835 292 51 1836 293 51 1837 132 154 1838 292 51 1839 295 51 1840 222 51 1841 205 147 1842 211 6 1843 290 149 1844 297 19 1845 299 1 1846 216 1 1847 301 7 1851 303 7 1852 106 7 1853 301 7 1854 302 7 1855 104 7 1856 291 6 1857 303 6 1858 107 6 1859 77 6 1860 203 6 1861 291 6 1862</p>
        </triangles>
        <triangles material="kiste-material" count="120">
          <input semantic="VERTEX" source="#Cube_008-mesh-vertices" offset="0"/>
          <input semantic="NORMAL" source="#Cube_008-mesh-normals" offset="1"/>
          <input semantic="TEXCOORD" source="#Cube_008-mesh-map-0" offset="2" set="0"/>
          <p>188 1 6 104 1 7 302 1 8 32 1 18 293 1 19 284 1 20 177 13 33 296 13 34 201 13 35 187 4 36 81 4 37 203 4 38 178 21 63 287 22 64 213 23 65 34 24 72 231 25 73 223 7 74 206 1 81 59 1 82 181 1 83 182 6 111 66 6 112 209 6 113 210 4 114 30 4 115 176 4 116 214 33 126 27 34 127 179 35 128 208 38 144 60 39 145 180 40 146 190 41 147 105 42 148 227 43 149 33 4 177 230 53 178 212 54 179 183 71 249 204 72 250 240 73 251 189 74 255 192 75 256 271 76 257 186 51 294 253 51 295 202 51 296 185 13 300 205 13 301 200 13 302 194 6 360 98 6 361 191 6 362 35 6 363 221 6 364 193 6 365 182 118 525 204 119 526 183 120 527 197 7 534 194 7 535 196 7 536 189 121 537 196 122 538 192 123 539 190 125 546 194 126 547 197 127 548 202 6 549 200 6 550 203 6 551 185 128 552 198 129 553 184 130 554 186 131 555 203 132 556 187 133 557 208 134 558 206 135 559 209 136 560 180 137 564 206 138 565 208 139 566 213 1 567 201 1 568 214 1 569 178 140 570 214 141 571 179 142 572 177 143 573 210 144 574 176 145 575 193 6 600 294 6 601 289 6 602 195 1 618 133 1 619 34 1 620 212 54 648 132 156 649 32 4 650 223 7 654 116 7 655 35 7 656 289 6 837 115 6 838 33 6 839 284 1 858 220 1 859 195 1 860 105 1 879 42 1 880 302 1 881 42 1 882 188 1 883 302 1 884 188 1 885 40 1 886 104 1 887 32 1 897 132 1 898 293 1 899 31 13 912 10 13 913 201 13 914 10 13 915 177 13 916 201 13 917 177 13 918 8 13 919 296 13 920 8 13 921 30 13 922 296 13 923 77 4 924 15 189 925 203 190 926 15 189 927 187 191 928 203 190 929 187 4 930 14 4 931 81 4 932 26 192 957 9 193 958 213 194 959 9 193 960 178 195 961 213 194 962 178 21 963 11 196 964 287 22 965 11 196 966 27 197 967 287 22 968 34 24 975 133 198 976 231 25 977 59 1 984 45 1 985 181 1 986 181 1 987 47 1 988 206 1 989 47 1 990 60 1 991 206 1 992 67 6 1020 46 6 1021 182 6 1022 182 6 1023 44 6 1024 66 6 1025 209 6 1026 67 6 1027 182 6 1028 30 4 1029 8 4 1030 176 4 1031 176 199 1032 9 200 1033 210 201 1034 9 200 1035 26 202 1036 210 201 1037 27 34 1047 11 203 1048 179 35 1049 179 7 1050 10 7 1051 214 7 1052 10 7 1053 31 7 1054 214 7 1055 60 39 1068 47 204 1069 180 40 1070 180 13 1071 46 13 1072 208 13 1073 46 13 1074 67 13 1075 208 13 1076 99 13 1077 43 205 1078 227 43 1079 43 205 1080 190 41 1081 227 43 1082 190 13 1083 42 13 1084 105 13 1085 33 4 1110 115 4 1111 230 53 1112 80 7 1173 12 206 1174 198 207 1175 12 206 1176 184 208 1177 198 207 1178 66 51 1188 44 209 1189 240 73 1190 44 209 1191 183 71 1192 240 73 1193 183 51 1194 45 51 1195 59 51 1196 183 51 1197 59 51 1198 204 51 1199 104 51 1203 40 210 1204 271 76 1205 40 210 1206 189 74 1207 271 76 1208 189 51 1209 41 51 1210 192 51 1211 41 51 1212 98 51 1213 192 51 1214 76 51 1251 13 51 1252 202 51 1253 13 51 1254 186 51 1255 202 51 1256 186 51 1257 15 51 1258 253 51 1259 15 51 1260 77 51 1261 253 51 1262 81 13 1266 14 13 1267 185 13 1268 185 13 1269 12 13 1270 205 13 1271 12 13 1272 80 13 1273 205 13 1274 200 13 1275 81 13 1276 185 13 1277 98 6 1335 41 6 1336 191 6 1337 191 6 1338 43 6 1339 194 6 1340 43 6 1341 99 6 1342 194 6 1343 35 6 1344 116 6 1345 221 6 1346 182 118 1497 209 212 1498 204 119 1499 98 7 1500 192 7 1501 194 7 1502 192 7 1503 196 7 1504 194 7 1505 196 7 1506 105 7 1507 197 7 1508 189 121 1509 188 213 1510 196 122 1511 190 125 1515 191 214 1516 194 126 1517 202 6 1521 76 6 1522 198 6 1523 198 6 1524 200 6 1525 202 6 1526 200 6 1527 81 6 1528 203 6 1529 185 128 1530 200 215 1531 198 129 1532 186 131 1533 202 216 1534 203 132 1535 59 4 1536 204 217 1537 206 135 1538 204 217 1539 209 136 1540 206 135 1541 209 136 1542 67 4 1543 208 134 1544 180 137 1548 181 218 1549 206 138 1550 213 1 1551 26 1 1552 210 1 1553 210 1 1554 201 1 1555 213 1 1556 201 1 1557 31 1 1558 214 1 1559 178 140 1560 213 219 1561 214 141 1562 177 143 1563 201 220 1564 210 144 1565 193 6 1590 221 6 1591 294 6 1592 195 1 1608 220 1 1609 133 1 1610 212 54 1638 230 53 1639 132 156 1640 223 7 1644 231 25 1645 116 7 1646 289 6 1827 294 6 1828 115 6 1829 284 1 1848 293 1 1849 220 1 1850</p>
        </triangles>
        <triangles material="baumstamm-material" count="14">
          <input semantic="VERTEX" source="#Cube_008-mesh-vertices" offset="0"/>
          <input semantic="NORMAL" source="#Cube_008-mesh-normals" offset="1"/>
          <input semantic="TEXCOORD" source="#Cube_008-mesh-map-0" offset="2" set="0"/>
          <p>44 4 138 182 4 139 183 4 140 40 44 150 188 44 151 189 44 152 177 1 516 176 1 517 8 1 518 178 1 519 179 1 520 11 1 521 181 117 522 180 117 523 47 117 524 185 6 528 184 6 529 12 6 530 186 6 531 187 6 532 15 6 533 191 124 540 190 124 541 43 124 542 195 151 621 300 148 622 284 152 623 34 157 651 234 52 652 195 151 653 284 152 825 212 187 826 32 188 827 195 151 1611 234 52 1612 300 148 1613 34 157 1641 223 50 1642 234 52 1643 284 152 1815 300 148 1816 212 187 1817</p>
        </triangles>
        <triangles material="metal-material" count="192">
          <input semantic="VERTEX" source="#Cube_008-mesh-vertices" offset="0"/>
          <input semantic="NORMAL" source="#Cube_008-mesh-normals" offset="1"/>
          <input semantic="TEXCOORD" source="#Cube_008-mesh-map-0" offset="2" set="0"/>
          <p>70 6 9 117 6 10 94 6 11 86 7 12 172 8 13 2 9 14 93 10 15 117 7 16 125 7 17 52 11 21 119 4 22 53 12 23 96 6 24 156 6 25 72 6 26 71 6 30 96 6 31 72 6 32 22 1 39 166 1 40 23 0 41 57 3 48 84 16 49 85 4 50 88 7 51 134 7 52 97 7 53 69 20 60 118 6 61 70 6 62 58 4 66 122 4 67 51 4 68 24 1 69 130 1 70 25 18 71 20 1 75 145 1 76 19 1 77 87 7 84 126 7 85 88 7 86 21 1 87 16 1 88 31 28 89 24 1 90 30 1 91 29 1 92 18 1 99 20 1 100 19 1 101 27 1 105 22 1 106 23 0 107 72 6 120 157 6 121 73 6 122 55 4 129 174 4 130 64 4 131 90 36 132 160 7 133 102 7 134 82 4 153 154 4 154 55 4 155 19 1 156 144 1 157 101 1 158 90 36 159 144 45 160 158 46 161 0 6 165 155 6 166 82 6 167 96 49 168 172 8 169 175 7 170 84 6 171 137 6 172 74 6 173 74 6 186 138 6 187 75 6 188 62 1 189 165 1 190 22 1 191 48 4 192 163 60 193 49 61 194 29 1 198 97 1 199 24 1 200 28 1 201 62 1 202 22 1 203 68 6 204 162 6 205 0 6 206 52 11 207 57 3 208 60 62 209 56 63 210 62 4 211 63 64 212 59 4 213 55 4 214 64 4 215 50 68 222 58 4 223 51 4 224 56 63 228 48 4 229 49 61 230 51 4 234 67 4 235 50 68 236 17 1 240 61 1 241 16 1 242 21 1 243 128 1 244 17 1 245 53 12 252 120 4 253 84 16 254 69 20 258 79 6 259 81 6 260 74 6 261 80 6 262 78 6 263 1 6 270 68 6 271 0 6 272 77 6 276 72 6 277 73 6 278 78 6 282 84 6 283 74 6 284 0 6 288 83 6 289 1 6 290 17 1 291 136 1 292 58 1 293 51 4 297 124 4 298 65 4 299 55 4 303 83 4 304 82 4 305 97 1 309 129 1 310 24 1 311 87 7 312 92 7 313 99 78 314 2 9 318 107 7 319 3 7 320 88 7 321 91 7 322 92 7 323 98 7 324 90 36 325 102 7 326 89 81 330 101 7 331 90 36 332 3 7 336 86 7 337 2 9 338 93 10 342 105 83 343 95 82 344 95 82 351 94 85 352 93 10 353 19 1 354 100 1 355 18 1 356 93 10 357 139 86 358 103 57 359 70 6 366 106 6 367 79 6 368 49 61 369 173 87 370 62 4 371 123 51 375 111 51 376 116 51 377 115 51 378 109 51 379 108 51 380 4 51 384 121 51 385 5 51 386 112 51 390 127 51 391 111 51 392 114 51 393 129 51 394 109 51 395 109 51 396 110 51 397 108 51 398 4 51 399 117 51 400 118 51 401 123 51 402 122 51 403 112 51 404 129 51 405 126 51 406 109 51 407 5 51 411 131 91 412 4 51 413 6 51 417 133 94 418 113 51 419 112 51 423 136 51 424 128 51 425 6 51 426 135 96 427 7 88 428 113 51 429 137 51 430 6 51 431 6 51 435 120 51 436 119 51 437 131 91 438 125 51 439 4 51 440 141 98 444 168 13 445 140 13 446 159 13 447 148 99 448 153 13 449 152 13 450 141 98 451 140 13 452 149 101 456 144 102 457 145 103 458 154 13 465 162 13 466 143 13 467 150 13 468 156 13 469 147 13 470 165 106 471 163 107 472 141 98 473 151 108 474 165 106 475 141 98 476 149 101 480 164 110 481 148 99 482 159 13 486 158 113 487 149 101 488 147 13 489 167 13 490 146 13 491 142 13 495 169 13 496 143 13 497 147 13 501 171 13 502 150 13 503 169 13 507 154 13 508 143 13 509 143 13 510 161 13 511 142 13 512 156 13 513 172 13 514 147 13 515 70 6 888 118 6 889 117 6 890 86 7 891 167 7 892 172 8 893 93 10 894 94 85 895 117 7 896 52 11 900 135 155 901 119 4 902 96 6 903 175 6 904 156 6 905 71 6 909 107 6 910 96 6 911 22 1 933 165 1 934 166 1 935 57 3 942 53 12 943 84 16 944 88 7 945 126 7 946 134 7 947 69 20 954 121 6 955 118 6 956 58 4 969 136 4 970 122 4 971 24 1 972 129 1 973 130 1 974 20 1 978 164 1 979 145 1 980 87 7 993 110 7 994 126 7 995 21 1 996 17 1 997 16 1 998 24 1 999 25 18 1000 30 1 1001 18 1 1008 26 159 1009 20 1 1010 27 1 1014 28 1 1015 22 1 1016 72 6 1041 156 6 1042 157 6 1043 55 4 1056 154 4 1057 174 4 1058 90 36 1059 158 46 1060 160 7 1061 82 4 1086 155 4 1087 154 4 1088 19 1 1089 145 1 1090 144 1 1091 90 36 1092 101 7 1093 144 45 1094 0 6 1098 162 6 1099 155 6 1100 96 49 1101 2 9 1102 172 8 1103 84 6 1104 120 6 1105 137 6 1106 74 6 1119 137 6 1120 138 6 1121 62 1 1122 173 1 1123 165 1 1124 48 4 1125 168 4 1126 163 60 1127 29 1 1131 91 1 1132 97 1 1133 28 1 1134 63 1 1135 62 1 1136 68 6 1137 161 6 1138 162 6 1139 52 11 1140 53 12 1141 57 3 1142 56 63 1143 49 61 1144 62 4 1145 59 4 1146 54 4 1147 55 4 1148 50 68 1155 61 4 1156 58 4 1157 56 63 1161 66 146 1162 48 4 1163 51 4 1167 65 4 1168 67 4 1169 17 1 1179 58 1 1180 61 1 1181 21 1 1182 127 1 1183 128 1 1184 53 12 1200 119 4 1201 120 4 1202 69 20 1215 70 6 1216 79 6 1217 74 6 1218 75 6 1219 80 6 1220 1 6 1227 76 182 1228 68 6 1229 77 6 1233 71 6 1234 72 6 1235 78 6 1239 85 6 1240 84 6 1241 0 6 1245 82 6 1246 83 6 1247 17 1 1248 128 1 1249 136 1 1250 51 4 1263 122 4 1264 124 4 1265 55 4 1278 54 4 1279 83 4 1280 97 1 1284 134 1 1285 129 1 1286 87 7 1287 88 7 1288 92 7 1289 2 9 1293 96 49 1294 107 7 1295 88 7 1296 97 7 1297 91 7 1298 98 7 1299 89 81 1300 90 36 1301 89 81 1305 100 158 1306 101 7 1307 3 7 1311 104 7 1312 86 7 1313 93 10 1317 103 57 1318 105 83 1319 95 82 1326 106 7 1327 94 85 1328 19 1 1329 101 1 1330 100 1 1331 93 10 1332 125 7 1333 139 86 1334 70 6 1347 94 6 1348 106 6 1349 49 61 1350 163 60 1351 173 87 1352 123 51 1356 112 51 1357 111 51 1358 115 51 1359 114 51 1360 109 51 1361 4 51 1365 118 51 1366 121 51 1367 112 51 1371 128 51 1372 127 51 1373 114 51 1374 130 51 1375 129 51 1376 109 51 1377 126 51 1378 110 51 1379 4 51 1380 125 51 1381 117 51 1382 123 51 1383 124 51 1384 122 51 1385 129 51 1386 134 51 1387 126 51 1388 5 51 1392 132 154 1393 131 91 1394 6 51 1398 7 88 1399 133 94 1400 112 51 1404 122 51 1405 136 51 1406 6 51 1407 119 51 1408 135 96 1409 113 51 1410 138 51 1411 137 51 1412 6 51 1416 137 51 1417 120 51 1418 131 91 1419 139 153 1420 125 51 1421 141 98 1425 163 107 1426 168 13 1427 159 13 1428 149 101 1429 148 99 1430 152 13 1431 151 108 1432 141 98 1433 149 101 1437 158 113 1438 144 102 1439 154 13 1446 155 13 1447 162 13 1448 150 13 1449 157 13 1450 156 13 1451 165 106 1452 173 211 1453 163 107 1454 151 108 1455 166 185 1456 165 106 1457 149 101 1461 145 103 1462 164 110 1463 159 13 1467 160 13 1468 158 113 1469 147 13 1470 172 13 1471 167 13 1472 142 13 1476 170 13 1477 169 13 1478 147 13 1482 146 13 1483 171 13 1484 169 13 1488 174 13 1489 154 13 1490 143 13 1491 162 13 1492 161 13 1493 156 13 1494 175 13 1495 172 13 1496</p>
        </triangles>
      </mesh>
    </geometry>
    <geometry id="Cube_007-mesh" name="Cube.007">
      <mesh>
        <source id="Cube_007-mesh-positions">
          <float_array id="Cube_007-mesh-positions-array" count="912">1.333605 1.800241 0.01301556 1.333605 1.800241 0.04396158 1.585479 1.788247 0.01301556 1.585479 1.788247 0.04396158 1.573485 1.788247 0.2648898 1.54243 1.788247 0.2648898 1.333605 1.788247 0.2648898 1.333605 1.762103 0.2648898 1.54243 1.548367 0.2219498 1.54243 1.548367 0.04396158 1.364661 1.548367 0.2219498 1.364661 1.548367 0.04396158 1.364661 1.788247 0.2219498 1.364661 1.788247 0.04396158 1.54243 1.788247 0.2219498 1.54243 1.788247 0.04396158 1.333605 1.536373 0.2219498 1.333605 1.536373 0.2528958 1.573485 1.536373 0.04396164 1.573485 1.536373 0.01301562 1.54243 1.536373 0.01301562 1.364661 1.536373 0.2528958 1.333605 1.536373 0.01301562 1.364661 1.536373 0.01301562 1.573485 1.536373 0.2528958 1.54243 1.536373 0.2528958 1.54243 1.536373 0.04396164 1.364661 1.536373 0.04396164 1.333605 1.536373 0.04396164 1.573485 1.536373 0.2219498 1.54243 1.536373 0.2219498 1.364661 1.536373 0.2219498 1.54243 1.762103 0.2528958 1.54243 1.574511 0.2528958 1.364661 1.762103 0.2528958 1.364661 1.574511 0.2528958 1.364661 1.762103 0.01301556 1.364661 1.574511 0.01301562 1.54243 1.762103 0.01301556 1.54243 1.574511 0.01301562 1.573485 1.762103 0.04396158 1.573485 1.574511 0.04396158 1.573485 1.762103 0.2219498 1.573485 1.574511 0.2219498 1.333605 1.574511 0.04396158 1.333605 1.762103 0.04396158 1.333605 1.574511 0.2219498 1.333605 1.762103 0.2219498 1.321611 1.574511 0.01301562 1.321611 1.548367 0.01301562 1.321611 1.548367 0.2219498 1.321611 1.548367 0.2528958 1.321611 1.762103 0.2528958 1.321611 1.788247 0.2528958 1.321611 1.788247 0.04396158 1.321611 1.788247 0.01301556 1.321611 1.548367 0.04396158 1.321611 1.788247 0.2219498 1.321611 1.536373 0.2528958 1.321611 1.762103 0.04396158 1.321611 1.762103 0.2219498 1.321611 1.536373 0.2219498 1.321611 1.536373 0.01301562 1.321611 1.536373 0.04396164 1.321611 1.762103 0.01301556 1.321611 1.574511 0.2528958 1.321611 1.574511 0.04396158 1.321611 1.574511 0.2219498 1.364661 1.800241 0.01301556 1.54243 1.800241 0.2528958 1.573485 1.800241 0.2528958 1.573485 1.800241 0.04396158 1.573485 1.800241 0.01301556 1.54243 1.800241 0.01301556 1.333605 1.800241 0.2528958 1.364661 1.800241 0.2528958 1.364661 1.800241 0.04396158 1.54243 1.800241 0.04396158 1.333605 1.800241 0.2219498 1.573485 1.800241 0.2219498 1.364661 1.800241 0.2219498 1.54243 1.800241 0.2219498 1.321611 1.800241 0.01301556 1.321611 1.800241 0.04396158 1.321611 1.800241 0.2528958 1.321611 1.800241 0.2219498 1.585479 1.762103 0.01301556 1.585479 1.574511 0.2528958 1.585479 1.548367 0.2528958 1.585479 1.548367 0.04396158 1.585479 1.548367 0.01301562 1.585479 1.536373 0.2219498 1.585479 1.548367 0.2219498 1.585479 1.788247 0.2528958 1.585479 1.800241 0.2528958 1.585479 1.788247 0.2219498 1.585479 1.800241 0.01301556 1.585479 1.536373 0.2528958 1.585479 1.574511 0.04396158 1.585479 1.574511 0.2219498 1.585479 1.536373 0.04396164 1.585479 1.536373 0.01301562 1.585479 1.574511 0.01301562 1.585479 1.762103 0.2528958 1.585479 1.762103 0.04396158 1.585479 1.762103 0.2219498 1.585479 1.800241 0.2219498 1.585479 1.800241 0.04396158 1.573485 1.574511 0.2648898 1.573485 1.548367 0.2648898 1.585479 1.574511 0.2648898 1.364661 1.548367 0.2648898 1.333605 1.548367 0.2648898 1.364661 1.788247 0.2648898 1.54243 1.548367 0.2648898 1.54243 1.574511 0.2648898 1.364661 1.574511 0.2648898 1.585479 1.800241 0.2648898 1.573485 1.800241 0.2648898 1.321611 1.788247 0.2648898 1.321611 1.800241 0.2648898 1.54243 1.800241 0.2648898 1.321611 1.548367 0.2648898 1.333605 1.574511 0.2648898 1.321611 1.574511 0.2648898 1.585479 1.788247 0.2648898 1.585479 1.548367 0.2648898 1.364661 1.536373 0.2648898 1.333605 1.536373 0.2648898 1.573485 1.536373 0.2648898 1.54243 1.536373 0.2648898 1.573485 1.762103 0.2648898 1.54243 1.762103 0.2648898 1.364661 1.762103 0.2648898 1.585479 1.536373 0.2648898 1.321611 1.762103 0.2648898 1.321611 1.536373 0.2648898 1.333605 1.800241 0.2648898 1.364661 1.800241 0.2648898 1.585479 1.762103 0.2648898 1.333605 1.574511 0.001021623 1.333605 1.548367 0.001021623 1.364661 1.788247 0.001021564 1.333605 1.788247 0.001021564 1.585479 1.536373 0.001021623 1.573485 1.536373 0.001021623 1.573485 1.762103 0.001021564 1.573485 1.788247 0.001021564 1.54243 1.548367 0.001021623 1.573485 1.548367 0.001021623 1.54243 1.788247 0.001021564 1.364661 1.548367 0.001021623 1.364661 1.574511 0.001021623 1.54243 1.574511 0.001021623 1.321611 1.788247 0.001021564 1.321611 1.800241 0.001021564 1.573485 1.800241 0.001021564 1.54243 1.800241 0.001021564 1.585479 1.548367 0.001021623 1.573485 1.574511 0.001021623 1.585479 1.574511 0.001021623 1.364661 1.800241 0.001021564 1.333605 1.800241 0.001021564 1.321611 1.548367 0.001021623 1.54243 1.536373 0.001021623 1.333605 1.536373 0.001021623 1.364661 1.536373 0.001021623 1.585479 1.762103 0.001021564 1.321611 1.574511 0.001021623 1.333605 1.762103 0.001021564 1.364661 1.762103 0.001021564 1.54243 1.762103 0.001021564 1.585479 1.788247 0.001021564 1.321611 1.536373 0.001021623 1.321611 1.762103 0.001021564 1.585479 1.800241 0.001021564 1.54243 1.548367 0.05934405 1.383678 1.548367 0.2219498 1.52649 1.548367 0.04396158 1.364661 1.548367 0.2030364 1.333605 1.585336 0.2219498 1.333605 1.762103 0.05851095 1.333605 1.574511 0.2103153 1.333605 1.75132 0.04396158 1.364661 1.788247 0.05706429 1.529577 1.788247 0.2219498 1.37885 1.788247 0.04396158 1.54243 1.788247 0.2095566 1.573485 1.762103 0.2086977 1.573485 1.585729 0.04396158 1.573485 1.748887 0.2219498 1.573485 1.574511 0.05676758 1.585479 1.585462 0.04396158 1.38255 1.574511 0.2528958 1.585479 1.574511 0.05754655 1.38255 1.762103 0.2528958 1.585479 1.762103 0.2086977 1.585479 1.748887 0.2219498 1.364661 1.800241 0.05808073 1.38255 1.536373 0.2528958 1.529363 1.800241 0.2219498 1.383114 1.536373 0.2219498 1.378824 1.800241 0.04396158 1.54243 1.800241 0.2095562 1.321611 1.751041 0.04396158 1.38255 1.800241 0.2219498 1.321611 1.762103 0.05880409 1.38255 1.788247 0.2648898 1.321611 1.585163 0.2219498 1.321611 1.574511 0.2103153 1.54243 1.536373 0.05883479 1.38255 1.800241 0.2528958 1.54243 1.58499 0.2528958 1.527184 1.536373 0.04396164 1.364661 1.536373 0.2032389 1.333605 1.536373 0.2032389 1.38255 1.536373 0.2648898 1.321611 1.548367 0.2032389 1.321611 1.536373 0.2032389 1.38255 1.548367 0.2648898 1.38255 1.762103 0.2648898 1.38255 1.574511 0.2648898 1.38255 1.800241 0.2648898 1.364661 1.58499 0.2528958 1.321611 1.58499 0.2528958 1.573485 1.536373 0.05832558 1.585479 1.58499 0.2528958 1.585479 1.58499 0.2219498 1.333605 1.58499 0.2648898 1.573485 1.58499 0.2648898 1.54243 1.58499 0.2648898 1.364661 1.58499 0.2648898 1.321611 1.58499 0.2648898 1.585479 1.58499 0.2648898 1.38255 1.58499 0.2528958 1.54243 1.585194 0.01301562 1.585479 1.548367 0.05832558 1.585479 1.536373 0.05832558 1.364661 1.585194 0.01301562 1.321611 1.585194 0.01301562 1.321611 1.585194 0.04396158 1.585479 1.585194 0.01301562 1.527877 1.536373 0.01301562 1.333605 1.585194 0.001021623 1.573485 1.585194 0.001021623 1.364661 1.585194 0.001021623 1.54243 1.585194 0.001021623 1.321611 1.585194 0.001021623 1.585479 1.585194 0.001021623 1.321611 1.788247 0.05909723 1.527877 1.762103 0.01301556 1.527877 1.574511 0.01301562 1.527877 1.800241 0.01301556 1.527877 1.800241 0.04396158 1.527877 1.788247 0.001021564 1.527877 1.548367 0.001021623 1.527877 1.536373 0.001021623 1.527877 1.762103 0.001021564 1.527877 1.574511 0.001021623 1.527877 1.800241 0.001021564 1.527877 1.585194 0.01301562 1.585479 1.750763 0.01301556 1.321611 1.750763 0.01301556 1.573485 1.750763 0.001021564 1.585479 1.750763 0.001021564 1.54243 1.750763 0.01301556 1.364661 1.750763 0.01301556 1.333605 1.750763 0.001021564 1.364661 1.750763 0.001021564 1.54243 1.750763 0.001021564 1.321611 1.750763 0.001021564 1.585479 1.75078 0.04396158 1.527877 1.750763 0.01301556 1.378798 1.574511 0.01301562 1.333605 1.800241 0.05909723 1.378798 1.762103 0.01301556 1.321611 1.800241 0.05909723 1.378798 1.800241 0.01301556 1.378798 1.788247 0.001021564 1.378798 1.762103 0.001021564 1.378798 1.574511 0.001021623 1.378798 1.800241 0.001021564 1.378798 1.536373 0.01301562 1.378798 1.585194 0.01301562 1.529148 1.762103 0.2528958 1.378798 1.548367 0.001021623 1.378798 1.536373 0.001021623 1.378738 1.536373 0.04396164 1.378798 1.750763 0.01301556 1.529148 1.574511 0.2528958 1.529148 1.800241 0.2528958 1.573485 1.800241 0.2095556 1.529148 1.788247 0.2648898 1.529148 1.762103 0.2648898 1.529148 1.574511 0.2648898 1.529148 1.800241 0.2648898 1.529195 1.536373 0.2219498 1.529148 1.536373 0.2528958 1.529148 1.548367 0.2648898 1.529148 1.536373 0.2648898 1.529148 1.58499 0.2528958 1.585479 1.788247 0.2095556 1.585479 1.762103 0.2095556 1.585479 1.800241 0.2095556</float_array>
          <technique_common>
            <accessor source="#Cube_007-mesh-positions-array" count="304" stride="3">
              <param name="X" type="float"/>
              <param name="Y" type="float"/>
              <param name="Z" type="float"/>
            </accessor>
          </technique_common>
        </source>
        <source id="Cube_007-mesh-normals">
          <float_array id="Cube_007-mesh-normals-array" count="726">0 -1 0 0 -1 4.85238e-7 -1 -5.0449e-7 0 -1 0 0 -1 0 0 0 1 -5.00059e-6 0 1 0 1 0 0 1 3.83699e-6 0 1 -5.24764e-6 0 1 -3.43172e-6 0 -1 0 0 -1 -2.1434e-6 0 0 0 -1 -1 0 0 -1 0 0 -1 -3.27759e-6 0 0 -1 2.43236e-7 0 -1 -9.63597e-7 0 1 -5.33015e-6 0 1 -7.65449e-6 0 1.86361e-6 1 0 1.86356e-6 1 0 1.86361e-6 1 1 2.7762e-7 0 1 0 0 -1 2.63874e-7 0 -1 4.23692e-7 0 0 -1 1.03992e-6 0 -1 1.4108e-6 0 -1 1.11369e-6 -1 -3.04665e-5 0 -1 -1.42766e-6 0 -1 -2.90763e-5 0 1 0 0 0 1 -8.26462e-6 0 1 -1.08335e-5 0 1 -8.68067e-6 1 1.4872e-5 0 1 7.40194e-7 0 1 -1.02347e-6 0 -1 -1.01325e-6 0 1 0 0 0 -2.52648e-7 -1 0 -2.52884e-7 -1 0 -2.52659e-7 -1 3.4008e-6 -2.52516e-7 -1 3.50732e-6 -2.52395e-7 -1 0 -1.86689e-7 -1 1 -4.09371e-6 0 1 -4.0937e-6 0 0 0 -1 0 0 -1 1 1.00364e-5 0 0 1 -1.1732e-6 0 0 1 0 0 1 0 0 1 -1 -2.81567e-7 0 -1 -2.69459e-7 0 -1 1.27818e-7 0 -1 0 0 1 -1.46469e-7 0 1 0 0 0 1 -7.65449e-6 -1 -7.41789e-6 0 -1 -1.85451e-6 0 -1 0 0 -1 -3.83149e-6 0 -1 -7.29649e-6 0 -1 2.50667e-7 0 -1 3.46459e-6 0 -1 5.69922e-6 0 -1 7.21717e-7 0 -1 -2.59337e-7 0 0 1.79181e-7 1 0 1.797e-7 1 0 1.23572e-7 1 0 1.79756e-7 1 0 1.8027e-7 1 3.15989e-7 1.25442e-7 1 0 1 -3.64261e-6 1 -2.58573e-7 0 1 -1.70388e-6 0 1 2.36239e-6 0 1 -3.7732e-6 0 1 -3.6978e-6 0 1 -2.36239e-6 0 1 -8.07742e-7 0 1 0 0 1 0 0 1 -3.22389e-7 0 -1 -7.41774e-6 0 0 0 1 0 0 1 0 0 1 0 0 1 0 0 1 0 0 1 0 0 1 0 0 1 0 0 1 0 0 1 0 -6.21187e-7 -1 0 -6.21189e-7 -1 0 -6.212e-7 -1 0 -6.21196e-7 -1 0 -1.24239e-6 -1 0 -1.2424e-6 -1 0 -1.34993e-7 -1 0 -1.34998e-7 -1 0 -1.24238e-6 -1 0 -6.21211e-7 -1 0 -6.21184e-7 -1 0 -1.24239e-6 -1 0 -1.24238e-6 -1 0 -1.34997e-7 -1 0 -1.35e-7 -1 0 -1.35004e-7 -1 0 -1.35002e-7 -1 0 -1.34999e-7 -1 -1 0 0 5.00086e-4 -0.6858037 -0.7277864 0.01540702 -0.6851757 -0.7282149 0.01590168 -0.6851523 -0.7282263 1 -4.45471e-6 0 1 4.56359e-6 0 1 -3.97406e-6 0 0.01472121 0.6819737 -0.7312286 4.80307e-4 0.6825749 -0.7308155 0.0151965 0.6819512 -0.7312398 1 -7.45432e-7 0 -0.001500606 -0.6860456 0.727557 -0.0456441 -0.686933 0.725286 0 -0.6859919 0.7276092 0 1 0 0 1 -2.28175e-6 0 1 -2.33332e-6 -0.7052913 -0.01419299 0.7087756 -0.705787 -0.05832356 0.7060192 -0.7057796 -0.05981296 0.7059019 0.7113639 0.001486361 -0.7028223 0.7114155 4.01917e-5 -0.7027717 0.7114173 -1.05151e-5 -0.7027698 -1 5.13326e-6 0 -1 -4.42274e-6 0 -1 4.87203e-6 0 -0.008889675 0.6778769 0.7351217 0.01707267 0.6787447 0.7341759 -0.009762287 0.6778397 0.7351449 0 -1 -1.81625e-7 0 -1 -2.32593e-6 0 -1 -2.49738e-6 -0.699426 -0.03951513 -0.7136119 -0.7009135 -0.01300013 -0.7131279 -0.7009582 -0.01203793 -0.7131009 0.7149977 -0.03348118 0.6983248 0.715208 -0.02977788 0.698277 0.7152155 -0.02964222 0.6982751 -1 4.7305e-7 0 0 1 -6.40437e-7 0 0 1 0 1 -2.58663e-6 0 -1 -3.12403e-6 0 1.68268e-7 1 0 1.68267e-7 1 0 0 1 0 0 1 -1 0 0 -1 0 0 0 1.68268e-7 1 1 -9.88136e-6 0 0 -1 7.10774e-7 0 -1.35002e-7 -1 0 -1.34998e-7 -1 0 -1.34999e-7 -1 0 -1.35001e-7 -1 1 1.24632e-7 0 1 0 0 -1 -2.08266e-7 0 0 0 -1 0 0 -1 1 6.72746e-7 0 1 7.05216e-7 0 1 0 0 0 0 -1 0 0 -1 0 -1.24238e-6 -1 0 -6.21194e-7 -1 0 1 -1.05357e-6 0 1 -1.44062e-7 0 -1 2.17695e-7 1 2.30148e-7 0 0 -1.35005e-7 -1 -1 -2.82175e-7 0 -1 0 0 -1 0 0 0 1 -5.11015e-7 0 0 -1 0 -1.24239e-6 -1 0 -1 1.60528e-6 0 0 1 0 1.68267e-7 1 0 1 -6.22538e-6 -1 -1.3913e-6 0 -1 -2.88435e-5 0 -1 -3.02347e-5 0 0 1.8636e-6 1 0 1.86359e-6 1 0 1.86359e-6 1 0 1.86359e-6 1 0 1.86359e-6 1 0 1.86362e-6 1 1 2.90105e-7 0 -1 -1.18606e-5 0 -1 -8.78507e-6 0 -1 -2.08829e-5 0 1 1.56201e-5 0 1 -1.6422e-5 0 1 -5.95955e-6 0 1 -1.05258e-5 0 0 -2.52895e-7 -1 0 -1.39171e-7 -1 1 -9.03295e-7 0 1 -1.85685e-5 0 1 -1.94257e-5 0 0 0 1 2.28185e-7 0 1 0 1 0 0 1 0 0 1 0 0 -1.2424e-6 -1 0 -0.6858221 -0.7277692 1 4.44375e-6 0 0 0.6825928 -0.730799 -0.0471003 -0.6869394 0.7251868 -0.7052485 -0.01262933 0.7088478 0.711362 0.001537024 -0.7028241 -1 -4.07626e-6 0 0.01794177 0.6787658 0.7341356 -0.6993649 -0.04044437 -0.7136197 0.7149901 -0.03361147 0.6983262</float_array>
          <technique_common>
            <accessor source="#Cube_007-mesh-normals-array" count="242" stride="3">
              <param name="X" type="float"/>
              <param name="Y" type="float"/>
              <param name="Z" type="float"/>
            </accessor>
          </technique_common>
        </source>
        <source id="Cube_007-mesh-map-0">
          <float_array id="Cube_007-mesh-map-0-array" count="3726">0.375 0.9676342 0.375 0.9528999 0.375 0.9528999 0.5927485 0.25 0.4230257 0.25 0.4230257 0.25 0.5789373 0.527247 0.4072515 0.527247 0.5798316 0.527247 0.625 0.5 0.625 0.5 0.625 0.5 0.375 0.527247 0.375 0.5 0.375 0.5 0.625 0.5 0.625 0.5 0.625 0.5 0.6573658 0.527247 0.6712074 0.527247 0.6712074 0.527247 0.625 0.222753 0.625 0.25 0.625 0.25 0.375 0.5 0.375 0.5 0.375 0.5 0.1573657 0.527247 0.1721 0.527247 0.1721 0.527247 0.4072515 0.5 0.375 0.5 0.375 0.5 0.5927485 0.9478145 0.5927485 0.7962074 0.5927485 0.9489899 0.5798326 0.4676342 0.5927485 0.4676342 0.5798316 0.4676342 0.375 1 0.375 0.9676342 0.375 0.9676342 0.3426342 0.527247 0.3426342 0.5390657 0.3426342 0.5390657 0.420907 0.2823658 0.4072515 0.2823658 0.4072515 0.2823658 0.5927485 0.25 0.625 0.25 0.5927485 0.25 0.625 0.75 0.625 0.75 0.625 0.75 0.375 0.4676342 0.375 0.4524678 0.375 0.4524678 0.625 0.7823658 0.625 0.7962074 0.625 0.7962074 0.625 0.4676342 0.625 0.5 0.625 0.5 0.4072515 0.7989779 0.4072514 0.9528999 0.4072515 0.7975322 0.625 0 0.625 0 0.625 0 0.625 0.75 0.625 0.7823658 0.625 0.7823658 0.8426342 0.527247 0.8426342 0.7118319 0.8426342 0.7118319 0.375 0.7823658 0.375 0.75 0.375 0.75 0.375 0.222753 0.375 0.2109342 0.375 0.2109342 0.4230257 0.222753 0.4072515 0.222753 0.4224147 0.222753 0.625 0.7227531 0.625 0.75 0.625 0.75 0.625 0.9676342 0.5927485 1 0.5927485 0.9676342 0.625 0.75 0.5927485 0.7823658 0.5927485 0.75 0.625 0.9489899 0.5927485 0.9676342 0.5927485 0.9489899 0.4072514 0.9528999 0.375 0.9676342 0.375 0.9528999 0.4072515 0.75 0.375 0.7823658 0.375 0.75 0.5927485 0.75 0.4222214 0.7823659 0.4222214 0.75 0.4072515 0.9676342 0.375 1 0.375 0.9676342 0.5927485 0.9676342 0.5732482 1 0.5732482 0.9676342 0.5806232 0.02724695 0.4072515 0.02724695 0.5732482 0.02724695 0.4222214 0.7823659 0.5927485 0.7823658 0.4232829 0.7823658 0.375 0.7227531 0.375 0.7116193 0.375 0.7116193 0.375 0.5 0.375 0.4676342 0.375 0.4676342 0.625 0.2823658 0.625 0.3010101 0.625 0.3010101 0.5732482 0.9676342 0.4072515 0.9676342 0.5730372 0.9676342 0.375 0.25 0.375 0.222753 0.375 0.222753 0.375 0.75 0.375 0.7227531 0.375 0.7227531 0.5927485 1 0.5732482 1 0.5732482 1 0.4072515 0.02724695 0.5806232 0.02724695 0.4072515 0.2115144 0.1573657 0.7227531 0.1573657 0.7116193 0.1573657 0.7116193 0.5927485 0.03816807 0.5927485 0.222753 0.5927485 0.03852808 0.5927485 0.5410208 0.5927485 0.527247 0.5927485 0.7118319 0.4072515 0.527247 0.5789373 0.527247 0.4072515 0.7110621 0.375 0.25 0.375 0.25 0.375 0.25 0.375 0.75 0.375 0.75 0.375 0.75 0.375 0.75 0.375 0.75 0.375 0.75 0.3426342 0.7116193 0.3274677 0.7227531 0.3274678 0.7116193 0.375 0.25 0.375 0.25 0.375 0.25 0.375 0.5 0.375 0.5 0.375 0.5 0.625 0.25 0.625 0.25 0.625 0.25 0.8426342 0.7118319 0.8239899 0.7227531 0.8239899 0.7118319 0.6573658 0.7227531 0.6573658 0.7118319 0.6573658 0.7118319 0.625 0.02724695 0.625 0.03816807 0.625 0.03816807 0.625 0.527247 0.625 0.7118319 0.625 0.7118319 0.625 0.25 0.625 0.2823658 0.625 0.2823658 0.375 1 0.375 1 0.375 1 0.375 0.02724695 0.375 0 0.375 0 0.4072515 0.75 0.4222214 0.75 0.4222214 0.75 0.5927485 0.75 0.625 0.75 0.625 0.75 0.4072515 1 0.375 1 0.375 1 0.375 0.2823658 0.375 0.25 0.375 0.25 0.625 0.222753 0.5927485 0.25 0.5927485 0.222753 0.4072515 0 0.375 0 0.4072515 0 0.4072515 0.222753 0.375 0.25 0.375 0.222753 0.5927485 0.222753 0.4230257 0.25 0.4230257 0.222753 0.5732482 0 0.4072515 0 0.5732482 0 0.5927485 0 0.625 0 0.625 0 0.5927485 0 0.5732482 0.02724695 0.5732482 0 0.4072515 0 0.375 0.02724695 0.375 0 0.4072515 0.2109342 0.375 0.222753 0.375 0.2109342 0.625 0 0.5927485 0.02724695 0.5927485 0 0.5927485 0.03816807 0.625 0.222753 0.5927485 0.222753 0.625 1 0.5927485 1 0.5927485 1 0.625 0.9676342 0.625 1 0.625 1 0.3426342 0.7227531 0.3274678 0.7227531 0.3274677 0.7227531 0.4072515 0.2115144 0.4072515 0.2109342 0.4072515 0.03838068 0.625 0.25 0.625 0.25 0.625 0.25 0.4072515 0.7110621 0.4072515 0.7116193 0.4072514 0.5390657 0.625 0.4676342 0.5927485 0.5 0.5927485 0.4676342 0.625 0.25 0.5927485 0.2823658 0.5927485 0.25 0.5927485 0.4537926 0.625 0.4676342 0.5927485 0.4676342 0.4072515 0.4524678 0.375 0.4676342 0.375 0.4524678 0.4072515 0.25 0.375 0.2823658 0.375 0.25 0.4230257 0.25 0.5927485 0.2823658 0.4230257 0.2823658 0.4072515 0.4676342 0.375 0.5 0.375 0.4676342 0.5798316 0.4676342 0.5927485 0.5 0.5798316 0.5 0.5927485 0.25 0.625 0.25 0.625 0.25 0.4072515 0.25 0.4230257 0.25 0.4230257 0.25 0.375 0.25 0.4072515 0.25 0.4072515 0.25 0.625 1 0.625 1 0.625 1 0.4072515 0.297154 0.4072515 0.4524678 0.4072514 0.2971 0.625 0.02724695 0.625 0 0.625 0.02724695 0.5927485 0.4542399 0.5927485 0.3010101 0.5927485 0.4537926 0.375 0.25 0.4072515 0.25 0.375 0.25 0.5927485 0.5 0.5798316 0.5 0.5798316 0.5 0.625 0.75 0.625 0.75 0.625 0.75 0.625 0.7227531 0.5927485 0.75 0.5927485 0.7227531 0.5927485 0.75 0.4222214 0.75 0.4222214 0.75 0.375 0.5 0.4072515 0.5 0.4072515 0.5 0.625 0.75 0.5927485 0.75 0.5927485 0.75 0.4072515 0.7227531 0.375 0.75 0.375 0.7227531 0.5927485 0.7227531 0.4222214 0.75 0.4222214 0.7227531 0.4072515 0.75 0.375 0.75 0.375 0.75 0.5927485 0.5 0.5798316 0.527247 0.5798316 0.5 0.4072515 0.5 0.375 0.527247 0.375 0.5 0.375 0.7116193 0.4072515 0.7227531 0.375 0.7227531 0.625 0.5 0.5927485 0.527247 0.5927485 0.5 0.625 0.7118319 0.5927485 0.7227531 0.5927485 0.7118319 0.4072515 0.5 0.5798316 0.5 0.5798316 0.5 0.5927485 0.5 0.625 0.5 0.625 0.5 0.375 0.75 0.4072515 0.75 0.4072515 0.75 0.625 0.5 0.625 0.527247 0.625 0.527247 0.4222214 0.7227531 0.4072515 0.7227531 0.4205977 0.7227531 0.8426342 0.7227531 0.8239899 0.7227531 0.8239899 0.7227531 0.625 0.5 0.5927485 0.5 0.5927485 0.5 0.375 0 0.375 0 0.375 0 0.875 0.527247 0.875 0.7118319 0.875 0.7118319 0.875 0.7227531 0.8426342 0.75 0.8426342 0.7227531 0.6573658 0.7227531 0.625 0.75 0.625 0.7227531 0.8426342 0.7227531 0.8239899 0.75 0.8239899 0.7227531 0.625 0.5 0.6573658 0.5 0.6573658 0.5 0.8426342 0.75 0.8239898 0.75 0.8239899 0.75 0.875 0.75 0.8426342 0.75 0.8426342 0.75 0.6573658 0.75 0.625 0.75 0.625 0.75 0.625 0.75 0.625 0.7227531 0.625 0.7227531 0.625 0.5 0.625 0.5 0.625 0.5 0.875 0.7227531 0.875 0.75 0.875 0.75 0.625 0.75 0.625 0.75 0.625 0.75 0.8426342 0.5 0.8239899 0.527247 0.8239899 0.5 0.6573658 0.5 0.625 0.527247 0.625 0.5 0.6573658 0.7118319 0.625 0.7227531 0.625 0.7118319 0.875 0.5 0.8426342 0.527247 0.8426342 0.5 0.875 0.7118319 0.8426342 0.7227531 0.8426342 0.7118319 0.875 0.75 0.875 0.75 0.875 0.75 0.875 0.5 0.875 0.527247 0.875 0.527247 0.8426342 0.5 0.875 0.5 0.875 0.5 0.6573658 0.5 0.6712074 0.5 0.6712074 0.5 0.875 0.5 0.875 0.5 0.875 0.5 0.625 0.527247 0.625 0.5 0.625 0.5 0.625 0.7227531 0.625 0.7118319 0.625 0.7118319 0.125 0.75 0.125 0.7227531 0.125 0.7227531 0.375 0.7227531 0.3426342 0.75 0.3426342 0.7227531 0.1573657 0.7227531 0.125 0.75 0.125 0.7227531 0.3426342 0.7227531 0.3274677 0.75 0.3274678 0.7227531 0.375 0.75 0.375 0.75 0.375 0.75 0.1573657 0.5 0.1721 0.5 0.1721 0.5 0.375 0.527247 0.375 0.5390657 0.375 0.5390657 0.125 0.5 0.125 0.5 0.125 0.5 0.3426342 0.5 0.375 0.5 0.375 0.5 0.125 0.75 0.125 0.75 0.125 0.75 0.1573657 0.75 0.125 0.75 0.125 0.75 0.3426342 0.75 0.3274677 0.75 0.3274677 0.75 0.375 0.75 0.3426342 0.75 0.3426342 0.75 0.125 0.7227531 0.125 0.7116193 0.125 0.7116193 0.375 0.7227531 0.375 0.75 0.375 0.75 0.375 0.5 0.375 0.527247 0.375 0.527247 0.3426342 0.5 0.3274678 0.527247 0.3274678 0.5 0.1573657 0.5 0.125 0.527247 0.125 0.5 0.1573657 0.7116193 0.125 0.7227531 0.125 0.7116193 0.375 0.5 0.3426342 0.527247 0.3426342 0.5 0.375 0.7116193 0.3426342 0.7227531 0.3426342 0.7116193 0.125 0.527247 0.125 0.5 0.125 0.5 0.125 0.5 0.1573657 0.5 0.1573657 0.5 0.375 0.5 0.375 0.5 0.375 0.5 0.5927485 0.9478145 0.4232829 0.7823658 0.5927485 0.7823658 0.4072515 0.7989779 0.5730372 0.9676342 0.4072515 0.9676342 0.4224147 0.222753 0.5927485 0.03852808 0.5927485 0.222753 0.5806232 0.02724695 0.4072515 0.2115144 0.4072515 0.2115144 0.5927485 0.4542399 0.420907 0.2823658 0.5927485 0.2823658 0.4072515 0.297154 0.5798326 0.4676342 0.4072515 0.4676342 0.5927485 0.5410208 0.4205977 0.7227531 0.5789373 0.527247 0.4072515 0.7110621 0.5789373 0.527247 0.4072515 0.7110621 0.4205977 0.7227531 0.5927485 0.5410208 0.5927485 0.7227531 0.5927485 0.527247 0.5789373 0.527247 0.5789373 0.527247 0.5927485 0.5410208 0.4205977 0.7227531 0.5927485 0.5410208 0.4072515 0.297154 0.5927485 0.4542399 0.5798326 0.4676342 0.5927485 0.4542399 0.420907 0.2823658 0.420907 0.2823658 0.4072515 0.297154 0.5798326 0.4676342 0.5798326 0.4676342 0.5927485 0.03852808 0.4224147 0.222753 0.5806232 0.02724695 0.5927485 0.02724695 0.5806232 0.02724695 0.5806232 0.02724695 0.5927485 0.03852808 0.4224147 0.222753 0.5927485 0.03852808 0.4072515 0.7989779 0.5927485 0.9478145 0.5730372 0.9676342 0.4072515 0.7989779 0.5730372 0.9676342 0.5730372 0.9676342 0.5927485 0.9478145 0.4232829 0.7823658 0.4232829 0.7823658 0.5732482 0 0.4072515 0.02724695 0.4072515 0 0.5732482 0 0.5927485 0 0.5927485 0 0.5732482 1 0.4072515 1 0.4072515 1 0.5732482 0.9676342 0.4072515 1 0.4072515 0.9676342 0.8239899 0.5 0.8426342 0.5 0.8426342 0.5 0.8239899 0.5 0.6712074 0.527247 0.6712074 0.5 0.8239899 0.75 0.6712074 0.75 0.6712074 0.75 0.8239899 0.7227531 0.6712074 0.75 0.6712074 0.7227531 0.8239899 0.7227531 0.6712074 0.7227531 0.6712074 0.7227531 0.625 0.2823658 0.5927485 0.3010101 0.5927485 0.2823658 0.8239899 0.7118319 0.6712074 0.7227531 0.6712074 0.7118319 0.625 0.3010101 0.625 0.4537925 0.625 0.4537925 0.625 0.7962074 0.5927485 0.9489899 0.5927485 0.7962074 0.625 0.9489899 0.625 0.9676342 0.625 0.9676342 0.8239899 0.527247 0.8426342 0.527247 0.8426342 0.527247 0.8239899 0.527247 0.6712074 0.7118319 0.6712074 0.527247 0.625 0.7118319 0.625 0.527247 0.625 0.527247 0.875 0.527247 0.8426342 0.7118319 0.8426342 0.527247 0.6573658 0.527247 0.625 0.7118319 0.625 0.527247 0.875 0.7118319 0.875 0.7227531 0.875 0.7227531 0.625 0.527247 0.5927485 0.7118319 0.5927485 0.527247 0.5927485 0.02724695 0.625 0.03816807 0.5927485 0.03816807 0.625 0.7118319 0.625 0.7227531 0.625 0.7227531 0.625 0.03816807 0.625 0.222753 0.625 0.222753 0.6573658 0.7118319 0.6573658 0.527247 0.6573658 0.527247 0.8426342 0.527247 0.8239899 0.7118319 0.8239899 0.527247 0.8426342 0.7118319 0.8426342 0.7227531 0.8426342 0.7227531 0.4222214 0.7227531 0.4072515 0.75 0.4072515 0.7227531 0.4222214 0.75 0.4072515 0.75 0.4072515 0.75 0.4222214 0.75 0.5927485 0.75 0.5927485 0.75 0.4222214 0.75 0.4072515 0.7823658 0.4072515 0.75 0.375 0.5390657 0.3426342 0.7116193 0.3426342 0.5390657 0.1573657 0.5390657 0.125 0.7116193 0.125 0.5390657 0.125 0.7116193 0.125 0.5390657 0.125 0.5390657 0.375 0.7116193 0.375 0.7227531 0.375 0.7227531 0.375 0.5390657 0.4072515 0.7116193 0.375 0.7116193 0.4072515 0.02724695 0.375 0.03838068 0.375 0.02724695 0.3426342 0.5390657 0.3274678 0.7116193 0.3274678 0.5390657 0.1573658 0.5390657 0.1573657 0.7116193 0.1573657 0.5390657 0.375 0.5390657 0.375 0.7116193 0.375 0.5390657 0.375 0.03838068 0.375 0.02724695 0.375 0.02724695 0.3426342 0.7116193 0.3426342 0.7227531 0.3426342 0.7227531 0.3274678 0.5390657 0.1721 0.7116193 0.1721 0.5390657 0.3274678 0.5 0.1721 0.527247 0.1721 0.5 0.3274677 0.75 0.1721 0.75 0.1721 0.75 0.3274678 0.5 0.3426342 0.5 0.3426342 0.5 0.3274678 0.7227531 0.1721 0.75 0.1721 0.7227531 0.4072514 0.2971 0.375 0.4524678 0.375 0.2971 0.3274677 0.7227531 0.1721 0.7227531 0.1721 0.7227531 0.3274678 0.7116193 0.1721 0.7227531 0.1721 0.7116193 0.4072515 0.7823658 0.375 0.7975322 0.375 0.7823658 0.375 0.4524678 0.375 0.2971 0.375 0.2971 0.3274678 0.527247 0.3426342 0.527247 0.3426342 0.527247 0.375 0.7975322 0.375 0.7823658 0.375 0.7823658 0.3274678 0.527247 0.1721 0.5390657 0.1721 0.527247 0.375 0.5390657 0.375 0.527247 0.375 0.527247 0.1573658 0.5390657 0.1573657 0.527247 0.1573657 0.527247 0.3426342 0.527247 0.3274678 0.5390657 0.3274678 0.527247 0.375 0.527247 0.4072514 0.5390657 0.375 0.5390657 0.125 0.5390657 0.125 0.527247 0.125 0.527247 0.1573657 0.527247 0.125 0.5390657 0.125 0.527247 0.375 0.527247 0.3426342 0.5390657 0.3426342 0.527247 0.375 0.5390657 0.375 0.7116193 0.375 0.7116193 0.4072515 0.03838068 0.375 0.2109342 0.375 0.03838068 0.375 0.2109342 0.375 0.03838068 0.375 0.03838068 0.3426342 0.5390657 0.3426342 0.7116193 0.3426342 0.7116193 0.4230257 0.25 0.5927485 0.25 0.5927485 0.25 0.4072515 0.25 0.4230257 0.2823658 0.4072515 0.2823658 0.4230257 0.222753 0.4072515 0.25 0.4072515 0.222753 0.4230257 0.25 0.4072515 0.25 0.4072515 0.25 0.1721 0.527247 0.1573658 0.5390657 0.1573657 0.527247 0.375 0.2971 0.375 0.2823658 0.375 0.2823658 0.1721 0.7116193 0.1573657 0.7227531 0.1573657 0.7116193 0.1721 0.7227531 0.1573657 0.7227531 0.1573657 0.7227531 0.4072515 0.2823658 0.375 0.2971 0.375 0.2823658 0.1721 0.7227531 0.1573657 0.75 0.1573657 0.7227531 0.1721 0.75 0.1573657 0.75 0.1573657 0.75 0.1721 0.5 0.1573657 0.527247 0.1573657 0.5 0.1721 0.5390657 0.1573657 0.7116193 0.1573658 0.5390657 0.1721 0.5 0.3274678 0.5 0.3274678 0.5 0.4072515 0.7975322 0.375 0.9528999 0.375 0.7975322 0.1721 0.527247 0.3274678 0.527247 0.3274678 0.527247 0.375 0.9528999 0.375 0.7975322 0.375 0.7975322 0.6712074 0.527247 0.6573658 0.7118319 0.6573658 0.527247 0.625 0.7823658 0.5927485 0.7962074 0.5927485 0.7823658 0.625 0.4537925 0.625 0.4676342 0.625 0.4676342 0.6712074 0.7118319 0.6573658 0.7227531 0.6573658 0.7118319 0.6712074 0.7227531 0.6573658 0.7227531 0.6573658 0.7227531 0.6712074 0.7227531 0.6573658 0.75 0.6573658 0.7227531 0.6712074 0.75 0.6573658 0.75 0.6573658 0.75 0.6712074 0.5 0.6573658 0.527247 0.6573658 0.5 0.6712074 0.5 0.8239899 0.5 0.8239899 0.5 0.5927485 0.3010101 0.625 0.4537925 0.5927485 0.4537926 0.625 0.7962074 0.625 0.9489899 0.625 0.9489899 0.6712074 0.527247 0.8239899 0.527247 0.8239899 0.527247 0.5798316 0.5 0.5927485 0.5 0.5927485 0.5 0.5798316 0.5 0.4072515 0.527247 0.4072515 0.5 0.5798316 0.5 0.4072515 0.5 0.4072515 0.5 0.4072515 0.4676342 0.5798316 0.5 0.4072515 0.5 0.375 0.9676342 0.375 0.9676342 0.375 0.9528999 0.5927485 0.25 0.5927485 0.25 0.4230257 0.25 0.5927485 0.527247 0.5927485 0.527247 0.5798316 0.527247 0.5927485 0.527247 0.5789373 0.527247 0.5798316 0.527247 0.5789373 0.527247 0.4072515 0.527247 0.4072515 0.527247 0.625 0.5 0.625 0.5 0.625 0.5 0.375 0.527247 0.375 0.527247 0.375 0.5 0.625 0.5 0.625 0.5 0.625 0.5 0.6573658 0.527247 0.6573658 0.527247 0.6712074 0.527247 0.625 0.222753 0.625 0.222753 0.625 0.25 0.375 0.5 0.375 0.5 0.375 0.5 0.1573657 0.527247 0.1573657 0.527247 0.1721 0.527247 0.4072515 0.5 0.4072515 0.5 0.375 0.5 0.5927485 0.9676342 0.5927485 0.9676342 0.5927485 0.9489899 0.5927485 0.9676342 0.5927485 0.9478145 0.5927485 0.9489899 0.5927485 0.9478145 0.5927485 0.7823658 0.5927485 0.7962074 0.5927485 0.7823658 0.5927485 0.7823658 0.5927485 0.7962074 0.4072515 0.4676342 0.4072515 0.4676342 0.5798316 0.4676342 0.4072515 0.4676342 0.5798326 0.4676342 0.5798316 0.4676342 0.5798326 0.4676342 0.5927485 0.4676342 0.5927485 0.4676342 0.375 1 0.375 1 0.375 0.9676342 0.3426342 0.527247 0.3426342 0.527247 0.3426342 0.5390657 0.420907 0.2823658 0.420907 0.2823658 0.4072515 0.2823658 0.5927485 0.25 0.625 0.25 0.625 0.25 0.625 0.75 0.625 0.75 0.625 0.75 0.375 0.4676342 0.375 0.4676342 0.375 0.4524678 0.625 0.7823658 0.625 0.7823658 0.625 0.7962074 0.625 0.4676342 0.625 0.4676342 0.625 0.5 0.4072515 0.7823658 0.4072515 0.7823658 0.4072515 0.7975322 0.4072515 0.7823658 0.4072515 0.7989779 0.4072515 0.7975322 0.4072515 0.7989779 0.4072515 0.9676342 0.4072514 0.9528999 0.4072515 0.9676342 0.4072515 0.9676342 0.4072514 0.9528999 0.625 0 0.625 0 0.625 0 0.625 0.75 0.625 0.75 0.625 0.7823658 0.8426342 0.527247 0.8426342 0.527247 0.8426342 0.7118319 0.375 0.7823658 0.375 0.7823658 0.375 0.75 0.375 0.222753 0.375 0.222753 0.375 0.2109342 0.4072515 0.222753 0.4072515 0.222753 0.4224147 0.222753 0.4224147 0.222753 0.5927485 0.222753 0.4230257 0.222753 0.5927485 0.222753 0.5927485 0.222753 0.4230257 0.222753 0.625 0.7227531 0.625 0.7227531 0.625 0.75 0.625 0.9676342 0.625 1 0.5927485 1 0.625 0.75 0.625 0.7823658 0.5927485 0.7823658 0.625 0.9489899 0.625 0.9676342 0.5927485 0.9676342 0.4072514 0.9528999 0.4072515 0.9676342 0.375 0.9676342 0.4072515 0.75 0.4072515 0.7823658 0.375 0.7823658 0.5927485 0.75 0.5927485 0.7823658 0.4222214 0.7823659 0.4072515 0.9676342 0.4072515 1 0.375 1 0.5927485 0.9676342 0.5927485 1 0.5732482 1 0.5927485 0.02724695 0.5927485 0.02724695 0.5806232 0.02724695 0.5806232 0.02724695 0.4072515 0.02724695 0.4072515 0.02724695 0.5732482 0.02724695 0.5927485 0.02724695 0.5806232 0.02724695 0.5927485 0.7823658 0.5927485 0.7823658 0.4232829 0.7823658 0.4232829 0.7823658 0.4072515 0.7823658 0.4222214 0.7823659 0.4072515 0.7823658 0.4072515 0.7823658 0.4222214 0.7823659 0.375 0.7227531 0.375 0.7227531 0.375 0.7116193 0.375 0.5 0.375 0.5 0.375 0.4676342 0.625 0.2823658 0.625 0.2823658 0.625 0.3010101 0.4072515 0.9676342 0.4072515 0.9676342 0.5730372 0.9676342 0.5730372 0.9676342 0.5927485 0.9676342 0.5732482 0.9676342 0.5927485 0.9676342 0.5927485 0.9676342 0.5732482 0.9676342 0.375 0.25 0.375 0.25 0.375 0.222753 0.375 0.75 0.375 0.75 0.375 0.7227531 0.5927485 1 0.5927485 1 0.5732482 1 0.1573657 0.7227531 0.1573657 0.7227531 0.1573657 0.7116193 0.5927485 0.222753 0.5927485 0.222753 0.5927485 0.03852808 0.5927485 0.03852808 0.5927485 0.02724695 0.5927485 0.03816807 0.5927485 0.02724695 0.5927485 0.02724695 0.5927485 0.03816807 0.5927485 0.7227531 0.5927485 0.7227531 0.5927485 0.7118319 0.5927485 0.7227531 0.5927485 0.5410208 0.5927485 0.7118319 0.5927485 0.5410208 0.5927485 0.527247 0.5927485 0.527247 0.375 0.25 0.375 0.25 0.375 0.25 0.375 0.75 0.375 0.75 0.375 0.75 0.375 0.75 0.375 0.75 0.375 0.75 0.3426342 0.7116193 0.3426342 0.7227531 0.3274677 0.7227531 0.375 0.25 0.375 0.25 0.375 0.25 0.375 0.5 0.375 0.5 0.375 0.5 0.625 0.25 0.625 0.25 0.625 0.25 0.8426342 0.7118319 0.8426342 0.7227531 0.8239899 0.7227531 0.6573658 0.7227531 0.6573658 0.7227531 0.6573658 0.7118319 0.625 0.02724695 0.625 0.02724695 0.625 0.03816807 0.625 0.527247 0.625 0.527247 0.625 0.7118319 0.625 0.25 0.625 0.25 0.625 0.2823658 0.375 1 0.375 1 0.375 1 0.375 0.02724695 0.375 0.02724695 0.375 0 0.4072515 0.75 0.4072515 0.75 0.4222214 0.75 0.5927485 0.75 0.5927485 0.75 0.625 0.75 0.4072515 1 0.4072515 1 0.375 1 0.375 0.2823658 0.375 0.2823658 0.375 0.25 0.625 0.222753 0.625 0.25 0.5927485 0.25 0.4072515 0 0.375 0 0.375 0 0.4072515 0.222753 0.4072515 0.25 0.375 0.25 0.5927485 0.222753 0.5927485 0.25 0.4230257 0.25 0.5732482 0 0.4072515 0 0.4072515 0 0.5927485 0 0.5927485 0 0.625 0 0.5927485 0 0.5927485 0.02724695 0.5732482 0.02724695 0.4072515 0 0.4072515 0.02724695 0.375 0.02724695 0.4072515 0.2109342 0.4072515 0.222753 0.375 0.222753 0.625 0 0.625 0.02724695 0.5927485 0.02724695 0.5927485 0.03816807 0.625 0.03816807 0.625 0.222753 0.5927485 0.2823658 0.5927485 0.2823658 0.4230257 0.2823658 0.5927485 0.2823658 0.420907 0.2823658 0.4230257 0.2823658 0.625 1 0.625 1 0.5927485 1 0.625 0.9676342 0.625 0.9676342 0.625 1 0.3426342 0.7227531 0.3426342 0.7227531 0.3274678 0.7227531 0.4072515 0.02724695 0.4072515 0.02724695 0.4072515 0.03838068 0.4072515 0.02724695 0.4072515 0.2115144 0.4072515 0.03838068 0.4072515 0.2115144 0.4072515 0.222753 0.4072515 0.222753 0.4072515 0.2115144 0.4072515 0.222753 0.4072515 0.2109342 0.625 0.25 0.625 0.25 0.625 0.25 0.4072515 0.527247 0.4072515 0.527247 0.4072514 0.5390657 0.4072515 0.527247 0.4072515 0.7110621 0.4072514 0.5390657 0.4072515 0.7110621 0.4072515 0.7227531 0.4072515 0.7116193 0.4072515 0.7227531 0.4072515 0.7227531 0.4072515 0.7116193 0.625 0.4676342 0.625 0.5 0.5927485 0.5 0.625 0.25 0.625 0.2823658 0.5927485 0.2823658 0.5927485 0.4537926 0.625 0.4537925 0.625 0.4676342 0.4072515 0.4524678 0.4072515 0.4676342 0.375 0.4676342 0.4072515 0.25 0.4072515 0.2823658 0.375 0.2823658 0.4230257 0.25 0.5927485 0.25 0.5927485 0.2823658 0.4072515 0.4676342 0.4072515 0.5 0.375 0.5 0.5798316 0.4676342 0.5927485 0.4676342 0.5927485 0.5 0.5927485 0.25 0.5927485 0.25 0.625 0.25 0.4072515 0.25 0.4072515 0.25 0.4230257 0.25 0.375 0.25 0.375 0.25 0.4072515 0.25 0.625 1 0.625 1 0.625 1 0.4072515 0.2823658 0.4072515 0.2823658 0.4072514 0.2971 0.4072515 0.2823658 0.4072515 0.297154 0.4072514 0.2971 0.4072515 0.297154 0.4072515 0.4676342 0.4072515 0.4524678 0.4072515 0.4676342 0.4072515 0.4676342 0.4072515 0.4524678 0.625 0.02724695 0.625 0 0.625 0 0.5927485 0.4676342 0.5927485 0.4676342 0.5927485 0.4542399 0.5927485 0.4542399 0.5927485 0.2823658 0.5927485 0.3010101 0.5927485 0.2823658 0.5927485 0.2823658 0.5927485 0.3010101 0.5927485 0.4537926 0.5927485 0.4676342 0.5927485 0.4542399 0.375 0.25 0.4072515 0.25 0.4072515 0.25 0.5927485 0.5 0.5927485 0.5 0.5798316 0.5 0.625 0.75 0.625 0.75 0.625 0.75 0.625 0.7227531 0.625 0.75 0.5927485 0.75 0.5927485 0.75 0.5927485 0.75 0.4222214 0.75 0.375 0.5 0.375 0.5 0.4072515 0.5 0.625 0.75 0.625 0.75 0.5927485 0.75 0.4072515 0.7227531 0.4072515 0.75 0.375 0.75 0.5927485 0.7227531 0.5927485 0.75 0.4222214 0.75 0.4072515 0.75 0.4072515 0.75 0.375 0.75 0.5927485 0.5 0.5927485 0.527247 0.5798316 0.527247 0.4072515 0.5 0.4072515 0.527247 0.375 0.527247 0.375 0.7116193 0.4072515 0.7116193 0.4072515 0.7227531 0.625 0.5 0.625 0.527247 0.5927485 0.527247 0.625 0.7118319 0.625 0.7227531 0.5927485 0.7227531 0.4072515 0.5 0.4072515 0.5 0.5798316 0.5 0.5927485 0.5 0.5927485 0.5 0.625 0.5 0.375 0.75 0.375 0.75 0.4072515 0.75 0.625 0.5 0.625 0.5 0.625 0.527247 0.4072515 0.7227531 0.4072515 0.7227531 0.4205977 0.7227531 0.4205977 0.7227531 0.5927485 0.7227531 0.4222214 0.7227531 0.5927485 0.7227531 0.5927485 0.7227531 0.4222214 0.7227531 0.8426342 0.7227531 0.8426342 0.7227531 0.8239899 0.7227531 0.625 0.5 0.625 0.5 0.5927485 0.5 0.375 0 0.375 0 0.375 0 0.875 0.527247 0.875 0.527247 0.875 0.7118319 0.875 0.7227531 0.875 0.75 0.8426342 0.75 0.6573658 0.7227531 0.6573658 0.75 0.625 0.75 0.8426342 0.7227531 0.8426342 0.75 0.8239899 0.75 0.625 0.5 0.625 0.5 0.6573658 0.5 0.8426342 0.75 0.8426342 0.75 0.8239898 0.75 0.875 0.75 0.875 0.75 0.8426342 0.75 0.6573658 0.75 0.6573658 0.75 0.625 0.75 0.625 0.75 0.625 0.75 0.625 0.7227531 0.625 0.5 0.625 0.5 0.625 0.5 0.875 0.7227531 0.875 0.7227531 0.875 0.75 0.625 0.75 0.625 0.75 0.625 0.75 0.8426342 0.5 0.8426342 0.527247 0.8239899 0.527247 0.6573658 0.5 0.6573658 0.527247 0.625 0.527247 0.6573658 0.7118319 0.6573658 0.7227531 0.625 0.7227531 0.875 0.5 0.875 0.527247 0.8426342 0.527247 0.875 0.7118319 0.875 0.7227531 0.8426342 0.7227531 0.875 0.75 0.875 0.75 0.875 0.75 0.875 0.5 0.875 0.5 0.875 0.527247 0.8426342 0.5 0.8426342 0.5 0.875 0.5 0.6573658 0.5 0.6573658 0.5 0.6712074 0.5 0.875 0.5 0.875 0.5 0.875 0.5 0.625 0.527247 0.625 0.527247 0.625 0.5 0.625 0.7227531 0.625 0.7227531 0.625 0.7118319 0.125 0.75 0.125 0.75 0.125 0.7227531 0.375 0.7227531 0.375 0.75 0.3426342 0.75 0.1573657 0.7227531 0.1573657 0.75 0.125 0.75 0.3426342 0.7227531 0.3426342 0.75 0.3274677 0.75 0.375 0.75 0.375 0.75 0.375 0.75 0.1573657 0.5 0.1573657 0.5 0.1721 0.5 0.375 0.527247 0.375 0.527247 0.375 0.5390657 0.125 0.5 0.125 0.5 0.125 0.5 0.3426342 0.5 0.3426342 0.5 0.375 0.5 0.125 0.75 0.125 0.75 0.125 0.75 0.1573657 0.75 0.1573657 0.75 0.125 0.75 0.3426342 0.75 0.3426342 0.75 0.3274677 0.75 0.375 0.75 0.375 0.75 0.3426342 0.75 0.125 0.7227531 0.125 0.7227531 0.125 0.7116193 0.375 0.7227531 0.375 0.7227531 0.375 0.75 0.375 0.5 0.375 0.5 0.375 0.527247 0.3426342 0.5 0.3426342 0.527247 0.3274678 0.527247 0.1573657 0.5 0.1573657 0.527247 0.125 0.527247 0.1573657 0.7116193 0.1573657 0.7227531 0.125 0.7227531 0.375 0.5 0.375 0.527247 0.3426342 0.527247 0.375 0.7116193 0.375 0.7227531 0.3426342 0.7227531 0.125 0.527247 0.125 0.527247 0.125 0.5 0.125 0.5 0.125 0.5 0.1573657 0.5 0.375 0.5 0.375 0.5 0.375 0.5 0.5806232 0.02724695 0.5806232 0.02724695 0.4072515 0.2115144 0.4072515 0.7227531 0.4072515 0.7110621 0.4205977 0.7227531 0.4072515 0.7110621 0.5789373 0.527247 0.4205977 0.7227531 0.5789373 0.527247 0.5927485 0.527247 0.5927485 0.5410208 0.4072515 0.7110621 0.5789373 0.527247 0.5789373 0.527247 0.5927485 0.527247 0.5927485 0.527247 0.5789373 0.527247 0.5927485 0.5410208 0.4205977 0.7227531 0.4205977 0.7227531 0.5927485 0.5410208 0.5927485 0.5410208 0.5927485 0.527247 0.4072515 0.297154 0.4072515 0.2823658 0.420907 0.2823658 0.420907 0.2823658 0.5927485 0.4542399 0.4072515 0.297154 0.5927485 0.4542399 0.5927485 0.4676342 0.5798326 0.4676342 0.5927485 0.4542399 0.5927485 0.4542399 0.420907 0.2823658 0.4072515 0.297154 0.4072515 0.297154 0.5798326 0.4676342 0.4072515 0.222753 0.4072515 0.2115144 0.4224147 0.222753 0.4072515 0.2115144 0.5806232 0.02724695 0.4224147 0.222753 0.5806232 0.02724695 0.5927485 0.02724695 0.5927485 0.03852808 0.5927485 0.02724695 0.5927485 0.02724695 0.5806232 0.02724695 0.5927485 0.03852808 0.4224147 0.222753 0.4224147 0.222753 0.4072515 0.7989779 0.4072515 0.7823658 0.4232829 0.7823658 0.4232829 0.7823658 0.5927485 0.9478145 0.4072515 0.7989779 0.5927485 0.9478145 0.5927485 0.9676342 0.5730372 0.9676342 0.4072515 0.7989779 0.4072515 0.7989779 0.5730372 0.9676342 0.5927485 0.9478145 0.5927485 0.9478145 0.4232829 0.7823658 0.5732482 0 0.5732482 0.02724695 0.4072515 0.02724695 0.5732482 0 0.5732482 0 0.5927485 0 0.5732482 1 0.5732482 1 0.4072515 1 0.5732482 0.9676342 0.5732482 1 0.4072515 1 0.8239899 0.5 0.8239899 0.5 0.8426342 0.5 0.8239899 0.5 0.8239899 0.527247 0.6712074 0.527247 0.8239899 0.75 0.8239898 0.75 0.6712074 0.75 0.8239899 0.7227531 0.8239899 0.75 0.6712074 0.75 0.8239899 0.7227531 0.8239899 0.7227531 0.6712074 0.7227531 0.625 0.2823658 0.625 0.3010101 0.5927485 0.3010101 0.8239899 0.7118319 0.8239899 0.7227531 0.6712074 0.7227531 0.625 0.3010101 0.625 0.3010101 0.625 0.4537925 0.625 0.7962074 0.625 0.9489899 0.5927485 0.9489899 0.625 0.9489899 0.625 0.9489899 0.625 0.9676342 0.8239899 0.527247 0.8239899 0.527247 0.8426342 0.527247 0.8239899 0.527247 0.8239899 0.7118319 0.6712074 0.7118319 0.625 0.7118319 0.625 0.7118319 0.625 0.527247 0.875 0.527247 0.875 0.7118319 0.8426342 0.7118319 0.6573658 0.527247 0.6573658 0.7118319 0.625 0.7118319 0.875 0.7118319 0.875 0.7118319 0.875 0.7227531 0.625 0.527247 0.625 0.7118319 0.5927485 0.7118319 0.5927485 0.02724695 0.625 0.02724695 0.625 0.03816807 0.625 0.7118319 0.625 0.7118319 0.625 0.7227531 0.625 0.03816807 0.625 0.03816807 0.625 0.222753 0.6573658 0.7118319 0.6573658 0.7118319 0.6573658 0.527247 0.8426342 0.527247 0.8426342 0.7118319 0.8239899 0.7118319 0.8426342 0.7118319 0.8426342 0.7118319 0.8426342 0.7227531 0.4222214 0.7227531 0.4222214 0.75 0.4072515 0.75 0.4222214 0.75 0.4222214 0.75 0.4072515 0.75 0.4222214 0.75 0.4222214 0.75 0.5927485 0.75 0.4222214 0.75 0.4222214 0.7823659 0.4072515 0.7823658 0.375 0.5390657 0.375 0.7116193 0.3426342 0.7116193 0.1573657 0.5390657 0.1573657 0.7116193 0.125 0.7116193 0.125 0.7116193 0.125 0.7116193 0.125 0.5390657 0.375 0.7116193 0.375 0.7116193 0.375 0.7227531 0.375 0.5390657 0.4072514 0.5390657 0.4072515 0.7116193 0.4072515 0.02724695 0.4072515 0.03838068 0.375 0.03838068 0.3426342 0.5390657 0.3426342 0.7116193 0.3274678 0.7116193 0.1573658 0.5390657 0.1573657 0.7116193 0.1573657 0.7116193 0.375 0.5390657 0.375 0.7116193 0.375 0.7116193 0.375 0.03838068 0.375 0.03838068 0.375 0.02724695 0.3426342 0.7116193 0.3426342 0.7116193 0.3426342 0.7227531 0.3274678 0.5390657 0.3274678 0.7116193 0.1721 0.7116193 0.3274678 0.5 0.3274678 0.527247 0.1721 0.527247 0.3274677 0.75 0.3274677 0.75 0.1721 0.75 0.3274678 0.5 0.3274678 0.5 0.3426342 0.5 0.3274678 0.7227531 0.3274677 0.75 0.1721 0.75 0.4072514 0.2971 0.4072515 0.4524678 0.375 0.4524678 0.3274677 0.7227531 0.3274678 0.7227531 0.1721 0.7227531 0.3274678 0.7116193 0.3274677 0.7227531 0.1721 0.7227531 0.4072515 0.7823658 0.4072515 0.7975322 0.375 0.7975322 0.375 0.4524678 0.375 0.4524678 0.375 0.2971 0.3274678 0.527247 0.3274678 0.527247 0.3426342 0.527247 0.375 0.7975322 0.375 0.7975322 0.375 0.7823658 0.3274678 0.527247 0.3274678 0.5390657 0.1721 0.5390657 0.375 0.5390657 0.375 0.5390657 0.375 0.527247 0.1573658 0.5390657 0.1573657 0.5390657 0.1573657 0.527247 0.3426342 0.527247 0.3426342 0.5390657 0.3274678 0.5390657 0.375 0.527247 0.4072515 0.527247 0.4072514 0.5390657 0.125 0.5390657 0.125 0.5390657 0.125 0.527247 0.1573657 0.527247 0.1573657 0.5390657 0.125 0.5390657 0.375 0.527247 0.375 0.5390657 0.3426342 0.5390657 0.375 0.5390657 0.375 0.5390657 0.375 0.7116193 0.4072515 0.03838068 0.4072515 0.2109342 0.375 0.2109342 0.375 0.2109342 0.375 0.2109342 0.375 0.03838068 0.3426342 0.5390657 0.3426342 0.5390657 0.3426342 0.7116193 0.4230257 0.25 0.4230257 0.25 0.5927485 0.25 0.4072515 0.25 0.4230257 0.25 0.4230257 0.2823658 0.4230257 0.222753 0.4230257 0.25 0.4072515 0.25 0.4230257 0.25 0.4230257 0.25 0.4072515 0.25 0.1721 0.527247 0.1721 0.5390657 0.1573658 0.5390657 0.375 0.2971 0.375 0.2971 0.375 0.2823658 0.1721 0.7116193 0.1721 0.7227531 0.1573657 0.7227531 0.1721 0.7227531 0.1721 0.7227531 0.1573657 0.7227531 0.4072515 0.2823658 0.4072514 0.2971 0.375 0.2971 0.1721 0.7227531 0.1721 0.75 0.1573657 0.75 0.1721 0.75 0.1721 0.75 0.1573657 0.75 0.1721 0.5 0.1721 0.527247 0.1573657 0.527247 0.1721 0.5390657 0.1721 0.7116193 0.1573657 0.7116193 0.1721 0.5 0.1721 0.5 0.3274678 0.5 0.4072515 0.7975322 0.4072514 0.9528999 0.375 0.9528999 0.1721 0.527247 0.1721 0.527247 0.3274678 0.527247 0.375 0.9528999 0.375 0.9528999 0.375 0.7975322 0.6712074 0.527247 0.6712074 0.7118319 0.6573658 0.7118319 0.625 0.7823658 0.625 0.7962074 0.5927485 0.7962074 0.625 0.4537925 0.625 0.4537925 0.625 0.4676342 0.6712074 0.7118319 0.6712074 0.7227531 0.6573658 0.7227531 0.6712074 0.7227531 0.6712074 0.7227531 0.6573658 0.7227531 0.6712074 0.7227531 0.6712074 0.75 0.6573658 0.75 0.6712074 0.75 0.6712074 0.75 0.6573658 0.75 0.6712074 0.5 0.6712074 0.527247 0.6573658 0.527247 0.6712074 0.5 0.6712074 0.5 0.8239899 0.5 0.5927485 0.3010101 0.625 0.3010101 0.625 0.4537925 0.625 0.7962074 0.625 0.7962074 0.625 0.9489899 0.6712074 0.527247 0.6712074 0.527247 0.8239899 0.527247 0.5798316 0.5 0.5798316 0.5 0.5927485 0.5 0.5798316 0.5 0.5798316 0.527247 0.4072515 0.527247 0.5798316 0.5 0.5798316 0.5 0.4072515 0.5 0.4072515 0.4676342 0.5798316 0.4676342 0.5798316 0.5</float_array>
          <technique_common>
            <accessor source="#Cube_007-mesh-map-0-array" count="1863" stride="2">
              <param name="S" type="float"/>
              <param name="T" type="float"/>
            </accessor>
          </technique_common>
        </source>
        <vertices id="Cube_007-mesh-vertices">
          <input semantic="POSITION" source="#Cube_007-mesh-positions"/>
        </vertices>
        <triangles material="haus_holz_004-material" count="295">
          <input semantic="VERTEX" source="#Cube_007-mesh-vertices" offset="0"/>
          <input semantic="NORMAL" source="#Cube_007-mesh-normals" offset="1"/>
          <input semantic="TEXCOORD" source="#Cube_007-mesh-map-0" offset="2" set="0"/>
          <p>23 0 0 286 0 1 282 1 2 57 2 3 276 3 4 249 4 5 36 0 27 279 0 28 275 0 29 38 3 42 269 14 43 265 15 44 184 3 45 76 3 46 13 3 47 73 6 54 259 6 55 252 6 56 25 17 57 299 0 58 297 18 59 64 3 78 270 26 79 262 27 80 199 28 93 31 0 94 201 29 95 287 30 96 23 0 97 282 1 98 29 0 102 210 0 103 225 0 104 31 0 108 215 0 109 214 0 110 102 7 117 248 34 118 241 7 119 75 35 123 222 36 124 211 37 125 16 0 135 218 0 136 215 0 137 37 7 141 245 42 142 238 7 143 235 51 162 251 13 163 260 52 164 223 55 174 193 56 175 234 57 176 65 3 180 232 60 181 224 61 182 103 62 183 233 63 184 226 7 185 18 0 195 237 0 196 225 0 197 60 67 216 249 4 217 206 70 218 217 71 219 63 69 220 218 3 221 50 3 225 209 72 226 217 71 227 204 73 231 64 3 232 262 27 233 208 74 237 52 11 238 60 67 239 39 6 246 258 6 247 251 6 248 200 81 264 69 19 265 81 6 266 253 6 267 73 6 268 252 6 269 274 6 273 80 6 274 198 6 275 203 6 279 79 6 280 291 6 281 1 6 285 276 6 286 274 6 287 79 6 306 303 6 307 291 6 308 92 7 315 237 7 316 236 83 317 99 82 327 236 83 328 194 85 329 95 88 333 302 7 334 301 7 335 241 7 339 98 7 340 102 7 341 226 7 345 99 82 346 227 90 347 3 7 348 303 7 349 301 7 350 7 93 372 232 94 373 228 95 374 116 56 381 219 56 382 221 56 383 111 56 387 216 56 388 219 56 389 113 56 408 220 56 409 207 56 410 230 97 414 108 56 415 229 98 416 228 95 420 116 56 421 231 100 422 5 56 432 295 56 433 292 56 434 108 56 441 233 102 442 229 98 443 153 13 453 255 105 454 258 13 455 142 13 459 281 13 460 278 13 461 146 13 462 264 109 463 263 110 464 148 104 477 256 114 478 255 105 479 140 13 483 247 116 484 243 117 485 150 13 492 257 13 493 254 13 494 245 118 498 140 13 499 243 117 500 244 119 504 153 13 505 246 120 506 42 6 543 196 6 544 188 6 545 46 0 561 209 0 562 182 0 563 217 71 576 66 159 577 56 68 578 217 71 579 61 3 580 50 3 581 215 0 582 63 0 583 28 0 584 214 0 585 28 0 586 27 0 587 207 56 588 138 56 589 113 56 590 207 56 591 293 56 592 292 56 593 219 56 594 299 56 595 298 56 596 221 56 597 298 56 598 294 56 599 75 35 603 205 160 604 80 6 605 234 57 606 289 56 607 300 161 608 211 37 609 295 6 610 290 162 611 297 18 612 201 29 613 296 163 614 199 28 615 127 0 616 21 0 617 229 98 624 139 166 625 131 96 626 7 93 627 231 100 628 133 99 629 132 167 630 229 98 631 131 96 632 228 95 633 124 56 634 123 56 635 103 62 636 227 90 637 105 89 638 67 3 639 224 61 640 208 74 641 226 7 642 110 7 643 87 7 644 224 61 645 135 168 646 52 11 647 194 85 657 89 86 658 98 7 659 236 83 660 100 171 661 89 86 662 225 0 663 91 0 664 29 0 665 225 0 666 26 172 667 18 0 668 263 110 669 246 120 670 269 173 671 268 174 672 243 117 673 267 175 674 243 117 675 270 176 676 267 175 677 244 119 678 160 13 679 159 13 680 261 177 681 192 178 682 241 7 683 66 159 684 239 179 685 48 3 686 265 180 687 260 52 688 272 181 689 266 182 690 245 42 691 268 183 692 261 177 693 248 34 694 264 184 695 239 179 696 168 3 697 48 3 698 235 3 699 153 3 700 39 3 701 272 181 702 283 185 703 288 186 704 254 13 705 279 13 706 278 13 707 255 105 708 286 187 709 285 188 710 254 13 711 157 13 712 150 13 713 258 13 714 285 188 715 280 13 716 202 189 717 252 6 718 277 190 719 251 6 720 280 6 721 273 6 722 260 52 723 273 13 724 283 185 725 26 172 726 242 191 727 20 0 728 252 6 729 281 6 730 277 190 731 250 0 732 171 0 733 38 0 734 242 191 735 164 0 736 20 0 737 250 13 738 288 186 739 275 13 740 261 177 741 167 7 742 86 7 743 266 182 744 170 7 745 36 7 746 38 13 747 272 181 748 250 13 749 86 7 750 271 192 751 261 177 752 267 175 753 174 13 754 169 13 755 170 13 756 267 175 757 169 13 758 146 13 759 269 173 760 171 13 761 263 110 762 248 193 763 244 119 764 240 194 765 262 27 766 239 179 767 262 27 768 247 195 769 239 179 770 265 15 771 246 196 772 235 3 773 274 6 774 85 6 775 78 6 776 1 6 777 198 6 778 76 197 779 206 70 780 54 3 781 59 3 782 249 4 783 83 3 784 54 3 785 275 13 786 266 198 787 36 13 788 277 190 789 161 6 790 68 6 791 283 185 792 37 13 793 238 181 794 273 6 795 152 6 796 37 6 797 76 197 798 277 190 799 68 6 800 280 13 801 151 113 802 152 13 803 285 188 804 166 199 805 151 113 806 278 13 807 170 13 808 142 13 809 288 186 810 238 181 811 266 198 812 278 13 813 259 13 814 254 13 815 213 200 816 282 1 817 242 191 818 275 0 819 257 0 820 250 0 821 282 1 822 256 0 823 242 191 824 25 17 828 296 163 829 30 0 830 290 162 831 121 203 832 69 19 833 300 161 834 33 56 835 212 201 836 294 56 840 114 56 841 115 56 842 298 56 843 130 56 844 114 56 845 292 56 846 132 167 847 5 56 848 292 56 849 222 56 850 207 56 851 205 160 852 290 162 853 200 81 854 297 18 855 216 0 856 199 28 857 301 7 861 106 7 862 95 88 863 301 7 864 104 7 865 3 7 866 291 6 867 107 6 868 71 6 869 77 6 870 291 6 871 71 6 872 23 0 873 166 0 874 286 0 875 57 2 876 85 3 877 276 3 878 36 0 906 170 0 907 279 0 908 38 3 936 171 3 937 269 14 938 184 3 939 198 3 940 76 3 941 73 6 948 157 6 949 259 6 950 25 17 951 130 0 952 299 0 953 64 3 981 174 3 982 270 26 983 199 28 1002 21 0 1003 31 0 1004 287 30 1005 27 0 1006 23 0 1007 29 0 1011 30 0 1012 210 0 1013 31 0 1017 16 0 1018 215 0 1019 102 7 1038 160 7 1039 248 34 1040 75 35 1044 138 64 1045 222 36 1046 16 0 1062 61 0 1063 218 0 1064 37 7 1065 152 7 1066 245 42 1067 235 51 1095 39 13 1096 251 13 1097 223 55 1107 35 56 1108 193 56 1109 65 3 1113 124 3 1114 232 60 1115 103 62 1116 139 91 1117 233 63 1118 18 0 1128 100 0 1129 237 0 1130 60 67 1149 57 2 1150 249 4 1151 217 71 1152 56 68 1153 63 69 1154 50 3 1158 67 3 1159 209 72 1160 204 73 1164 59 3 1165 64 3 1166 208 74 1170 224 61 1171 52 11 1172 39 6 1185 153 6 1186 258 6 1187 200 81 1221 290 162 1222 69 19 1223 253 6 1224 77 6 1225 73 6 1226 274 6 1230 78 6 1231 80 6 1232 203 6 1236 81 6 1237 79 6 1238 1 6 1242 83 6 1243 276 6 1244 79 6 1281 106 6 1282 303 6 1283 92 7 1290 91 7 1291 237 7 1292 99 82 1302 92 7 1303 236 83 1304 95 88 1308 105 89 1309 302 7 1310 241 7 1314 192 178 1315 98 7 1316 226 7 1320 87 7 1321 99 82 1322 3 7 1323 107 84 1324 303 7 1325 7 93 1353 135 101 1354 232 94 1355 116 56 1362 111 56 1363 219 56 1364 111 56 1368 127 56 1369 216 56 1370 113 56 1389 133 99 1390 220 56 1391 230 97 1395 115 56 1396 108 56 1397 228 95 1401 123 56 1402 116 56 1403 5 56 1413 121 56 1414 295 56 1415 108 56 1422 110 56 1423 233 102 1424 153 13 1434 148 104 1435 255 105 1436 142 13 1440 161 13 1441 281 13 1442 146 13 1443 167 13 1444 264 109 1445 148 104 1458 164 115 1459 256 114 1460 140 13 1464 168 13 1465 247 116 1466 150 13 1473 171 13 1474 257 13 1475 245 118 1479 152 13 1480 140 13 1481 244 119 1485 159 13 1486 153 13 1487 42 6 1512 105 6 1513 196 6 1514 190 56 1518 197 56 1519 105 56 1520 46 0 1545 67 0 1546 209 0 1547 217 71 1566 209 72 1567 66 159 1568 217 71 1569 218 3 1570 61 3 1571 215 0 1572 218 0 1573 63 0 1574 214 0 1575 215 0 1576 28 0 1577 207 56 1578 222 56 1579 138 56 1580 207 56 1581 220 56 1582 293 56 1583 219 56 1584 216 56 1585 299 56 1586 221 56 1587 219 56 1588 298 56 1589 75 35 1593 211 37 1594 205 160 1595 234 57 1596 193 56 1597 289 56 1598 211 37 1599 222 36 1600 295 6 1601 297 18 1602 199 28 1603 201 29 1604 199 28 1605 216 0 1606 127 0 1607 229 98 1614 233 102 1615 139 166 1616 7 93 1617 228 95 1618 231 100 1619 132 167 1620 230 97 1621 229 98 1622 228 95 1623 232 94 1624 124 56 1625 103 62 1626 226 7 1627 227 90 1628 67 3 1629 65 3 1630 224 61 1631 226 7 1632 233 63 1633 110 7 1634 224 61 1635 232 60 1636 135 168 1637 194 85 1647 236 83 1648 89 86 1649 236 83 1650 237 7 1651 100 171 1652 225 0 1653 237 0 1654 91 0 1655 225 0 1656 210 0 1657 26 172 1658 263 110 1659 244 119 1660 246 120 1661 268 174 1662 245 118 1663 243 117 1664 243 117 1665 247 116 1666 270 176 1667 244 119 1668 248 193 1669 160 13 1670 261 177 1671 271 192 1672 192 178 1673 66 159 1674 240 194 1675 239 179 1676 265 180 1677 235 51 1678 260 52 1679 266 182 1680 238 7 1681 245 42 1682 261 177 1683 241 7 1684 248 34 1685 239 179 1686 247 195 1687 168 3 1688 235 3 1689 246 196 1690 153 3 1691 272 181 1692 260 52 1693 283 185 1694 254 13 1695 257 13 1696 279 13 1697 255 105 1698 256 114 1699 286 187 1700 254 13 1701 259 13 1702 157 13 1703 258 13 1704 255 105 1705 285 188 1706 202 189 1707 253 6 1708 252 6 1709 251 6 1710 258 6 1711 280 6 1712 260 52 1713 251 13 1714 273 13 1715 26 172 1716 213 200 1717 242 191 1718 252 6 1719 259 6 1720 281 6 1721 250 0 1722 257 0 1723 171 0 1724 242 191 1725 256 0 1726 164 0 1727 250 13 1728 272 181 1729 288 186 1730 261 177 1731 264 184 1732 167 7 1733 266 182 1734 268 183 1735 170 7 1736 38 13 1737 265 180 1738 272 181 1739 86 7 1740 104 7 1741 271 192 1742 267 175 1743 270 176 1744 174 13 1745 170 13 1746 268 174 1747 267 175 1748 146 13 1749 263 110 1750 269 173 1751 263 110 1752 264 109 1753 248 193 1754 240 194 1755 204 73 1756 262 27 1757 262 27 1758 270 26 1759 247 195 1760 265 15 1761 269 14 1762 246 196 1763 274 6 1764 276 6 1765 85 6 1766 1 6 1767 274 6 1768 198 6 1769 206 70 1770 249 4 1771 54 3 1772 249 4 1773 276 3 1774 83 3 1775 275 13 1776 288 186 1777 266 198 1778 277 190 1779 281 6 1780 161 6 1781 283 185 1782 273 13 1783 37 13 1784 273 6 1785 280 6 1786 152 6 1787 76 197 1788 202 189 1789 277 190 1790 280 13 1791 285 188 1792 151 113 1793 285 188 1794 286 187 1795 166 199 1796 278 13 1797 279 13 1798 170 13 1799 288 186 1800 283 185 1801 238 181 1802 278 13 1803 281 13 1804 259 13 1805 213 200 1806 287 30 1807 282 1 1808 275 0 1809 279 0 1810 257 0 1811 282 1 1812 286 0 1813 256 0 1814 25 17 1818 297 18 1819 296 163 1820 290 162 1821 295 6 1822 121 203 1823 300 161 1824 289 56 1825 33 56 1826 294 56 1830 298 56 1831 114 56 1832 298 56 1833 299 56 1834 130 56 1835 292 56 1836 293 56 1837 132 167 1838 292 56 1839 295 56 1840 222 56 1841 205 160 1842 211 37 1843 290 162 1844 297 18 1845 299 0 1846 216 0 1847 301 7 1851 303 7 1852 106 7 1853 301 7 1854 302 7 1855 104 7 1856 291 6 1857 303 6 1858 107 6 1859 77 6 1860 203 6 1861 291 6 1862</p>
        </triangles>
        <triangles material="kiste-material" count="120">
          <input semantic="VERTEX" source="#Cube_007-mesh-vertices" offset="0"/>
          <input semantic="NORMAL" source="#Cube_007-mesh-normals" offset="1"/>
          <input semantic="TEXCOORD" source="#Cube_007-mesh-map-0" offset="2" set="0"/>
          <p>188 0 6 104 0 7 302 0 8 32 0 18 293 0 19 284 0 20 177 13 33 296 13 34 201 13 35 187 3 36 81 3 37 203 3 38 178 21 63 287 22 64 213 23 65 34 24 72 231 25 73 223 7 74 206 0 81 59 0 82 181 0 83 182 6 111 66 6 112 209 6 113 210 31 114 30 32 115 176 33 116 214 7 126 27 38 127 179 39 128 208 43 144 60 44 145 180 45 146 190 46 147 105 47 148 227 48 149 33 3 177 230 58 178 212 59 179 183 75 249 204 76 250 240 77 251 189 78 255 192 79 256 271 80 257 186 56 294 253 56 295 202 56 296 185 13 300 205 13 301 200 13 302 194 6 360 98 6 361 191 6 362 35 6 363 221 6 364 193 6 365 182 122 525 204 123 526 183 124 527 197 125 534 194 126 535 196 127 536 189 128 537 196 129 538 192 130 539 190 132 546 194 133 547 197 134 548 202 135 549 200 136 550 203 137 551 185 138 552 198 139 553 184 140 554 186 141 555 203 142 556 187 143 557 208 144 558 206 145 559 209 146 560 180 147 564 206 148 565 208 149 566 213 150 567 201 151 568 214 152 569 178 153 570 214 154 571 179 155 572 177 156 573 210 157 574 176 158 575 193 6 600 294 6 601 289 6 602 195 0 618 133 0 619 34 0 620 212 59 648 132 169 649 32 3 650 223 7 654 116 7 655 35 7 656 289 6 837 115 6 838 33 6 839 284 0 858 220 0 859 195 0 860 105 0 879 42 0 880 302 0 881 42 0 882 188 0 883 302 0 884 188 0 885 40 0 886 104 0 887 32 0 897 132 0 898 293 0 899 31 13 912 10 13 913 201 13 914 10 13 915 177 13 916 201 13 917 177 13 918 8 13 919 296 13 920 8 13 921 30 13 922 296 13 923 77 3 924 15 204 925 203 205 926 15 204 927 187 206 928 203 205 929 187 3 930 14 3 931 81 3 932 26 207 957 9 208 958 213 209 959 9 208 960 178 210 961 213 209 962 178 21 963 11 211 964 287 22 965 11 211 966 27 212 967 287 22 968 34 24 975 133 213 976 231 25 977 59 0 984 45 0 985 181 0 986 181 0 987 47 0 988 206 0 989 47 0 990 60 0 991 206 0 992 67 6 1020 46 6 1021 182 6 1022 182 6 1023 44 6 1024 66 6 1025 209 6 1026 67 6 1027 182 6 1028 30 32 1029 8 3 1030 176 33 1031 176 3 1032 9 214 1033 210 215 1034 9 214 1035 26 216 1036 210 215 1037 27 38 1047 11 217 1048 179 39 1049 179 218 1050 10 219 1051 214 220 1052 10 219 1053 31 7 1054 214 220 1055 60 44 1068 47 221 1069 180 45 1070 180 13 1071 46 13 1072 208 13 1073 46 13 1074 67 13 1075 208 13 1076 99 13 1077 43 222 1078 227 48 1079 43 222 1080 190 46 1081 227 48 1082 190 13 1083 42 13 1084 105 13 1085 33 3 1110 115 3 1111 230 58 1112 80 7 1173 12 223 1174 198 224 1175 12 223 1176 184 225 1177 198 224 1178 66 56 1188 44 226 1189 240 77 1190 44 226 1191 183 75 1192 240 77 1193 183 56 1194 45 56 1195 59 56 1196 183 56 1197 59 56 1198 204 56 1199 104 56 1203 40 227 1204 271 80 1205 40 227 1206 189 78 1207 271 80 1208 189 56 1209 41 56 1210 192 56 1211 41 56 1212 98 56 1213 192 56 1214 76 56 1251 13 56 1252 202 56 1253 13 56 1254 186 56 1255 202 56 1256 186 56 1257 15 56 1258 253 56 1259 15 56 1260 77 56 1261 253 56 1262 81 13 1266 14 13 1267 185 13 1268 185 13 1269 12 13 1270 205 13 1271 12 13 1272 80 13 1273 205 13 1274 200 13 1275 81 13 1276 185 13 1277 98 6 1335 41 6 1336 191 6 1337 191 228 1338 43 229 1339 194 230 1340 43 229 1341 99 6 1342 194 230 1343 35 6 1344 116 6 1345 221 6 1346 182 122 1497 209 232 1498 204 123 1499 98 7 1500 192 233 1501 194 126 1502 192 233 1503 196 127 1504 194 126 1505 196 127 1506 105 7 1507 197 125 1508 189 128 1509 188 234 1510 196 129 1511 190 132 1515 191 235 1516 194 133 1517 202 135 1521 76 6 1522 198 6 1523 198 6 1524 200 136 1525 202 135 1526 200 136 1527 81 6 1528 203 137 1529 185 138 1530 200 236 1531 198 139 1532 186 141 1533 202 237 1534 203 142 1535 59 3 1536 204 238 1537 206 145 1538 204 238 1539 209 146 1540 206 145 1541 209 146 1542 67 3 1543 208 144 1544 180 147 1548 181 239 1549 206 148 1550 213 150 1551 26 0 1552 210 0 1553 210 0 1554 201 151 1555 213 150 1556 201 151 1557 31 0 1558 214 152 1559 178 153 1560 213 240 1561 214 154 1562 177 156 1563 201 241 1564 210 157 1565 193 6 1590 221 6 1591 294 6 1592 195 0 1608 220 0 1609 133 0 1610 212 59 1638 230 58 1639 132 169 1640 223 7 1644 231 25 1645 116 7 1646 289 6 1827 294 6 1828 115 6 1829 284 0 1848 293 0 1849 220 0 1850</p>
        </triangles>
        <triangles material="baumstamm-material" count="14">
          <input semantic="VERTEX" source="#Cube_007-mesh-vertices" offset="0"/>
          <input semantic="NORMAL" source="#Cube_007-mesh-normals" offset="1"/>
          <input semantic="TEXCOORD" source="#Cube_007-mesh-map-0" offset="2" set="0"/>
          <p>44 41 138 182 41 139 183 41 140 40 7 150 188 7 151 189 7 152 177 0 516 176 0 517 8 0 518 178 0 519 179 0 520 11 0 521 181 121 522 180 121 523 47 121 524 185 6 528 184 6 529 12 6 530 186 6 531 187 6 532 15 6 533 191 131 540 190 131 541 43 131 542 195 164 621 300 161 622 284 165 623 34 170 651 234 57 652 195 164 653 284 165 825 212 201 826 32 202 827 195 164 1611 234 57 1612 300 161 1613 34 170 1641 223 55 1642 234 57 1643 284 165 1815 300 161 1816 212 201 1817</p>
        </triangles>
        <triangles material="metal-material" count="192">
          <input semantic="VERTEX" source="#Cube_007-mesh-vertices" offset="0"/>
          <input semantic="NORMAL" source="#Cube_007-mesh-normals" offset="1"/>
          <input semantic="TEXCOORD" source="#Cube_007-mesh-map-0" offset="2" set="0"/>
          <p>70 5 9 117 6 10 94 6 11 86 7 12 172 7 13 2 8 14 94 9 15 125 7 16 93 10 17 52 11 21 119 3 22 53 12 23 96 6 24 156 6 25 72 6 26 71 6 30 96 6 31 72 6 32 22 0 39 166 0 40 23 0 41 57 2 48 84 16 49 85 3 50 88 7 51 134 7 52 97 7 53 69 19 60 118 20 61 70 5 62 51 3 66 136 3 67 122 3 68 24 0 69 130 0 70 25 17 71 20 0 75 145 0 76 19 0 77 87 7 84 126 7 85 88 7 86 21 0 87 16 0 88 31 0 89 24 0 90 30 0 91 29 0 92 18 0 99 20 0 100 19 0 101 27 0 105 22 0 106 23 0 107 72 6 120 157 6 121 73 6 122 55 3 129 174 3 130 64 3 131 90 40 132 160 7 133 102 7 134 82 3 153 154 3 154 55 3 155 19 0 156 144 0 157 101 0 158 90 40 159 144 49 160 158 50 161 0 6 165 155 6 166 82 6 167 96 53 168 172 7 169 175 7 170 84 6 171 137 6 172 74 54 173 74 54 186 138 64 187 75 35 188 62 0 189 165 0 190 22 0 191 48 3 192 163 65 193 49 66 194 29 0 198 97 0 199 24 0 200 28 0 201 62 0 202 22 0 203 68 6 204 162 6 205 0 6 206 52 11 207 57 2 208 60 67 209 56 68 210 62 3 211 63 69 212 59 3 213 55 3 214 64 3 215 50 3 222 58 3 223 51 3 224 56 68 228 48 3 229 49 66 230 51 3 234 67 3 235 50 3 236 17 0 240 61 0 241 16 0 242 21 0 243 128 0 244 17 0 245 84 16 252 119 3 253 120 3 254 69 19 258 79 6 259 81 6 260 74 54 261 80 6 262 78 6 263 1 6 270 68 6 271 0 6 272 77 6 276 72 6 277 73 6 278 78 6 282 84 6 283 74 54 284 0 6 288 83 6 289 1 6 290 17 0 291 136 0 292 58 0 293 65 3 297 122 3 298 124 3 299 55 3 303 83 3 304 82 3 305 97 0 309 129 0 310 24 0 311 87 7 312 92 7 313 99 82 314 2 8 318 107 84 319 3 7 320 88 7 321 91 7 322 92 7 323 98 7 324 90 40 325 102 7 326 89 86 330 101 87 331 90 40 332 3 7 336 86 7 337 2 8 338 93 10 342 105 89 343 95 88 344 95 88 351 94 9 352 93 10 353 19 0 354 100 0 355 18 0 356 93 10 357 139 91 358 103 62 359 70 5 366 106 6 367 79 6 368 49 66 369 173 92 370 62 3 371 123 56 375 111 56 376 116 56 377 115 56 378 109 56 379 108 56 380 4 56 384 121 56 385 5 56 386 112 56 390 127 56 391 111 56 392 114 56 393 129 56 394 109 56 395 109 56 396 110 56 397 108 56 398 4 56 399 117 56 400 118 56 401 123 56 402 122 56 403 112 56 404 129 56 405 126 56 406 109 56 407 5 56 411 131 96 412 4 56 413 6 56 417 133 99 418 113 56 419 112 56 423 136 56 424 128 56 425 6 56 426 135 101 427 7 93 428 113 56 429 137 56 430 6 56 431 6 56 435 120 56 436 119 56 437 131 96 438 125 56 439 4 56 440 141 103 444 168 13 445 140 13 446 159 13 447 148 104 448 153 13 449 152 13 450 141 103 451 140 13 452 149 106 456 144 107 457 145 108 458 154 13 465 162 13 466 143 13 467 150 13 468 156 13 469 147 13 470 165 111 471 163 112 472 141 103 473 151 113 474 165 111 475 141 103 476 149 106 480 164 115 481 148 104 482 159 13 486 158 105 487 149 106 488 147 13 489 167 13 490 146 13 491 142 13 495 169 13 496 143 13 497 147 13 501 171 13 502 150 13 503 169 13 507 154 13 508 143 13 509 143 13 510 161 13 511 142 13 512 156 13 513 172 13 514 147 13 515 70 5 888 118 20 889 117 6 890 86 7 891 167 7 892 172 7 893 94 9 894 117 7 895 125 7 896 52 11 900 135 168 901 119 3 902 96 6 903 175 6 904 156 6 905 71 6 909 107 6 910 96 6 911 22 0 933 165 0 934 166 0 935 57 2 942 53 12 943 84 16 944 88 7 945 126 7 946 134 7 947 69 19 954 121 203 955 118 20 956 51 3 969 58 3 970 136 3 971 24 0 972 129 0 973 130 0 974 20 0 978 164 0 979 145 0 980 87 7 993 110 7 994 126 7 995 21 0 996 17 0 997 16 0 998 24 0 999 25 17 1000 30 0 1001 18 0 1008 26 172 1009 20 0 1010 27 0 1014 28 0 1015 22 0 1016 72 6 1041 156 6 1042 157 6 1043 55 3 1056 154 3 1057 174 3 1058 90 40 1059 158 50 1060 160 7 1061 82 3 1086 155 3 1087 154 3 1088 19 0 1089 145 0 1090 144 0 1091 90 40 1092 101 87 1093 144 49 1094 0 6 1098 162 6 1099 155 6 1100 96 53 1101 2 8 1102 172 7 1103 84 6 1104 120 6 1105 137 6 1106 74 54 1119 137 6 1120 138 64 1121 62 0 1122 173 0 1123 165 0 1124 48 3 1125 168 3 1126 163 65 1127 29 0 1131 91 0 1132 97 0 1133 28 0 1134 63 0 1135 62 0 1136 68 6 1137 161 6 1138 162 6 1139 52 11 1140 53 12 1141 57 2 1142 56 68 1143 49 66 1144 62 3 1145 59 3 1146 54 3 1147 55 3 1148 50 3 1155 61 3 1156 58 3 1157 56 68 1161 66 159 1162 48 3 1163 51 3 1167 65 3 1168 67 3 1169 17 0 1179 58 0 1180 61 0 1181 21 0 1182 127 0 1183 128 0 1184 84 16 1200 53 12 1201 119 3 1202 69 19 1215 70 5 1216 79 6 1217 74 54 1218 75 35 1219 80 6 1220 1 6 1227 76 197 1228 68 6 1229 77 6 1233 71 6 1234 72 6 1235 78 6 1239 85 6 1240 84 6 1241 0 6 1245 82 6 1246 83 6 1247 17 0 1248 128 0 1249 136 0 1250 65 3 1263 51 3 1264 122 3 1265 55 3 1278 54 3 1279 83 3 1280 97 0 1284 134 0 1285 129 0 1286 87 7 1287 88 7 1288 92 7 1289 2 8 1293 96 53 1294 107 84 1295 88 7 1296 97 7 1297 91 7 1298 98 7 1299 89 86 1300 90 40 1301 89 86 1305 100 171 1306 101 87 1307 3 7 1311 104 7 1312 86 7 1313 93 10 1317 103 62 1318 105 89 1319 95 88 1326 106 7 1327 94 9 1328 19 0 1329 101 0 1330 100 0 1331 93 10 1332 125 7 1333 139 91 1334 70 5 1347 94 6 1348 106 6 1349 49 66 1350 163 65 1351 173 92 1352 123 56 1356 112 56 1357 111 56 1358 115 56 1359 114 56 1360 109 56 1361 4 56 1365 118 56 1366 121 56 1367 112 56 1371 128 56 1372 127 56 1373 114 56 1374 130 56 1375 129 56 1376 109 56 1377 126 56 1378 110 56 1379 4 56 1380 125 56 1381 117 56 1382 123 56 1383 124 56 1384 122 56 1385 129 56 1386 134 56 1387 126 56 1388 5 56 1392 132 167 1393 131 96 1394 6 56 1398 7 93 1399 133 99 1400 112 56 1404 122 56 1405 136 56 1406 6 56 1407 119 56 1408 135 101 1409 113 56 1410 138 56 1411 137 56 1412 6 56 1416 137 56 1417 120 56 1418 131 96 1419 139 166 1420 125 56 1421 141 103 1425 163 112 1426 168 13 1427 159 13 1428 149 106 1429 148 104 1430 152 13 1431 151 113 1432 141 103 1433 149 106 1437 158 105 1438 144 107 1439 154 13 1446 155 13 1447 162 13 1448 150 13 1449 157 13 1450 156 13 1451 165 111 1452 173 231 1453 163 112 1454 151 113 1455 166 199 1456 165 111 1457 149 106 1461 145 108 1462 164 115 1463 159 13 1467 160 13 1468 158 105 1469 147 13 1470 172 13 1471 167 13 1472 142 13 1476 170 13 1477 169 13 1478 147 13 1482 146 13 1483 171 13 1484 169 13 1488 174 13 1489 154 13 1490 143 13 1491 162 13 1492 161 13 1493 156 13 1494 175 13 1495 172 13 1496</p>
        </triangles>
      </mesh>
    </geometry>
    <geometry id="Cylinder_002-mesh" name="Cylinder.002">
      <mesh>
        <source id="Cylinder_002-mesh-positions">
          <float_array id="Cylinder_002-mesh-positions-array" count="684">2.351001 0.3924837 0.003987133 2.380162 0.3985469 0.00395888 2.380467 0.3982373 0.2517895 2.409424 0.3929892 0.003915965 2.409728 0.3926796 0.2517466 2.434331 0.3766567 0.003864943 2.434636 0.3763471 0.2516956 2.451092 0.3520358 0.003813564 2.451397 0.3517261 0.2516442 2.457155 0.3228748 0.003769695 2.45746 0.3225651 0.2516003 2.451598 0.2936133 0.003739953 2.451902 0.2933036 0.2515706 2.435265 0.2687059 0.003728926 2.43557 0.2683963 0.2515596 2.410644 0.2519447 0.003738224 2.410949 0.2516351 0.2515689 2.381483 0.2458814 0.003766536 2.381788 0.2455718 0.2515972 2.352221 0.2514392 0.003809452 2.352526 0.2511295 0.2516401 2.327314 0.2677717 0.003860473 2.310553 0.2923926 0.003911852 2.310858 0.292083 0.2517425 2.30449 0.3215537 0.003955721 2.304795 0.321244 0.2517864 2.310048 0.3508152 0.003985464 2.310352 0.3505055 0.2518161 2.32638 0.3757225 0.003996491 2.326685 0.3754129 0.2518271 2.33781 0.423726 0.1015453 2.338911 0.421067 0.06226211 2.339073 0.4209029 0.1936443 2.337875 0.42366 0.1543707 2.380052 0.4324296 0.1543298 2.380126 0.4294387 0.1936045 2.379964 0.4296029 0.0622223 2.379987 0.4324956 0.1015045 2.422374 0.4243912 0.1542677 2.42132 0.4216147 0.1935441 2.421159 0.4217788 0.06216192 2.422309 0.4244573 0.1014423 2.458399 0.4007688 0.1541939 2.456385 0.3986216 0.1934723 2.456223 0.3987858 0.06209003 2.458334 0.4008348 0.1013686 2.482641 0.3651586 0.1541197 2.479981 0.3639602 0.1934 2.47982 0.3641244 0.06201773 2.482576 0.3652245 0.1012942 2.49141 0.3229818 0.1540562 2.488517 0.3229073 0.1933382 2.488356 0.3230714 0.06195598 2.491346 0.3230478 0.1012308 2.483372 0.2806596 0.1540132 2.480693 0.2817128 0.1932963 2.480531 0.2818769 0.06191414 2.483307 0.2807257 0.1011878 2.45975 0.2446351 0.1539972 2.4577 0.2466481 0.1932808 2.457538 0.2468124 0.06189858 2.459685 0.2447012 0.1011718 2.424139 0.2203928 0.1540107 2.423038 0.2230517 0.1932939 2.422877 0.2232159 0.0619117 2.424074 0.2204588 0.1011853 2.381963 0.2116232 0.1540516 2.381985 0.2145158 0.1933337 2.381824 0.21468 0.06195151 2.381898 0.2116892 0.1012262 2.33964 0.2196615 0.1541137 2.340791 0.2223399 0.1933941 2.34063 0.2225041 0.06201189 2.339576 0.2197275 0.1012883 2.303616 0.2432839 0.1541875 2.305727 0.245333 0.193466 2.305565 0.2454971 0.06208378 2.303551 0.2433499 0.1013621 2.279374 0.2788942 0.1542618 2.28213 0.2799944 0.1935383 2.281969 0.2801586 0.06215608 2.279309 0.2789602 0.1014364 2.270604 0.321071 0.1543253 2.273594 0.3210474 0.1936001 2.273433 0.3212115 0.06221783 2.270539 0.321137 0.1014999 2.278643 0.3633931 0.1543682 2.281418 0.3622418 0.1936419 2.281257 0.362406 0.06225973 2.302265 0.3994176 0.1543842 2.304411 0.3973065 0.1936575 2.30425 0.3974706 0.06227523 2.3022 0.3994836 0.1015588 2.296211 0.4053723 0.05541151 2.293946 0.4075963 0.09881132 2.333287 0.4343789 0.09879642 2.334504 0.4314413 0.05539703 2.294018 0.4075234 0.1571719 2.296389 0.405191 0.2005603 2.334682 0.4312599 0.2005457 2.333359 0.4343059 0.157157 2.270808 0.3666336 0.05539435 2.26792 0.3677241 0.1571542 2.270987 0.3664522 0.2005431 2.262164 0.3211227 0.05534809 2.258967 0.3210403 0.09874618 2.259039 0.3209674 0.1571067 2.262342 0.3209413 0.2004969 2.271594 0.2757681 0.05527985 2.268656 0.2744442 0.09867602 2.268728 0.2743713 0.1570366 2.271773 0.2755867 0.2004286 2.297663 0.2374747 0.05519998 2.295439 0.2351025 0.09859395 2.29551 0.2350296 0.1569545 2.297842 0.2372934 0.2003487 2.336402 0.2120725 0.05512058 2.335237 0.2090049 0.09851241 2.335309 0.208932 0.156873 2.33658 0.2118911 0.2002694 2.381913 0.2034285 0.05505383 2.381994 0.2001243 0.09844386 2.382066 0.2000514 0.1568044 2.382091 0.2032471 0.2002026 2.427268 0.2128588 0.0550099 2.428591 0.2098128 0.09839868 2.428662 0.2097399 0.1567592 2.427446 0.2126774 0.2001586 2.465561 0.2389277 0.05499535 2.467932 0.2365953 0.09838378 2.468004 0.2365224 0.1567443 2.465739 0.2387464 0.2001441 2.490963 0.2776665 0.05501252 2.49403 0.2763946 0.09840142 2.494102 0.2763217 0.156762 2.491142 0.2774851 0.2001613 2.499607 0.3231775 0.05505877 2.502911 0.3231514 0.09844893 2.502982 0.3230785 0.1568095 2.499786 0.3229961 0.2002075 2.490177 0.368532 0.05512702 2.493222 0.3697475 0.09851902 2.493294 0.3696746 0.1568796 2.490355 0.3683507 0.2002758 2.464108 0.4068253 0.05520695 2.46644 0.4090891 0.0986011 2.466511 0.4090162 0.1569617 2.464287 0.406644 0.2003557 2.425369 0.4322276 0.05528628 2.42664 0.4351868 0.09868264 2.426712 0.4351139 0.1570432 2.425548 0.4320462 0.2004351 2.379858 0.4408715 0.05535304 2.379884 0.4440673 0.09875124 2.379955 0.4439944 0.1571118 2.380037 0.4406902 0.2005018 2.342276 0.4130423 0.004023551 2.379969 0.4208794 0.003987014 2.380274 0.4205698 0.2518177 2.417791 0.4136958 0.003931581 2.418096 0.4133861 0.2517622 2.449986 0.3925849 0.003865599 2.45029 0.3922752 0.2516962 2.471651 0.3607606 0.0037992 2.471955 0.360451 0.2516298 2.479488 0.3230681 0.003742456 2.479793 0.3227584 0.2515731 2.472304 0.2852455 0.003704071 2.472609 0.2849358 0.2515347 2.451193 0.2530511 0.003689765 2.451498 0.2527415 0.2515204 2.419369 0.2313861 0.003701865 2.419673 0.2310765 0.2515324 2.381676 0.2235489 0.003738403 2.381981 0.2232393 0.251569 2.343854 0.2307326 0.003793835 2.344158 0.230423 0.2516245 2.311659 0.2518436 0.003859817 2.289994 0.2836678 0.003926217 2.290299 0.2833582 0.2517569 2.282157 0.3213604 0.003982961 2.282462 0.3210507 0.2518136 2.289341 0.3591829 0.004021346 2.289646 0.3588733 0.251852 2.310452 0.3913773 0.004035651 2.310757 0.3910677 0.2518663 2.380427 0.3982772 0.2198265 2.351266 0.392214 0.2198548 2.409689 0.3927196 0.2197836 2.434596 0.376387 0.2197326 2.451357 0.3517661 0.2196812 2.457421 0.3226051 0.2196373 2.451863 0.2933436 0.2196076 2.43553 0.2684362 0.2195966 2.410909 0.2516751 0.2196059 2.381748 0.2456117 0.2196342 2.352487 0.2511695 0.2196771 2.32758 0.267502 0.2197281 2.310818 0.2921229 0.2197795 2.304755 0.3212839 0.2198234 2.310313 0.3505455 0.2198531 2.326646 0.3754528 0.2198641 2.322015 0.275694 0.2517083 2.335947 0.2620013 0.2516741 2.327604 0.2674773 0.239425 2.320292 0.2460731 0.2516734 2.30636 0.2597658 0.2517076 2.310673 0.2502505 0.2396392 2.360524 0.3940907 0.2518089 2.343523 0.3868757 0.2518208 2.351292 0.3921885 0.2402207 2.334798 0.4074343 0.2518572 2.351799 0.4146493 0.2518453 2.341894 0.4143314 0.2404632 2.451504 0.2527354 0.2563711 2.472615 0.2849298 0.2563853 2.435576 0.2683902 0.2564102 2.451908 0.2932975 0.2564212 2.450306 0.3922596 0.2641893 2.418111 0.4133706 0.2642552 2.434651 0.3763315 0.2641886 2.409744 0.392664 0.2642397 2.28365 0.3711947 0.1015462 2.276852 0.3543714 0.1015336 2.278592 0.3634449 0.1129446 2.266122 0.3587093 0.09878444 2.272921 0.3755326 0.09879708 2.268622 0.3674927 0.0874406</float_array>
          <technique_common>
            <accessor source="#Cylinder_002-mesh-positions-array" count="228" stride="3">
              <param name="X" type="float"/>
              <param name="Y" type="float"/>
              <param name="Z" type="float"/>
            </accessor>
          </technique_common>
        </source>
        <source id="Cylinder_002-mesh-normals">
          <float_array id="Cylinder_002-mesh-normals-array" count="2376">0.18476 0.9716424 0.1475628 0.1847602 0.9716423 0.147563 0.1847605 0.9716422 0.1475632 0.186598 0.9824359 9.97432e-4 0.1865978 0.9824359 9.97695e-4 0.1865984 0.9824358 9.96543e-4 0.5483539 0.8362463 3.70682e-4 0.5483546 0.8362459 3.7108e-4 0.548357 0.8362444 3.72423e-4 0.8266319 0.5627429 -3.12912e-4 0.8266317 0.5627433 -3.13231e-4 0.826631 0.5627444 -3.14307e-4 0.9790595 0.2035722 -9.47548e-4 0.9790599 0.2035702 -9.47566e-4 0.9790613 0.2035636 -9.47628e-4 0.982436 -0.1865946 -0.001439154 0.9824359 -0.1865949 -0.001439154 0.9824358 -0.1865959 -0.001439094 0.8362463 -0.5483515 -0.001714229 0.836246 -0.5483521 -0.001713693 0.8362476 -0.5483495 -0.001716077 0.5627437 -0.8266296 -0.001725792 0.5627433 -0.8266299 -0.001725673 0.562745 -0.8266288 -0.00172609 0.2035686 -0.9790596 -0.001473665 0.2035684 -0.9790596 -0.001473546 0.2035694 -0.9790595 -0.001473903 -0.1865957 -0.9824363 -9.97864e-4 -0.1865956 -0.9824363 -9.97839e-4 -0.1865959 -0.9824363 -9.97947e-4 -0.5483562 -0.8362449 -3.70247e-4 -0.5483558 -0.8362451 -3.70557e-4 -0.5483575 -0.8362439 -3.69202e-4 -0.8266302 -0.5627454 3.13575e-4 -0.8266304 -0.5627453 3.14023e-4 -0.8266299 -0.5627459 3.12064e-4 -0.9790595 -0.2035723 9.47589e-4 -0.9790595 -0.2035723 9.47551e-4 -0.9790595 -0.2035722 9.47423e-4 -0.8362445 0.5483542 0.001711726 -0.8362444 0.5483543 0.001715183 -0.8362423 0.5483576 0.001713156 0.9824349 -0.1866002 -0.001442253 0.9824351 -0.1865996 -0.001442253 0.9824336 -0.1866069 -0.001442313 -0.231624 0.04300457 0.9718544 -0.2316257 0.04300671 0.971854 -0.2316235 0.04300397 0.9718546 -0.5564843 0.8175193 0.1482827 -0.5564775 0.8175235 0.1482835 -0.556484 0.8175194 0.1482825 -0.001229405 0.001249432 -0.9999985 -0.001229345 0.001249432 -0.9999985 -0.001229345 0.001249432 -0.9999985 -0.2035683 0.9790596 0.001472234 -0.2035688 0.9790596 0.001472115 -0.2035703 0.9790593 0.001471638 -0.8273877 0.5426229 -0.1448793 -0.827387 0.5426241 -0.1448791 -0.8273857 0.5426261 -0.1448789 -0.827034 0.5422458 0.1482714 -0.8270342 0.5422453 0.1482715 -0.8270348 0.5422446 0.1482718 -0.9720065 0.1847561 -0.1451505 -0.9720057 0.1847592 -0.1451511 -0.9720047 0.1847644 -0.1451521 -0.9716446 0.1843958 0.1480032 -0.9716438 0.1844003 0.1480039 -0.9716461 0.1843889 0.1480022 -0.9686655 -0.2011883 -0.145638 -0.9686652 -0.2011904 -0.1456373 -0.9686646 -0.2011938 -0.1456363 -0.9683035 -0.201561 0.1475178 -0.9683049 -0.2015548 0.1475175 -0.9683015 -0.2015706 0.1475182 -0.8178836 -0.5564824 -0.1462664 -0.8178855 -0.5564794 -0.1462666 -0.8178803 -0.5564874 -0.1462659 -0.5426104 -0.8270321 -0.1469423 -0.5426101 -0.8270323 -0.146942 -0.542611 -0.8270316 -0.1469427 -0.8175228 -0.5568495 0.1468856 -0.8175253 -0.5568451 0.1468874 -0.8175219 -0.5568507 0.1468856 -0.1847639 -0.9716414 -0.1475651 -0.1847631 -0.9716416 -0.1475644 -0.1847653 -0.971641 -0.1475663 -0.1844002 -0.9720087 0.1455879 -0.1844006 -0.9720085 0.1455882 -0.1843995 -0.9720088 0.1455875 0.2011876 -0.9683025 -0.1480333 0.2011886 -0.9683022 -0.148034 0.201186 -0.968303 -0.1480322 0.2015511 -0.9686679 0.1451194 0.2015494 -0.9686684 0.1451187 0.2015467 -0.9686691 0.1451176 0.5564883 -0.8175164 -0.148283 0.5564886 -0.8175162 -0.148283 0.5564878 -0.8175167 -0.1482831 0.5568432 -0.8178865 0.1448704 0.5568442 -0.8178859 0.1448699 0.5568456 -0.8178852 0.1448693 0.8270332 -0.5422469 -0.1482713 0.8270331 -0.5422471 -0.1482716 0.8270335 -0.5422465 -0.1482708 0.8273953 -0.5426111 0.1448808 0.8273958 -0.5426103 0.1448808 0.8273944 -0.5426123 0.1448809 0.9716446 -0.1843971 -0.1480015 0.9716451 -0.1843951 -0.1480014 0.9716457 -0.1843918 -0.1480013 0.9720056 -0.184762 0.145149 0.9720057 -0.1847614 0.1451489 0.9720054 -0.1847628 0.1451492 0.9683043 0.2015584 -0.1475156 0.9683044 0.2015579 -0.1475161 0.9683045 0.2015569 -0.147517 0.968667 0.2011822 0.145637 0.9686656 0.2011876 0.1456384 0.9686691 0.2011739 0.145635 0.8175226 0.5568495 -0.1468863 0.8175223 0.5568501 -0.1468854 0.8175218 0.5568512 -0.146884 0.8178803 0.5564869 0.1462678 0.8178831 0.5564828 0.1462675 0.817876 0.5564932 0.1462683 0.5422528 0.8273966 -0.1462087 0.5422513 0.8273975 -0.1462087 0.5422552 0.827395 -0.1462087 0.5426126 0.8270305 0.1469427 0.5426124 0.8270305 0.146943 0.5426129 0.8270304 0.1469423 0.1844021 0.9720079 -0.14559 0.1844024 0.9720079 -0.1455899 0.184403 0.9720079 -0.1455897 -0.5568464 0.8178841 -0.1448712 -0.5568462 0.8178845 -0.1448702 -0.5568467 0.8178836 -0.1448728 -0.5627439 0.8266295 0.001725673 -0.5627437 0.8266296 0.001725971 -0.5627433 0.8266301 0.001727044 -0.2889939 -0.4433656 0.8484748 -0.2889938 -0.443373 0.848471 -0.288994 -0.4433637 0.8484758 0.2986907 -0.4382791 0.847759 0.2986888 -0.4382807 0.8477588 0.2986913 -0.4382786 0.847759 -0.1970657 -0.1321293 -0.9714458 -0.1970683 -0.1321294 -0.9714453 -0.1970651 -0.1321293 -0.971446 0.1993704 -0.1311662 0.971106 0.1993704 -0.1311663 0.9711061 0.1993703 -0.1311661 0.9711061 0.4382648 0.2965851 0.8485054 0.4382594 0.2965876 0.8485073 0.4382576 0.2965885 0.8485079 -0.2910933 -0.4412662 -0.8488515 -0.2910913 -0.4412646 -0.848853 -0.2910938 -0.4412667 -0.848851 0.2966174 -0.4361852 -0.849565 0.296616 -0.4361759 -0.8495702 0.2966178 -0.4361876 -0.8495635 0.1321486 -0.1946569 -0.9719287 0.1321486 -0.1946566 -0.9719288 0.1321487 -0.1946569 -0.9719288 0.1311468 0.196965 0.9715994 0.1311463 0.1969625 0.9715999 0.1311469 0.1969656 0.9715992 0.4361937 0.2987145 -0.8488256 0.436196 0.298713 -0.8488248 0.436193 0.2987149 -0.8488257 -0.2966037 0.4361636 0.849581 -0.2966031 0.4361653 0.8495802 -0.2966029 0.4361659 0.8495799 -0.1321665 0.1946853 0.9719207 -0.1321666 0.1946849 0.9719207 -0.1321666 0.1946848 0.9719207 -0.194707 -0.1345767 0.9715855 -0.1947063 -0.1345747 0.9715859 -0.1947071 -0.1345772 0.9715855 0.1946808 0.1345595 -0.9715931 0.1946803 0.1345584 -0.9715933 0.1946802 0.1345582 -0.9715934 -0.2987024 0.4383025 -0.8477427 -0.2987028 0.4382982 -0.847745 -0.2987022 0.4383037 -0.8477422 -0.4361824 -0.2987049 0.8488346 -0.4361838 -0.2987121 0.8488314 -0.4361822 -0.298703 0.8488356 -0.2331838 -0.04702168 -0.9712952 -0.2331853 -0.04702347 -0.9712948 -0.2331857 -0.04702395 -0.9712947 0.1345555 -0.1971131 0.9711031 0.1345564 -0.1971124 0.9711031 0.1345566 -0.1971122 0.9711033 0.5188899 0.1066116 0.8481671 0.5188863 0.106616 0.8481687 0.5188908 0.1066104 0.8481667 -0.4382836 -0.2965974 -0.8484914 -0.4382829 -0.2965964 -0.848492 -0.4382837 -0.2965977 -0.8484911 0.04704171 -0.2307787 -0.9718685 0.04704129 -0.2307758 -0.9718692 0.04704177 -0.2307794 -0.9718684 0.1970922 0.1321485 0.9714379 0.1970953 0.1321499 0.971437 0.1970915 0.1321482 0.9714381 0.5168175 0.1087378 -0.8491619 0.5168195 0.1087386 -0.8491606 0.5168202 0.1087389 -0.84916 -0.106628 0.5167858 0.8494488 -0.1066281 0.5167865 0.8494483 -0.1066281 0.5167867 0.849448 -0.2308237 -0.04945611 0.9717379 -0.2308299 -0.04945844 0.9717363 -0.2308316 -0.04945904 0.9717358 0.2307955 0.04944932 -0.971745 0.2307966 0.0494486 -0.9717448 0.2307953 0.04944944 -0.971745 -0.1087187 0.5189257 -0.8478776 -0.1087187 0.5189267 -0.847877 -0.1087187 0.5189254 -0.8478778 -0.5168086 -0.1087334 0.849168 -0.5168024 -0.1087338 0.8491715 -0.5168101 -0.1087332 0.849167 -0.2339888 0.04542768 -0.9711774 -0.2339858 0.04542911 -0.9711781 -0.233985 0.04542946 -0.9711783 0.0494368 -0.2332354 0.9711629 0.04943704 -0.2332369 0.9711626 0.04943674 -0.2332351 0.971163 0.520673 -0.09975236 0.8479086 0.5206747 -0.0997557 0.8479074 0.5206726 -0.09975153 0.847909 -0.5189126 -0.106621 -0.8481521 -0.5189133 -0.1066181 -0.8481519 -0.5189135 -0.1066172 -0.8481519 -0.20155 0.9686684 -0.1451187 -0.2015507 0.9686681 -0.1451189 -0.2015486 0.9686686 -0.1451184 -0.5613222 0.8244993 -0.07154297 -0.5613223 0.8244992 -0.07154285 -0.561323 0.8244988 -0.07154196 -0.5611433 0.8243157 0.07498073 -0.5611433 0.8243155 0.07498073 -0.5611435 0.8243155 0.07498097 -0.6928109 0.2794823 0.6647577 -0.8339082 0.5467881 0.07496774 -0.8339079 0.5467885 0.07496756 -0.8339056 0.5467922 0.07496553 -0.8340849 0.5469763 -0.07155007 -0.8340818 0.5469806 -0.07155323 -0.8340873 0.5469722 -0.07155358 -0.9797067 0.1859998 0.07469266 -0.9797067 0.1860001 0.07469254 -0.9797062 0.1860026 0.07469141 -0.9765189 -0.202933 -0.07231235 -0.9765188 -0.202934 -0.07231205 -0.9765171 -0.2029429 -0.07230895 -0.9763392 -0.2031138 0.07420599 -0.9763393 -0.2031141 0.07420557 -0.9763394 -0.2031114 0.0742104 -0.8245023 -0.5611373 -0.07294481 -0.8245026 -0.5611369 -0.07294487 -0.8245054 -0.5611327 -0.07294505 -0.8243186 -0.5613252 0.07357144 -0.8243186 -0.5613253 0.0735718 -0.8243195 -0.5613244 0.0735681 -0.5469689 -0.8339087 -0.07362884 -0.5469694 -0.8339084 -0.07362908 -0.546974 -0.8339053 -0.07363116 -0.5467911 -0.8340902 0.07289016 -0.546791 -0.8340904 0.07288986 -0.5467916 -0.8340897 0.07289266 -0.1861848 -0.9797048 -0.0742554 -0.1861848 -0.9797049 -0.07425546 -0.1861842 -0.9797049 -0.07425582 -0.1860054 -0.9798876 0.07226526 -0.1860054 -0.9798877 0.07226526 -0.186006 -0.9798876 0.07226473 0.2029319 -0.9763371 -0.0747295 0.2029322 -0.9763371 -0.0747295 0.2029347 -0.9763365 -0.07472956 0.2031112 -0.9765204 0.07179057 0.2031111 -0.9765204 0.07179051 0.2031126 -0.97652 0.07179123 0.5611401 -0.8243181 -0.07497847 0.5611396 -0.8243184 -0.07497841 0.5611448 -0.8243147 -0.07497906 0.5613196 -0.8245012 0.07154095 0.5613197 -0.8245012 0.07154083 0.5613187 -0.8245017 0.0715422 0.833908 -0.5467884 -0.07496786 0.8339077 -0.5467889 -0.07496756 0.8339107 -0.5467836 -0.07497107 0.8340904 -0.5469676 0.07155305 0.8340902 -0.5469679 0.07155317 0.8340922 -0.546965 0.07155197 0.9797055 -0.1860028 -0.07470077 0.9797056 -0.1860023 -0.07470089 0.9797065 -0.1859973 -0.07470214 0.9798862 -0.1861847 0.07182139 0.9798862 -0.1861849 0.07182127 0.9798859 -0.1861873 0.07181984 0.9763389 0.2031143 -0.07420843 0.976339 0.2031139 -0.07420879 0.9763382 0.2031191 -0.0742051 0.9765197 0.2029291 0.07231247 0.9765198 0.2029288 0.07231265 0.9765205 0.2029252 0.07231444 0.8243191 0.5613242 -0.07357382 0.8243193 0.5613242 -0.07357352 0.8243187 0.5613246 -0.07357674 0.824498 0.5611434 0.07294642 0.8244984 0.5611429 0.07294666 0.8244944 0.5611492 0.07294422 0.5467919 0.8340898 -0.07289105 0.5467913 0.8340902 -0.07289063 0.5467859 0.834094 -0.07288628 0.5469743 0.8339053 0.07362914 0.5469747 0.8339051 0.07362896 0.5469704 0.8339076 0.07363086 0.1860056 0.9798876 -0.07226562 0.1860058 0.9798875 -0.07226562 0.1860077 0.9798871 -0.07226556 0.1861847 0.9797047 0.07425642 0.1861848 0.9797047 0.07425642 0.1861832 0.979705 0.07425642 -0.2031117 0.9765202 -0.07179236 -0.2031115 0.9765202 -0.07179236 -0.20311 0.9765205 -0.07179284 -0.2029311 0.9763374 0.07472807 -0.2029313 0.9763374 0.07472813 -0.202929 0.9763379 0.07472747 -0.4433695 0.2911057 -0.8477507 -0.4433678 0.2911066 -0.8477512 -0.4433673 0.2911069 -0.8477514 0.1287393 0.1993627 -0.9714324 0.1287391 0.199365 -0.9714319 0.1287391 0.1993656 -0.9714317 -0.1287576 -0.1993919 0.971424 -0.1287578 -0.1993932 0.9714236 -0.1287575 -0.1993915 0.971424 -0.1345369 0.1970826 -0.9711119 -0.1345381 0.1970862 -0.9711111 -0.1345383 0.1970872 -0.9711108 -0.4412639 0.2889724 0.8495771 -0.4412636 0.2889739 0.8495767 -0.441264 0.288972 0.8495771 0.2890038 0.4433858 -0.8484609 0.2890033 0.4433857 -0.8484611 0.2890039 0.4433858 -0.8484608 0.04541498 0.2316074 0.9717487 0.0454151 0.2316079 0.9717485 0.04541498 0.2316073 0.9717487 0.1969544 -0.1287196 -0.9719261 0.1969572 -0.1287187 -0.9719256 0.1969538 -0.1287198 -0.9719262 -0.9824352 0.1865991 0.001441299 -0.9824352 0.1865983 0.001443326 -0.9824351 0.1865992 0.001438081 -0.099743 -0.5185909 -0.8491848 -0.09974229 -0.5185925 -0.8491839 -0.09974318 -0.5185906 -0.849185 0.2910772 0.4412477 0.8488666 0.2910803 0.4412481 0.8488655 0.2910813 0.4412481 0.848865 0.4412828 -0.2889881 -0.8495619 0.4412814 -0.2889895 -0.8495621 0.441281 -0.28899 -0.8495622 0.2340156 -0.04543298 0.9711707 0.2340178 -0.04543268 0.9711702 0.2340185 -0.04543262 0.9711701 -0.1311287 -0.1969351 -0.9716079 -0.131128 -0.1969379 -0.9716074 -0.1311278 -0.1969387 -0.9716073 -0.0976516 -0.5206969 0.8481385 -0.097651 -0.5206955 0.8481395 -0.09765177 -0.5206973 0.8481383 -0.5206972 0.09976112 -0.8478928 -0.5206993 0.09976243 -0.8478914 -0.5206967 0.09976077 -0.8478932 0.44335 -0.291101 0.8477625 0.4433513 -0.2910937 0.8477641 0.4433496 -0.291103 0.847762 0.04301977 0.234005 -0.9712831 0.0430203 0.2340049 -0.9712833 0.04302042 0.2340048 -0.9712832 -0.04302585 -0.2340342 0.9712759 -0.0430268 -0.2340358 0.9712755 -0.04302704 -0.2340362 0.9712753 -0.1993435 0.1311475 -0.971114 -0.1993416 0.1311463 -0.9711146 -0.1993411 0.131146 -0.9711148 -0.04704809 0.2308075 0.9718613 -0.04704838 0.2308087 0.971861 -0.04704844 0.230809 0.971861 -0.5185858 0.09763371 0.849433 -0.5185859 0.09763371 0.849433 -0.5185857 0.09763371 0.8494331 0.09765529 0.5207156 -0.8481266 0.09765595 0.5207088 -0.8481308 0.09765511 0.5207173 -0.8481255 0.1066332 -0.5168085 -0.8494341 0.1066334 -0.516803 -0.8494375 0.1066331 -0.51681 -0.8494333 0.2315985 -0.04300051 -0.9718607 0.2315979 -0.04299944 -0.9718609 0.2315987 -0.04300069 -0.9718607 -0.9798851 0.1861905 -0.0718221 -0.9798851 0.1861883 -0.07182776 -0.9798858 0.1861853 -0.07182532 0.1087145 -0.5189014 0.8478929 0.1087148 -0.5189034 0.8478918 0.1087145 -0.5189009 0.8478933 0.09973847 0.5185691 0.8491986 0.09973961 0.5185701 0.849198 0.09973818 0.5185688 0.8491988 0.5186061 -0.09763872 -0.8494201 0.5186084 -0.0976364 -0.849419 0.5186091 -0.09763562 -0.8494186 -0.04943108 0.2332057 -0.9711704 -0.04942989 0.2332057 -0.9711704 -0.04942953 0.2332057 -0.9711704 0.2332156 0.04702991 0.9712872 0.2332183 0.04702919 0.9712866 0.233219 0.04702901 0.9712864 -0.0454086 -0.2315757 -0.9717566 -0.04540902 -0.2315737 -0.971757 -0.04540848 -0.2315762 -0.9717565 -0.001229286 0.001249313 -0.9999985 -0.001229405 0.001249551 -0.9999985 -0.001229345 0.001249134 -0.9999985 0.5627321 -0.8266376 -0.001718759 0.5627391 -0.8266329 -0.001721739 0.5627408 -0.8266317 -0.001725375 -0.001229226 0.001249313 -0.9999985 -0.001229107 0.001249432 -0.9999985 0.001228928 -0.00124973 0.9999985 0.001229405 -0.001250207 0.9999985 0.001229107 -0.001250147 0.9999985 -0.001229286 0.001249372 -0.9999985 0.5483489 0.8362497 3.68839e-4 0.5483535 0.8362466 3.71655e-4 0.5483474 0.8362507 3.67903e-4 -0.001229166 0.001249611 -0.9999985 -0.001229345 0.001249551 -0.9999985 0.001229166 -0.001249849 0.9999985 0.001227915 -0.00124967 0.9999986 0.001230299 -0.001250207 0.9999985 -0.001229107 0.001249313 -0.9999985 -0.001229166 0.001249432 -0.9999985 0.001230001 -0.001249313 0.9999985 0.001226186 -0.001249432 0.9999985 -0.001229286 0.001249432 -0.9999985 -0.001229345 0.001249492 -0.9999985 0.001230597 -0.001249074 0.9999985 0.001230537 -0.001249372 0.9999985 -0.001229465 0.001249432 -0.9999985 -0.8362459 0.548352 0.001709699 -0.8362428 0.5483568 0.001679778 -0.8362448 0.5483539 0.001695692 -0.001229166 0.001248955 -0.9999985 -0.001229286 0.001249015 -0.9999985 0.001229107 -0.001249849 0.9999985 0.001229107 -0.001250386 0.9999985 0.001229047 -0.001250803 0.9999985 -0.001229226 0.001249074 -0.9999985 -0.001229226 0.001249253 -0.9999985 0.001229643 -0.001249194 0.9999985 0.001229465 -0.001249551 0.9999985 -0.001229465 0.001249611 -0.9999985 -0.001229584 0.001249074 -0.9999985 0.001229882 -0.001249492 0.9999985 0.001229643 -0.001249134 0.9999985 -0.001229465 0.001249372 -0.9999985 -0.001229345 0.001249432 -0.9999985 0.8266329 0.5627417 -3.10282e-4 0.8266201 0.5627602 -3.07968e-4 0.8266299 0.562746 -3.11338e-4 -0.001229584 0.001249253 -0.9999985 -0.001229465 0.001249253 -0.9999985 0.001231491 -0.00124967 0.9999985 0.001229882 -0.001249551 0.9999985 -0.001229703 0.001249253 -0.9999985 -0.001229465 0.001249313 -0.9999985 0.00123012 -0.001249969 0.9999985 0.001229941 -0.001249372 0.9999985 0.001229465 -0.001249551 0.9999985 -0.001229405 0.001249372 -0.9999985 -0.001229405 0.001249313 -0.9999985 0.001229643 -0.001249194 0.9999985 0.001230478 -0.001249313 0.9999985 -0.001229465 0.001249551 -0.9999985 0.001229107 -0.001249909 0.9999985 0.001228749 -0.001249253 0.9999985 -0.001229166 0.001249313 -0.9999985 -0.2011892 0.9683021 0.1480342 -0.201189 0.968302 0.1480348 -0.2011899 0.9683021 0.1480334 0.001229643 -0.001249253 0.9999985 0.001229465 -0.001249313 0.9999985 0.001229286 -0.001249313 0.9999985 -0.5483545 -0.836246 -3.65287e-4 -0.548349 -0.8362495 -3.70565e-4 -0.5483541 -0.8362462 -3.64811e-4 -0.8362449 0.5483536 0.001714348 -0.8362427 0.5483569 0.001713871 0.001228511 -0.001249194 0.9999985 0.001227498 -0.00124818 0.9999985 0.8362476 -0.5483495 -0.001710951 0.8362476 -0.5483496 -0.001710593 0.8362474 -0.5483499 -0.001707077 -0.826636 -0.5627371 3.14276e-4 -0.8266359 -0.5627371 3.14255e-4 -0.826636 -0.562737 3.14505e-4 -0.5627462 0.826628 0.001726031 -0.5627457 0.8266283 0.00172609 -0.562741 0.8266316 0.001726627 -0.5422538 -0.8273955 0.1462106 -0.5422528 -0.8273956 0.1462138 -0.5422545 -0.8273951 0.1462107 0.001232147 -0.00124973 0.9999985 0.001233577 -0.001248955 0.9999985 0.001230299 -0.00124973 0.9999985 0.001229107 -0.001249849 0.9999985 -0.9790596 -0.2035719 9.47127e-4 -0.9790596 -0.2035716 9.46819e-4 -0.9790602 -0.2035689 9.43543e-4 -0.2035673 0.9790599 0.001474142 -0.2035678 0.9790598 0.001474082 -0.2035722 0.9790589 0.001473248 0.9790606 0.203567 -9.50697e-4 0.9790604 0.2035679 -9.50712e-4 0.9790586 0.2035762 -9.50879e-4 -0.1865984 -0.9824358 -9.98487e-4 -0.1865985 -0.9824358 -9.98432e-4 -0.1865983 -0.9824358 -9.99072e-4 -0.9824368 0.1865902 0.001438677 -0.9824365 0.1865915 0.001438379 -0.9824394 0.1865762 0.001442193 0.1865956 0.9824363 9.97629e-4 0.1865955 0.9824364 9.97647e-4 0.1865948 0.9824365 9.97832e-4 0.5589601 -0.5463768 0.6237275 0.5591308 -0.5445579 0.6251636 0.5593698 -0.5419487 0.6272138 -0.5544091 0.5478848 0.6264606 -0.5525888 0.5480847 0.6278925 -0.5571683 0.5475754 0.6242794 0.5483493 0.8362494 3.70159e-4 0.5483486 0.8362498 3.70502e-4 0.5483528 0.836247 3.71283e-4 0.001226663 -0.001248896 0.9999985 0.001227319 -0.001248657 0.9999986 0.001228332 -0.00124824 0.9999985 0.7201034 0.3023804 0.6245136 0.7194871 0.3004596 0.6261489 0.7208859 0.3048379 0.6224126 -0.7170511 -0.3075348 0.625508 -0.7152345 -0.3084256 0.627147 -0.7130339 -0.3094987 0.629121 0.2035694 -0.9790595 -0.00147289 0.2035695 -0.9790594 -0.001476943 0.2035701 -0.9790593 -0.001473903 0.8362497 -0.5483464 -0.001715242 0.836246 -0.548352 -0.001711606 0.8362501 -0.5483458 -0.00171554 -0.700957 -0.7132036 -2.70222e-5 -0.7009571 -0.7132036 -3.36037e-5 -0.700957 -0.7132036 -2.5791e-5 0.3746713 0.9271575 7.17624e-4 0.3746786 0.9271545 6.93486e-4 0.3746799 0.927154 6.8897e-4 0.001229584 -0.001249015 0.9999985 0.001229941 -0.001249849 0.9999985 0.001229166 -0.001248002 0.9999986 0.7131921 -0.7009665 -0.001762926 0.7131907 -0.7009679 -0.001759946 0.7131896 -0.700969 -0.001757144 -0.9271596 0.3746634 0.001605272 -0.9271596 0.3746632 0.001610398 -0.9271596 0.3746634 0.001600503 -0.5483598 -0.8362425 -3.60194e-4 -0.9159516 0.3702505 -0.1547493 0.1492136 0.7656632 0.6256959 -0.4249247 -0.65518 0.6246424 -0.1969821 0.1287347 0.9719185 -0.1969822 0.1287339 0.9719185 -0.1969821 0.1287348 0.9719185 0.1847597 0.9716425 0.1475626 0.1865975 0.982436 9.98583e-4 0.5483515 0.8362479 3.6934e-4 0.8266327 0.5627418 -3.11836e-4 0.9790581 0.2035788 -9.47486e-4 0.9824362 -0.1865936 -0.001439154 0.8362446 -0.5483541 -0.001711905 0.5627419 -0.8266308 -0.001725375 0.2035677 -0.9790598 -0.001473248 -0.1865955 -0.9824364 -9.97756e-4 -0.5483545 -0.836246 -3.71602e-4 -0.8266307 -0.5627448 3.15534e-4 -0.9790595 -0.2035724 9.47717e-4 -0.8362454 0.5483527 0.001701653 -0.8362474 0.5483498 0.001714944 0.9824363 -0.1865929 -0.001442193 -0.2316263 0.04300749 0.9718537 -0.5564863 0.8175179 0.1482819 -0.5564861 0.8175181 0.1482822 -0.203567 0.9790599 0.001472651 -0.8273891 0.542621 -0.1448795 -0.8270335 0.5422465 0.1482712 -0.9720075 0.1847513 -0.1451495 -0.9716421 0.1844076 0.148005 -0.9686661 -0.2011851 -0.145639 -0.968307 -0.2015445 0.147517 -0.8178886 -0.5564748 -0.1462671 -0.5426096 -0.8270328 -0.1469417 -0.8175183 -0.5568566 0.1468833 -0.8175208 -0.5568531 0.1468828 -0.1847618 -0.971642 -0.1475633 -0.1844014 -0.9720084 0.1455886 0.2011901 -0.9683018 -0.1480351 0.2015538 -0.9686672 0.1451205 0.5564891 -0.8175158 -0.1482829 0.5568417 -0.8178874 0.1448711 0.8270327 -0.5422475 -0.148272 0.8273966 -0.542609 0.1448808 0.9716441 -0.1844002 -0.1480016 0.9720059 -0.1847605 0.1451487 0.9683043 0.2015593 -0.1475148 0.9686635 0.2011965 0.1456406 0.8175231 0.5568485 -0.1468876 0.8178879 0.5564761 0.1462669 0.542249 0.827399 -0.1462087 0.5426121 0.8270307 0.1469436 0.1844016 0.9720081 -0.1455902 -0.5568459 0.8178851 -0.1448687 -0.5627444 0.8266292 0.0017246 -0.2889938 -0.4433754 0.8484698 0.2986882 -0.4382812 0.8477588 -0.1970691 -0.1321294 -0.9714452 0.1993705 -0.1311663 0.9711061 0.4382662 0.2965844 0.8485049 -0.2910906 -0.441264 -0.8488535 0.2966155 -0.4361729 -0.849572 0.1321486 -0.1946566 -0.9719288 0.1311461 0.1969618 0.9716001 0.4361969 0.2987126 -0.8488246 -0.2966038 0.436163 0.8495811 -0.1321665 0.1946855 0.9719207 -0.1947062 -0.1345742 0.971586 0.1946808 0.1345598 -0.9715931 -0.2987029 0.4382968 -0.8477455 -0.4361843 -0.2987144 0.8488304 -0.2331835 -0.04702126 -0.9712952 0.1345553 -0.1971133 0.9711031 0.5188852 0.1066174 0.8481692 -0.4382827 -0.2965961 -0.8484923 0.04704123 -0.2307751 -0.9718694 0.1970962 0.1321502 0.9714368 0.516817 0.1087377 -0.8491623 -0.106628 0.5167855 0.8494488 -0.2308224 -0.04945564 0.9717382 0.2307969 0.04944843 -0.9717447 -0.1087188 0.5189272 -0.8478768 -0.5168004 -0.1087339 0.8491727 -0.2339894 0.04542738 -0.9711772 0.0494371 -0.2332373 0.9711624 0.5206751 -0.09975671 0.8479068 -0.5189124 -0.1066218 -0.848152 -0.201552 0.9686679 -0.1451192 -0.5613215 0.8244997 -0.07154387 -0.5611431 0.8243158 0.07498055 -0.8339104 0.5467845 0.0749697 -0.8340942 0.5469613 -0.07155644 -0.8340897 0.5469689 -0.07155132 -0.979707 0.1859973 0.07469373 -0.9765206 -0.2029239 -0.07231545 -0.976339 -0.2031166 0.0742011 -0.8244995 -0.5611416 -0.07294464 -0.8243178 -0.5613261 0.07357519 -0.5469644 -0.833912 -0.07362675 -0.5467905 -0.834091 0.0728873 -0.1861853 -0.9797047 -0.07425498 -0.1860049 -0.9798878 0.07226574 0.2029293 -0.9763377 -0.0747295 0.2031097 -0.9765208 0.07178986 0.5611349 -0.8243216 -0.07497787 0.5613206 -0.8245006 0.07153964 0.8339049 -0.5467935 -0.0749644 0.8340882 -0.5469706 0.07155424 0.9797046 -0.1860079 -0.07469946 0.9798866 -0.1861824 0.07182276 0.9763398 0.2031092 -0.07421201 0.9765191 0.2029328 0.07231068 0.8243198 0.5613239 -0.07357066 0.8245022 0.5611369 0.07294893 0.5467973 0.8340858 -0.07289546 0.5469787 0.8339025 0.07362717 0.1860036 0.979888 -0.07226574 0.1861864 0.9797044 0.07425636 -0.2031132 0.9765199 -0.07179188 -0.2029334 0.976337 0.07472872 -0.4433699 0.2911054 -0.8477505 0.1287394 0.1993622 -0.9714325 -0.1287579 -0.1993936 0.9714235 -0.1345367 0.1970819 -0.9711121 -0.4412636 0.2889744 0.8495765 0.2890031 0.4433857 -0.8484612 0.0454151 0.2316081 0.9717486 0.196958 -0.1287186 -0.9719256 -0.9824351 0.1865993 0.001429378 -0.982435 0.1865998 0.001437664 -0.09974205 -0.518593 -0.8491836 0.2910765 0.4412477 0.848867 0.4412832 -0.2889876 -0.8495619 0.2340151 -0.04543304 0.9711709 -0.1311289 -0.1969346 -0.971608 -0.09765076 -0.520695 0.8481399 -0.5206999 0.09976291 -0.8478909 0.4433518 -0.2910913 0.8477647 0.04301971 0.2340051 -0.9712831 -0.04302567 -0.234034 0.9712759 -0.1993439 0.1311478 -0.971114 -0.04704803 0.2308073 0.9718614 -0.518586 0.09763377 0.849433 0.09765613 0.5207067 -0.8481321 0.1066335 -0.5168012 -0.8494386 0.2315978 -0.0429992 -0.971861 -0.9798867 0.1861805 -0.07182568 -0.9798857 0.1861875 -0.07182121 0.1087149 -0.5189041 0.8478913 0.09974002 0.5185704 0.8491978 0.5186055 -0.09763932 -0.8494203 -0.04943138 0.2332056 -0.9711703 0.2332151 0.04703009 0.9712873 -0.04540914 -0.2315731 -0.9717571 0.5627521 -0.8266239 -0.001734912 0.5627366 -0.8266346 -0.001723706 0.001230299 -0.001249372 0.9999985 0.548355 0.8362456 3.72591e-4 0.001230299 -0.001249194 0.9999985 -0.8362473 0.54835 0.001708269 0.8266313 0.562744 -3.14503e-4 0.8266367 0.5627359 -3.13036e-4 0.001230955 -0.00124967 0.9999985 -0.2011903 0.9683021 0.1480325 -0.2011876 0.9683023 0.1480354 0.001229643 -0.001248538 0.9999985 0.001229643 -0.001249372 0.9999985 0.001229345 -0.001249492 0.9999985 0.001229286 -0.001249372 0.9999985 0.001228988 -0.001249253 0.9999985 0.001229524 -0.001249313 0.9999985 0.001230359 -0.001248598 0.9999985 0.001229643 -0.001249313 0.9999985 0.001229643 -0.00124979 0.9999985 0.001228988 -0.001248419 0.9999986 0.001226186 -0.001249611 0.9999986 0.001228988 -0.001249611 0.9999985 0.001228392 -0.001249492 0.9999985 -0.5483492 -0.8362494 -3.71738e-4 0.8362478 -0.5483492 -0.001714468 -0.826636 -0.5627372 3.14026e-4 -0.562751 0.8266248 0.001725494 -0.5422562 -0.8273941 0.1462095 -0.5422553 -0.8273948 0.1462097 0.001230895 -0.001249432 0.9999985 -0.9790591 -0.2035745 9.50403e-4 -0.2035629 0.9790608 0.001474976 0.9790623 0.2035588 -9.5053e-4 -0.1865987 -0.9824358 -9.97846e-4 -0.9824339 0.1866055 0.001434862 0.1865963 0.9824362 9.97445e-4 0.5586953 -0.5491336 0.62154 -0.549977 0.5483659 0.6299366 0.548359 0.836243 3.73062e-4 0.5483534 0.8362466 3.71155e-4 0.001225829 -0.001249253 0.9999986 0.7187362 0.2981371 0.6281183 -0.7193711 -0.3063905 0.6234021 0.2035712 -0.9790591 -0.001473367 0.2035701 -0.9790593 -0.001471638 0.8362457 -0.5483525 -0.001711249 -0.7009571 -0.7132036 -3.48349e-5 0.3746699 0.9271581 7.22139e-4 0.001230478 -0.001251161 0.9999985 0.7131932 -0.7009654 -0.001765727 -0.9271596 0.3746632 0.001615107 -0.5483592 -0.8362429 -3.60417e-4 -0.1969822 0.1287336 0.9719186</float_array>
          <technique_common>
            <accessor source="#Cylinder_002-mesh-normals-array" count="792" stride="3">
              <param name="X" type="float"/>
              <param name="Y" type="float"/>
              <param name="Z" type="float"/>
            </accessor>
          </technique_common>
        </source>
        <source id="Cylinder_002-mesh-map-0">
          <float_array id="Cylinder_002-mesh-map-0-array" count="2712">0.9375 1 0.875 0.8751029 0.9375 0.8751029 0.9375 0.7023777 0.875 0.7976223 0.875 0.7023776 0.875 0.7976223 0.8125 0.7023776 0.875 0.7023777 0.8125 0.7976223 0.75 0.7023777 0.8125001 0.7023776 0.75 0.7976223 0.6875 0.7023776 0.75 0.7023777 0.6875 0.7976223 0.625 0.7023776 0.6875 0.7023777 0.625 0.7023777 0.5625 0.7976223 0.5625 0.7023776 0.5625 0.7023776 0.5 0.7976223 0.5 0.7023777 0.5 0.7023777 0.4375 0.7976223 0.4375 0.7023776 0.4375 0.7023777 0.375 0.7976223 0.375 0.7023776 0.375 0.7023777 0.3125 0.7976223 0.3125 0.7023776 0.3125 0.7023776 0.25 0.7976223 0.25 0.7023777 0.25 0.7976223 0.1875 0.7023777 0.25 0.7023776 0.125 0.7229352 0.0625 0.7976223 0.0625 0.7023777 0.07845693 0.3210555 0.1187066 0.3812934 0.1187066 0.3812934 0.1875 0.7023777 0.1371477 0.7023776 0.1875 0.7023777 0.0625 1 0.01528489 1 0 0.9755592 0.6789446 0.4215431 0.9215431 0.3210555 0.8210556 0.07845693 1 0.7976223 0.9375 0.7023776 1 0.7023777 0.125 0.624897 0.0625 0.5 0.125 0.5 0.125 1 0.0625 0.8751029 0.125 0.875103 0.1875 0.624897 0.125 0.5 0.1875 0.5 0.1875 0.8751029 0.125 1 0.125 0.8751029 0.25 0.624897 0.1875 0.5 0.25 0.5 0.25 0.8751029 0.1875 1 0.1875 0.8751029 0.3125 0.5 0.25 0.624897 0.25 0.5 0.375 0.5 0.3125 0.6248971 0.3125 0.5 0.3125 0.9741491 0.25 1 0.25 0.8751029 0.4375 0.5 0.375 0.624897 0.375 0.5 0.4375 0.8751029 0.375 1 0.375 0.8751029 0.5 0.5 0.4375 0.624897 0.4375 0.5 0.5 1 0.4375 0.8751029 0.5 0.8751029 0.5625 0.5 0.5 0.624897 0.5 0.5 0.5625 1 0.5 0.8751029 0.5625 0.8751029 0.625 0.5 0.5625 0.6248971 0.5625 0.5 0.625 0.8751029 0.5625 1 0.5625 0.8751029 0.6875 0.624897 0.625 0.5 0.6875 0.5 0.6875 0.8751029 0.625 1 0.625 0.8751029 0.75 0.624897 0.6875 0.5 0.75 0.5 0.75 0.8751029 0.6875 1 0.6875 0.8751029 0.8125 0.624897 0.75 0.5 0.8125 0.5 0.8125 0.8751029 0.75 1 0.75 0.8751029 0.875 0.5 0.8125 0.624897 0.8125 0.5 0.875 0.8751029 0.8125 1 0.8125 0.8751029 0.9375 0.624897 0.875 0.5 0.9375 0.5 0.0625 0.5 0 0.624897 0 0.5 0.0625 0.7976223 0 0.7023776 0.0625 0.7023777 0.875 0.8751029 0.8125 0.8751029 0.875 0.8751029 0.0625 0.8751029 0 0.8751029 0.0625 0.8751029 0.25 0.7976223 0.3125 0.7976223 0.25 0.7976223 0.625 0.7023777 0.5625 0.7023776 0.625 0.7023777 0.25 0.8751029 0.3125 0.875103 0.3125 0.875103 0.8125 0.624897 0.875 0.624897 0.8125 0.624897 0 0.624897 0.0625 0.624897 0 0.624897 0.5 0.7976223 0.5625 0.7976223 0.5 0.7976223 0.875 0.7023777 0.8125 0.7023776 0.875 0.7023777 0.25 0.624897 0.3125 0.624897 0.25 0.624897 0.5 0.8751029 0.5625 0.8751029 0.5625 0.8751029 0 0.7023776 0.0625 0.7023777 0.0625 0.7023777 0.3125 0.7023776 0.25 0.7023777 0.3125 0.7023776 0.8125 0.7976223 0.75 0.7976223 0.75 0.7976223 0.5 0.624897 0.5625 0.624897 0.5 0.624897 0.8125 0.8751029 0.75 0.8751029 0.8125 0.8751029 0.25 0.7976223 0.1875 0.7976223 0.1875 0.7976223 0.5 0.7023777 0.5625 0.7023776 0.5625 0.7023776 0.25 0.8751029 0.1875 0.8751029 0.25 0.8751029 0.75 0.624897 0.8125 0.624897 0.75 0.624897 0.4375 0.7976223 0.5 0.7976223 0.4375 0.7976223 0.8125001 0.7023776 0.75 0.7023777 0.8125001 0.7023776 0.25 0.624897 0.1875 0.624897 0.1875 0.624897 0.4375 0.8751029 0.5 0.8751029 0.5 0.8751029 0.1875 0.7023777 0.25 0.7023776 0.25 0.7023776 0.6875 0.7976223 0.75 0.7976223 0.6875 0.7976223 0.4375 0.624897 0.5 0.624897 0.4375 0.624897 0.75 0.8751029 0.6875 0.8751029 0.75 0.8751029 0.1875 0.7976223 0.125 0.7976223 0.125 0.7976223 0.5 0.7023777 0.4375 0.7023776 0.5 0.7023777 0.1875 0.8751029 0.125 0.8751029 0.1875 0.8751029 0.75 0.624897 0.6875 0.624897 0.6875 0.624897 1 0.5 0.9375 0.624897 0.9375 0.5 0 0.7023776 0.0625 0.624897 0.0625 0.7023777 0 0.8751029 0.0625 0.7976223 0.0625 0.8751029 0.1369781 0.7023776 0.1115794 0.7023776 0.125 0.682109 0.0625 0.8751029 0.125 0.7976223 0.125 0.875103 0.1128523 0.7023776 0.0625 0.7023777 0.0625 0.624897 0.125 0.8751029 0.1875 0.7976223 0.1875 0.8751029 0.1875 0.7023777 0.25 0.624897 0.25 0.7023776 0.25 0.8751029 0.1875 0.7976223 0.25 0.7976223 0.25 0.7023777 0.3125 0.624897 0.3125 0.7023776 0.3125 0.875103 0.25 0.7976223 0.3125 0.7976223 0.3125 0.7023776 0.375 0.624897 0.375 0.7023777 0.375 0.8751029 0.3125 0.7976223 0.375 0.7976223 0.375 0.7023776 0.4375 0.624897 0.4375 0.7023777 0.375 0.8751029 0.4375 0.7976223 0.4375 0.8751029 0.4375 0.7023776 0.5 0.624897 0.5 0.7023777 0.5 0.8751029 0.4375 0.7976223 0.5 0.7976223 0.5625 0.7023776 0.5 0.624897 0.5625 0.624897 0.5625 0.8751029 0.5 0.7976223 0.5625 0.7976223 0.625 0.7023777 0.5625 0.6248971 0.625 0.624897 0.625 0.8751029 0.5625 0.7976223 0.625 0.7976223 0.625 0.7023776 0.6875 0.624897 0.6875 0.7023777 0.625 0.8751029 0.6875 0.7976223 0.6875 0.8751029 0.75 0.7023777 0.6875 0.624897 0.75 0.624897 0.6875 0.8751029 0.75 0.7976223 0.75 0.8751029 0.8125001 0.7023776 0.75 0.624897 0.8125 0.624897 0.8125 0.8751029 0.75 0.7976223 0.8125 0.7976223 0.8125 0.7023776 0.875 0.624897 0.875 0.7023777 0.875 0.8751029 0.8125 0.7976223 0.875 0.7976223 0.875 0.7023776 0.9375 0.624897 0.9375 0.7023777 0.9375 0.8751029 0.875 0.7976223 0.9375 0.7976223 0.9375 0.7023776 1 0.624897 1 0.7023777 1 0.8751029 0.9374999 0.7976223 1 0.7976223 0.625 0.624897 0.5625 0.6248971 0.5625 0.6248971 0.875 0.7976223 0.8125 0.7976223 0.8125 0.7976223 0.375 0.7023777 0.3125 0.7023776 0.375 0.7023777 0.0625 0.7976223 0 0.7976223 0 0.7976223 0.625 0.8751029 0.5625 0.8751029 0.625 0.8751029 0.3125 0.6248971 0.375 0.624897 0.3125 0.6248971 0.9375 0.7023777 0.875 0.7023776 0.9375 0.7023777 0.5625 0.7976223 0.625 0.7976223 0.5625 0.7976223 0.1875 0.7976223 0.125 0.7976223 0.125 0.7229352 0.875 0.624897 0.9375 0.624897 0.875 0.624897 0.3125 0.8751029 0.375 0.8751029 0.375 0.8751029 0.125 0.624897 0.0625 0.624897 0.0625 0.624897 0.625 0.7023776 0.6875 0.7023777 0.6875 0.7023777 0.375 0.7976223 0.3125 0.7976223 0.3125 0.7976223 0.9375 0.8751029 0.875 0.8751029 0.9375 0.8751029 0.625 0.624897 0.6875 0.624897 0.625 0.624897 0.125 0.875103 0.0625 0.8751029 0.125 0.875103 0.9375 0.7976223 0.875 0.7976223 0.875 0.7976223 0.375 0.7023776 0.4375 0.7023777 0.4375 0.7023777 0.125 0.7976223 0.0625 0.7976223 0.0625 0.7976223 0.9375 0.7023776 1 0.7023777 1 0.7023777 0.6875 0.8751029 0.625 0.8751029 0.6875 0.8751029 0.375 0.624897 0.4375 0.624897 0.375 0.624897 0.9375 0.624897 1 0.624897 0.9375 0.624897 0.625 0.7976223 0.6875 0.7976223 0.625 0.7976223 0.125 0.6821091 0.125 0.624897 0.1875 0.624897 1 0.8751029 0.9375 0.8751029 1 0.8751029 0.4375 0.8751029 0.375 0.8751029 0.4375 0.8751029 0.1875 0.624897 0.125 0.624897 0.125 0.624897 1 0.7976223 0.9374999 0.7976223 0.9374999 0.7976223 0.6875 0.7023776 0.75 0.7023777 0.75 0.7023777 0.375 0.7976223 0.4375 0.7976223 0.375 0.7976223 0.8210555 0.4215431 0.75 0.49 0.841844 0.4717311 0.2275388 0.4312092 0.1789445 0.4215431 0.1789445 0.4215431 0.8812934 0.3812934 0.841844 0.4717311 0.9197056 0.4197056 0.3812934 0.3812934 0.341844 0.4717311 0.3210555 0.4215431 0.8812934 0.3812934 0.9717311 0.341844 0.9215431 0.3210555 0.8125 1 0.875 1 0.8125 1 0.9215431 0.3210555 0.99 0.25 0.935677 0.25 0.4215431 0.3210555 0.49 0.25 0.4717311 0.341844 0.9215431 0.1789445 0.99 0.25 0.9717311 0.1581559 0.421543 0.1789445 0.49 0.25 0.4356769 0.25 0.8812933 0.1187066 0.9717311 0.1581559 0.9197056 0.08029437 0.3812934 0.1187066 0.4717311 0.1581559 0.421543 0.1789445 0.8210556 0.07845693 0.9197056 0.08029437 0.841844 0.02826887 0.3210555 0.07845693 0.3812934 0.1187066 0.3812934 0.1187066 0.7500001 0.06432312 0.841844 0.02826887 0.75 0.00999999 0.25 0.06432312 0.341844 0.02826887 0.3210555 0.07845693 0.7500001 0.06432312 0.658156 0.02826887 0.6789445 0.07845693 0.1789445 0.07845693 0.25 0.00999999 0.25 0.06432312 0.6187065 0.1187066 0.658156 0.02826887 0.5802944 0.08029437 0.1187066 0.1187066 0.1581559 0.02826887 0.1789445 0.07845693 0.5784569 0.1789445 0.5802944 0.08029437 0.5282689 0.1581559 0.07845693 0.1789445 0.07845693 0.1789445 0.06432312 0.25 0.5784569 0.1789445 0.51 0.25 0.5643231 0.25 0.1187066 0.1187066 0.04172623 0.1380156 0.08029437 0.08029437 0.5643231 0.25 0.5282689 0.341844 0.5784569 0.3210555 0.06432312 0.25 0.02826893 0.341844 0.00999999 0.25 0.6187066 0.3812934 0.5282689 0.341844 0.5802944 0.4197056 0.1187066 0.3812934 0.02826893 0.341844 0.07845693 0.3210555 0.6187066 0.3812934 0.658156 0.4717311 0.6789446 0.4215431 0.1789445 0.4215431 0.08029431 0.4197056 0.1187066 0.3812934 0.6789446 0.4215431 0.75 0.49 0.7500001 0.4356769 1 0.9755591 0.9375 1 0.9375 0.8751029 0.25 0.06432312 0.3812934 0.1187066 0.3812934 0.3812934 0.3812934 0.3812934 0.4215431 0.3210555 0.4215431 0.3210555 0.3210555 0.07845693 0.3812934 0.1187066 0.3210555 0.07845693 0.07373136 0.2027016 0.00999999 0.25 0.02354329 0.181913 0.1789445 0.4215431 0.1187066 0.3812934 0.1789445 0.4215431 0.4215431 0.3210555 0.4356769 0.25 0.4356769 0.25 0.25 0.06432312 0.3210555 0.07845693 0.25 0.06432312 0.375 1 0.3286668 1 0.3125 0.9741491 0.3210555 0.4215431 0.2724612 0.4855322 0.2724613 0.4312091 0.2275388 0.4312091 0.1581559 0.4717311 0.1789445 0.4215431 0.421543 0.1789445 0.4356769 0.25 0.421543 0.1789445 0.1789445 0.07845693 0.25 0.06432312 0.1789445 0.07845693 0.07845693 0.3210555 0.06432312 0.25 0.07845693 0.3210555 0.3210555 0.4215431 0.3812934 0.3812934 0.3812934 0.3812934 0.421543 0.1789445 0.3812934 0.1187066 0.3812934 0.1187066 0.1187066 0.1187066 0.1789445 0.07845693 0.1187066 0.1187066 0.07845693 0.1789445 0.2963332 1 0.3125 0.9741491 0.07845693 0.1789445 0.04172623 0.1380156 0.09191429 0.1588042 0.09191429 0.1588042 0.1187066 0.1187066 0.1187066 0.1187066 0.3210555 0.07845693 0.4197056 0.08029437 0.3812934 0.1187066 0.2500001 0.435677 0.2275387 0.4855322 0.2275388 0.4312091 0.2500001 0.435677 0.9847151 1 1 0.9755591 0.2500001 0.435677 0.2500001 0.4356769 0.3210555 0.4215431 0.5625 1 0.625 1 0.5625 1 0.3210555 0.07845693 0.341844 0.02826887 0.3210555 0.07845693 0.3812934 0.1187066 0.4197056 0.08029437 0.4197056 0.08029437 0.3812934 0.3812934 0.4717311 0.341844 0.4197056 0.4197056 0.4717311 0.341844 0.4215431 0.3210555 0.4215431 0.3210555 0.4197056 0.4197056 0.3812934 0.3812934 0.4197056 0.4197056 0.4215431 0.3210555 0.3812934 0.3812934 0.3812934 0.3812934 0.1115794 0.7023776 0.1369781 0.7023776 0.125 0.7229352 0.1384205 0.7023777 0.125 0.6821091 0.1371477 0.7023776 0.125 0.682109 0.1115794 0.7023776 0.1128523 0.7023776 0.1115794 0.7023776 0.0625 0.7023777 0.1128523 0.7023776 0.9375 1 0.875 1 0.875 0.8751029 0.9375 0.7023777 0.9375 0.7976223 0.875 0.7976223 0.875 0.7976223 0.8125 0.7976223 0.8125 0.7023776 0.8125 0.7976223 0.75 0.7976223 0.75 0.7023777 0.75 0.7976223 0.6875 0.7976223 0.6875 0.7023776 0.6875 0.7976223 0.625 0.7976223 0.625 0.7023776 0.625 0.7023777 0.625 0.7976223 0.5625 0.7976223 0.5625 0.7023776 0.5625 0.7976223 0.5 0.7976223 0.5 0.7023777 0.5 0.7976223 0.4375 0.7976223 0.4375 0.7023777 0.4375 0.7976223 0.375 0.7976223 0.375 0.7023777 0.375 0.7976223 0.3125 0.7976223 0.3125 0.7023776 0.3125 0.7976223 0.25 0.7976223 0.25 0.7976223 0.1875 0.7976223 0.1875 0.7023777 0.0625 0.7023777 0.1115794 0.7023776 0.125 0.7229352 0.125 0.7229352 0.125 0.7976223 0.0625 0.7976223 0.07845693 0.3210555 0.07845693 0.3210555 0.1187066 0.3812934 0.1875 0.7023777 0.1384205 0.7023777 0.1371477 0.7023776 0 0.8751029 0.0625 0.8751029 0 0.9755592 0.0625 0.8751029 0.0625 1 0 0.9755592 0.6789446 0.4215431 0.7500001 0.4356769 0.8210555 0.4215431 0.8210555 0.4215431 0.8812934 0.3812934 0.6789446 0.4215431 0.8812934 0.3812934 0.9215431 0.3210555 0.6789446 0.4215431 0.9215431 0.3210555 0.935677 0.25 0.8210556 0.07845693 0.935677 0.25 0.9215431 0.1789445 0.8210556 0.07845693 0.9215431 0.1789445 0.8812933 0.1187066 0.8210556 0.07845693 0.8210556 0.07845693 0.7500001 0.06432312 0.6789445 0.07845693 0.6789445 0.07845693 0.6187065 0.1187066 0.5784569 0.1789445 0.5784569 0.1789445 0.5643231 0.25 0.6789446 0.4215431 0.5643231 0.25 0.5784569 0.3210555 0.6789446 0.4215431 0.5784569 0.3210555 0.6187066 0.3812934 0.6789446 0.4215431 0.8210556 0.07845693 0.6789445 0.07845693 0.6789446 0.4215431 0.6789445 0.07845693 0.5784569 0.1789445 0.6789446 0.4215431 1 0.7976223 0.9374999 0.7976223 0.9375 0.7023776 0.125 0.624897 0.0625 0.624897 0.0625 0.5 0.125 1 0.0625 1 0.0625 0.8751029 0.1875 0.624897 0.125 0.624897 0.125 0.5 0.1875 0.8751029 0.1875 1 0.125 1 0.25 0.624897 0.1875 0.624897 0.1875 0.5 0.25 0.8751029 0.25 1 0.1875 1 0.3125 0.5 0.3125 0.624897 0.25 0.624897 0.375 0.5 0.375 0.624897 0.3125 0.6248971 0.25 0.8751029 0.3125 0.875103 0.3125 0.9741491 0.3125 0.9741491 0.2963332 1 0.25 1 0.4375 0.5 0.4375 0.624897 0.375 0.624897 0.4375 0.8751029 0.4375 1 0.375 1 0.5 0.5 0.5 0.624897 0.4375 0.624897 0.5 1 0.4375 1 0.4375 0.8751029 0.5625 0.5 0.5625 0.624897 0.5 0.624897 0.5625 1 0.5 1 0.5 0.8751029 0.625 0.5 0.625 0.624897 0.5625 0.6248971 0.625 0.8751029 0.625 1 0.5625 1 0.6875 0.624897 0.625 0.624897 0.625 0.5 0.6875 0.8751029 0.6875 1 0.625 1 0.75 0.624897 0.6875 0.624897 0.6875 0.5 0.75 0.8751029 0.75 1 0.6875 1 0.8125 0.624897 0.75 0.624897 0.75 0.5 0.8125 0.8751029 0.8125 1 0.75 1 0.875 0.5 0.875 0.624897 0.8125 0.624897 0.875 0.8751029 0.875 1 0.8125 1 0.9375 0.624897 0.875 0.624897 0.875 0.5 0.0625 0.5 0.0625 0.624897 0 0.624897 0.0625 0.7976223 0 0.7976223 0 0.7023776 0.875 0.8751029 0.8125 0.8751029 0.8125 0.8751029 0.0625 0.8751029 0 0.8751029 0 0.8751029 0.25 0.7976223 0.3125 0.7976223 0.3125 0.7976223 0.625 0.7023777 0.5625 0.7023776 0.5625 0.7023776 0.25 0.8751029 0.25 0.8751029 0.3125 0.875103 0.8125 0.624897 0.875 0.624897 0.875 0.624897 0 0.624897 0.0625 0.624897 0.0625 0.624897 0.5 0.7976223 0.5625 0.7976223 0.5625 0.7976223 0.875 0.7023777 0.8125 0.7023776 0.8125 0.7023776 0.25 0.624897 0.3125 0.624897 0.3125 0.624897 0.5 0.8751029 0.5 0.8751029 0.5625 0.8751029 0 0.7023776 0 0.7023776 0.0625 0.7023777 0.3125 0.7023776 0.25 0.7023777 0.25 0.7023777 0.8125 0.7976223 0.8125 0.7976223 0.75 0.7976223 0.5 0.624897 0.5625 0.624897 0.5625 0.624897 0.8125 0.8751029 0.75 0.8751029 0.75 0.8751029 0.25 0.7976223 0.25 0.7976223 0.1875 0.7976223 0.5 0.7023777 0.5 0.7023777 0.5625 0.7023776 0.25 0.8751029 0.1875 0.8751029 0.1875 0.8751029 0.75 0.624897 0.8125 0.624897 0.8125 0.624897 0.4375 0.7976223 0.5 0.7976223 0.5 0.7976223 0.8125001 0.7023776 0.75 0.7023777 0.75 0.7023777 0.25 0.624897 0.25 0.624897 0.1875 0.624897 0.4375 0.8751029 0.4375 0.8751029 0.5 0.8751029 0.1875 0.7023777 0.1875 0.7023777 0.25 0.7023776 0.6875 0.7976223 0.75 0.7976223 0.75 0.7976223 0.4375 0.624897 0.5 0.624897 0.5 0.624897 0.75 0.8751029 0.6875 0.8751029 0.6875 0.8751029 0.1875 0.7976223 0.1875 0.7976223 0.125 0.7976223 0.5 0.7023777 0.4375 0.7023776 0.4375 0.7023776 0.1875 0.8751029 0.125 0.8751029 0.125 0.8751029 0.75 0.624897 0.75 0.624897 0.6875 0.624897 1 0.5 1 0.624897 0.9375 0.624897 0 0.7023776 0 0.624897 0.0625 0.624897 0 0.8751029 0 0.7976223 0.0625 0.7976223 0.0625 0.8751029 0.0625 0.7976223 0.125 0.7976223 0.125 0.624897 0.125 0.682109 0.0625 0.624897 0.125 0.682109 0.1128523 0.7023776 0.0625 0.624897 0.125 0.8751029 0.125 0.7976223 0.1875 0.7976223 0.1875 0.7023777 0.1875 0.624897 0.25 0.624897 0.25 0.8751029 0.1875 0.8751029 0.1875 0.7976223 0.25 0.7023777 0.25 0.624897 0.3125 0.624897 0.3125 0.875103 0.25 0.8751029 0.25 0.7976223 0.3125 0.7023776 0.3125 0.6248971 0.375 0.624897 0.375 0.8751029 0.3125 0.8751029 0.3125 0.7976223 0.375 0.7023776 0.375 0.624897 0.4375 0.624897 0.375 0.8751029 0.375 0.7976223 0.4375 0.7976223 0.4375 0.7023776 0.4375 0.624897 0.5 0.624897 0.5 0.8751029 0.4375 0.8751029 0.4375 0.7976223 0.5625 0.7023776 0.5 0.7023777 0.5 0.624897 0.5625 0.8751029 0.5 0.8751029 0.5 0.7976223 0.625 0.7023777 0.5625 0.7023776 0.5625 0.6248971 0.625 0.8751029 0.5625 0.8751029 0.5625 0.7976223 0.625 0.7023776 0.625 0.624897 0.6875 0.624897 0.625 0.8751029 0.625 0.7976223 0.6875 0.7976223 0.75 0.7023777 0.6875 0.7023776 0.6875 0.624897 0.6875 0.8751029 0.6875 0.7976223 0.75 0.7976223 0.8125001 0.7023776 0.75 0.7023777 0.75 0.624897 0.8125 0.8751029 0.75 0.8751029 0.75 0.7976223 0.8125 0.7023776 0.8125 0.624897 0.875 0.624897 0.875 0.8751029 0.8125 0.8751029 0.8125 0.7976223 0.875 0.7023776 0.875 0.624897 0.9375 0.624897 0.9375 0.8751029 0.875 0.8751029 0.875 0.7976223 0.9375 0.7023776 0.9375 0.624897 1 0.624897 1 0.8751029 0.9375 0.8751029 0.9374999 0.7976223 0.625 0.624897 0.625 0.624897 0.5625 0.6248971 0.875 0.7976223 0.875 0.7976223 0.8125 0.7976223 0.375 0.7023777 0.3125 0.7023776 0.3125 0.7023776 0.0625 0.7976223 0.0625 0.7976223 0 0.7976223 0.625 0.8751029 0.5625 0.8751029 0.5625 0.8751029 0.3125 0.6248971 0.375 0.624897 0.375 0.624897 0.9375 0.7023777 0.875 0.7023776 0.875 0.7023776 0.5625 0.7976223 0.625 0.7976223 0.625 0.7976223 0.1384205 0.7023776 0.1875 0.7023777 0.125 0.7229352 0.1875 0.7023777 0.1875 0.7976223 0.125 0.7229352 0.875 0.624897 0.9375 0.624897 0.9375 0.624897 0.3125 0.8751029 0.3125 0.8751029 0.375 0.8751029 0.125 0.624897 0.125 0.624897 0.0625 0.624897 0.625 0.7023776 0.625 0.7023776 0.6875 0.7023777 0.375 0.7976223 0.375 0.7976223 0.3125 0.7976223 0.9375 0.8751029 0.875 0.8751029 0.875 0.8751029 0.625 0.624897 0.6875 0.624897 0.6875 0.624897 0.125 0.875103 0.0625 0.8751029 0.0625 0.8751029 0.9375 0.7976223 0.9375 0.7976223 0.875 0.7976223 0.375 0.7023776 0.375 0.7023776 0.4375 0.7023777 0.125 0.7976223 0.125 0.7976223 0.0625 0.7976223 0.9375 0.7023776 0.9375 0.7023776 1 0.7023777 0.6875 0.8751029 0.625 0.8751029 0.625 0.8751029 0.375 0.624897 0.4375 0.624897 0.4375 0.624897 0.9375 0.624897 1 0.624897 1 0.624897 0.625 0.7976223 0.6875 0.7976223 0.6875 0.7976223 0.1875 0.624897 0.1875 0.7023777 0.1371477 0.7023776 0.1371477 0.7023776 0.125 0.6821091 0.1875 0.624897 1 0.8751029 0.9375 0.8751029 0.9375 0.8751029 0.4375 0.8751029 0.375 0.8751029 0.375 0.8751029 0.1875 0.624897 0.1875 0.624897 0.125 0.624897 1 0.7976223 1 0.7976223 0.9374999 0.7976223 0.6875 0.7023776 0.6875 0.7023776 0.75 0.7023777 0.375 0.7976223 0.4375 0.7976223 0.4375 0.7976223 0.8210555 0.4215431 0.7500001 0.4356769 0.75 0.49 0.2500001 0.4356769 0.2500001 0.4356769 0.1789445 0.4215431 0.2500001 0.4356769 0.2275388 0.4312092 0.1789445 0.4215431 0.8812934 0.3812934 0.8210555 0.4215431 0.841844 0.4717311 0.3812934 0.3812934 0.4197056 0.4197056 0.341844 0.4717311 0.8812934 0.3812934 0.9197056 0.4197056 0.9717311 0.341844 0.8125 1 0.875 1 0.875 1 0.9215431 0.3210555 0.9717311 0.341844 0.99 0.25 0.4215431 0.3210555 0.4356769 0.25 0.49 0.25 0.9215431 0.1789445 0.935677 0.25 0.99 0.25 0.421543 0.1789445 0.4717311 0.1581559 0.49 0.25 0.8812933 0.1187066 0.9215431 0.1789445 0.9717311 0.1581559 0.3812934 0.1187066 0.4197056 0.08029437 0.4717311 0.1581559 0.8210556 0.07845693 0.8812933 0.1187066 0.9197056 0.08029437 0.3210555 0.07845693 0.3210555 0.07845693 0.3812934 0.1187066 0.7500001 0.06432312 0.8210556 0.07845693 0.841844 0.02826887 0.25 0.06432312 0.25 0.00999999 0.341844 0.02826887 0.7500001 0.06432312 0.75 0.00999999 0.658156 0.02826887 0.1789445 0.07845693 0.1581559 0.02826887 0.25 0.00999999 0.6187065 0.1187066 0.6789445 0.07845693 0.658156 0.02826887 0.1187066 0.1187066 0.08029437 0.08029437 0.1581559 0.02826887 0.5784569 0.1789445 0.6187065 0.1187066 0.5802944 0.08029437 0.06432312 0.25 0.06432312 0.25 0.07373136 0.2027016 0.07373136 0.2027016 0.07845693 0.1789445 0.06432312 0.25 0.5784569 0.1789445 0.5282689 0.1581559 0.51 0.25 0.1187066 0.1187066 0.09191429 0.1588042 0.04172623 0.1380156 0.5643231 0.25 0.51 0.25 0.5282689 0.341844 0.06432312 0.25 0.07845693 0.3210555 0.02826893 0.341844 0.6187066 0.3812934 0.5784569 0.3210555 0.5282689 0.341844 0.1187066 0.3812934 0.08029431 0.4197056 0.02826893 0.341844 0.6187066 0.3812934 0.5802944 0.4197056 0.658156 0.4717311 0.1789445 0.4215431 0.1581559 0.4717311 0.08029431 0.4197056 0.6789446 0.4215431 0.658156 0.4717311 0.75 0.49 0.9375 0.8751029 1 0.8751029 1 0.9755591 1 0.9755591 0.9847151 1 0.9375 1 0.3812934 0.3812934 0.3210555 0.4215431 0.2500001 0.4356769 0.2500001 0.4356769 0.1789445 0.4215431 0.3812934 0.3812934 0.1789445 0.4215431 0.1187066 0.3812934 0.3812934 0.3812934 0.1187066 0.3812934 0.07845693 0.3210555 0.06432312 0.25 0.06432312 0.25 0.07845693 0.1789445 0.1187066 0.1187066 0.1187066 0.1187066 0.1789445 0.07845693 0.25 0.06432312 0.25 0.06432312 0.3210555 0.07845693 0.3812934 0.1187066 0.3812934 0.1187066 0.421543 0.1789445 0.4356769 0.25 0.4356769 0.25 0.4215431 0.3210555 0.3812934 0.1187066 0.4215431 0.3210555 0.3812934 0.3812934 0.3812934 0.1187066 0.1187066 0.3812934 0.06432312 0.25 0.3812934 0.3812934 0.06432312 0.25 0.1187066 0.1187066 0.3812934 0.3812934 0.1187066 0.1187066 0.25 0.06432312 0.3812934 0.3812934 0.3812934 0.3812934 0.3812934 0.3812934 0.4215431 0.3210555 0.3210555 0.07845693 0.3812934 0.1187066 0.3812934 0.1187066 0.07373136 0.2027016 0.06432312 0.25 0.00999999 0.25 0.1789445 0.4215431 0.1187066 0.3812934 0.1187066 0.3812934 0.4215431 0.3210555 0.4215431 0.3210555 0.4356769 0.25 0.25 0.06432312 0.3210555 0.07845693 0.3210555 0.07845693 0.3125 0.8751029 0.375 0.8751029 0.3125 0.9741491 0.375 0.8751029 0.375 1 0.3125 0.9741491 0.3210555 0.4215431 0.341844 0.4717311 0.2724612 0.4855322 0.2275388 0.4312091 0.2275387 0.4855322 0.1581559 0.4717311 0.421543 0.1789445 0.4356769 0.25 0.4356769 0.25 0.1789445 0.07845693 0.25 0.06432312 0.25 0.06432312 0.07845693 0.3210555 0.06432312 0.25 0.06432312 0.25 0.3210555 0.4215431 0.3210555 0.4215431 0.3812934 0.3812934 0.421543 0.1789445 0.421543 0.1789445 0.3812934 0.1187066 0.1187066 0.1187066 0.1789445 0.07845693 0.1789445 0.07845693 0.07845693 0.1789445 0.07373136 0.2027016 0.2963332 1 0.07845693 0.1789445 0.3125 0.9741491 0.04172623 0.1380156 0.07845693 0.1789445 0.07845693 0.1789445 0.1187066 0.1187066 0.07845693 0.1789445 0.09191429 0.1588042 0.1187066 0.1187066 0.3210555 0.07845693 0.341844 0.02826887 0.4197056 0.08029437 0.2500001 0.435677 0 0.9755592 0.2275387 0.4855322 0.2500001 0.435677 0.2724613 0.4312091 0.9847151 1 0.3210555 0.4215431 0.3210555 0.4215431 0.2724613 0.4312091 0.2724613 0.4312091 0.2500001 0.435677 0.3210555 0.4215431 0.5625 1 0.625 1 0.625 1 0.3210555 0.07845693 0.341844 0.02826887 0.341844 0.02826887 0.3812934 0.1187066 0.3812934 0.1187066 0.4197056 0.08029437 0.3812934 0.3812934 0.4215431 0.3210555 0.4717311 0.341844 0.4717311 0.341844 0.4717311 0.341844 0.4215431 0.3210555 0.4197056 0.4197056 0.3812934 0.3812934 0.3812934 0.3812934 0.4215431 0.3210555 0.4215431 0.3210555 0.3812934 0.3812934 0.1115794 0.7023776 0.0625 0.7023777 0.0625 0.7023777</float_array>
          <technique_common>
            <accessor source="#Cylinder_002-mesh-map-0-array" count="1356" stride="2">
              <param name="S" type="float"/>
              <param name="T" type="float"/>
            </accessor>
          </technique_common>
        </source>
        <vertices id="Cylinder_002-mesh-vertices">
          <input semantic="POSITION" source="#Cylinder_002-mesh-positions"/>
        </vertices>
        <triangles material="metal-material" count="197">
          <input semantic="VERTEX" source="#Cylinder_002-mesh-vertices" offset="0"/>
          <input semantic="NORMAL" source="#Cylinder_002-mesh-normals" offset="1"/>
          <input semantic="TEXCOORD" source="#Cylinder_002-mesh-map-0" offset="2" set="0"/>
          <p>85 45 45 225 46 46 105 47 47 39 141 141 147 142 142 151 143 143 90 144 144 99 145 145 98 146 146 78 147 147 114 148 148 110 149 149 57 150 150 129 151 151 133 152 152 79 153 153 115 154 154 75 155 155 44 156 156 148 157 157 144 158 158 31 159 159 93 160 160 96 161 161 62 162 162 130 163 163 126 164 164 41 165 165 145 166 166 149 167 167 80 168 168 112 169 169 108 170 170 63 171 171 131 172 172 59 173 173 30 174 174 94 175 175 92 176 176 77 177 177 109 178 178 113 179 179 42 180 180 142 181 181 46 182 182 64 183 183 128 184 184 124 185 185 43 186 186 143 187 187 147 188 188 78 189 189 106 190 190 82 191 191 65 192 192 129 193 193 61 194 194 79 195 195 107 196 196 111 197 197 48 198 198 144 199 199 140 200 200 66 201 201 126 202 202 122 203 203 45 204 204 141 205 205 145 206 206 80 207 207 104 208 208 84 209 209 67 210 210 127 211 211 63 212 212 85 213 213 109 214 214 81 215 215 50 216 216 142 217 217 138 218 218 68 219 219 124 220 220 120 221 221 47 222 222 139 223 223 143 224 224 82 225 225 102 226 226 86 227 227 65 228 228 121 229 229 125 230 230 83 231 231 103 232 232 107 233 233 48 234 234 136 235 235 52 236 236 95 240 240 93 241 241 94 242 242 99 243 243 97 244 244 98 245 245 223 246 246 222 246 247 227 246 248 98 247 249 102 248 250 103 249 251 226 250 252 94 251 253 93 252 254 103 253 255 106 254 256 107 255 257 105 256 258 108 257 259 109 258 260 111 259 261 106 260 262 110 261 263 109 262 264 112 263 265 113 264 266 115 265 267 110 266 268 114 267 269 113 268 270 116 269 271 117 270 272 119 271 273 114 272 274 118 273 275 117 274 276 120 275 277 121 276 278 119 277 279 122 278 280 123 279 281 121 280 282 124 281 283 125 282 284 127 283 285 122 284 286 126 285 287 129 286 288 124 287 289 128 288 290 131 289 291 126 290 292 130 291 293 133 292 294 128 293 295 132 294 296 135 295 297 130 296 298 134 297 299 133 298 300 136 299 301 137 300 302 135 301 303 138 302 304 139 303 305 141 304 306 136 305 307 140 306 308 139 307 309 142 308 310 143 309 311 145 310 312 140 311 313 144 312 314 147 313 315 142 314 316 146 315 317 145 316 318 148 317 319 149 318 320 151 319 321 146 320 322 150 321 323 149 322 324 152 323 325 153 324 326 155 325 327 150 326 328 154 327 329 153 328 330 96 329 331 95 330 332 99 331 333 154 332 334 100 333 335 56 334 336 128 335 337 60 336 338 38 337 339 146 338 340 42 339 341 73 340 342 113 341 343 117 342 344 89 343 345 100 344 346 33 345 347 55 346 348 131 347 349 135 348 350 76 349 351 116 350 352 112 351 353 37 352 354 149 353 355 153 354 356 58 355 357 134 356 358 130 357 359 40 361 363 152 362 364 148 363 365 75 364 366 119 365 367 71 366 368 88 367 369 93 368 370 91 369 371 57 370 372 137 371 373 53 372 374 70 373 375 114 374 376 74 375 377 35 376 378 151 377 379 155 378 380 56 379 381 136 380 382 132 381 383 87 382 384 98 383 385 103 384 386 34 385 387 150 386 388 38 387 389 73 388 390 121 389 391 69 390 392 86 391 393 97 392 394 89 393 395 37 394 396 95 395 397 30 396 398 51 397 399 135 398 400 139 399 401 72 400 402 120 401 403 116 402 404 36 403 405 96 404 406 152 405 407 54 406 408 138 407 409 134 408 410 227 409 411 101 410 412 104 411 413 32 412 414 155 413 415 99 414 416 67 415 417 119 416 418 123 417 419 84 418 420 101 419 421 88 420 422 33 421 423 154 422 424 34 423 425 53 424 426 141 425 427 49 426 428 70 427 429 122 428 430 118 429 431 223 585 621 227 585 622 225 585 623 227 586 624 222 586 625 226 586 626 222 587 627 94 588 628 226 589 629 85 45 678 223 606 679 225 46 680 39 141 816 43 639 817 147 142 818 90 144 819 32 640 820 99 145 821 78 147 822 74 641 823 114 148 824 57 150 825 61 642 826 129 151 827 79 153 828 111 643 829 115 154 830 44 156 831 40 644 832 148 157 833 31 159 834 91 645 835 93 160 836 62 162 837 58 646 838 130 163 839 41 165 840 45 647 841 145 166 842 80 168 843 76 648 844 112 169 845 63 171 846 127 649 847 131 172 848 30 174 849 95 650 850 94 175 851 77 177 852 81 651 853 109 178 854 42 180 855 146 652 856 142 181 857 64 183 858 60 653 859 128 184 860 43 186 861 47 654 862 143 187 863 78 189 864 110 655 865 106 190 866 65 192 867 125 656 868 129 193 869 79 195 870 83 657 871 107 196 872 48 198 873 44 658 874 144 199 875 66 201 876 62 659 877 126 202 878 45 204 879 49 660 880 141 205 881 80 207 882 108 661 883 104 208 884 67 210 885 123 662 886 127 211 887 85 213 888 105 663 889 109 214 890 50 216 891 46 664 892 142 217 893 68 219 894 64 665 895 124 220 896 47 222 897 51 666 898 139 223 899 82 225 900 106 667 901 102 226 902 65 228 903 69 668 904 121 229 905 83 231 906 87 669 907 103 232 908 48 234 909 140 670 910 136 235 911 95 240 915 96 672 916 93 241 917 99 243 918 100 673 919 97 244 920 98 247 921 97 674 922 102 248 923 101 675 924 227 676 925 93 252 926 227 676 927 226 250 928 93 252 929 103 253 930 102 677 931 106 254 932 105 256 933 104 678 934 108 257 935 111 259 936 107 679 937 106 260 938 109 262 939 108 680 940 112 263 941 115 265 942 111 681 943 110 266 944 113 268 945 112 682 946 116 269 947 119 271 948 115 683 949 114 272 950 117 274 951 116 684 952 120 275 953 119 277 954 118 685 955 122 278 956 121 280 957 120 686 958 124 281 959 127 283 960 123 687 961 122 284 962 129 286 963 125 688 964 124 287 965 131 289 966 127 689 967 126 290 968 133 292 969 129 690 970 128 293 971 135 295 972 131 691 973 130 296 974 133 298 975 132 692 976 136 299 977 135 301 978 134 693 979 138 302 980 141 304 981 137 694 982 136 305 983 139 307 984 138 695 985 142 308 986 145 310 987 141 696 988 140 311 989 147 313 990 143 697 991 142 314 992 145 316 993 144 698 994 148 317 995 151 319 996 147 699 997 146 320 998 149 322 999 148 700 1000 152 323 1001 155 325 1002 151 701 1003 150 326 1004 153 328 1005 152 702 1006 96 329 1007 99 331 1008 155 703 1009 154 332 1010 56 334 1011 132 704 1012 128 335 1013 38 337 1014 150 705 1015 146 338 1016 73 340 1017 77 706 1018 113 341 1019 89 343 1020 97 707 1021 100 344 1022 55 346 1023 59 708 1024 131 347 1025 76 349 1026 72 709 1027 116 350 1028 37 352 1029 41 710 1030 149 353 1031 58 355 1032 54 711 1033 134 356 1034 40 361 1041 36 714 1042 152 362 1043 75 364 1044 115 715 1045 119 365 1046 88 367 1047 101 716 1048 93 368 1049 57 370 1050 133 717 1051 137 371 1052 70 373 1053 118 718 1054 114 374 1055 35 376 1056 39 719 1057 151 377 1058 56 379 1059 52 720 1060 136 380 1061 87 382 1062 90 721 1063 98 383 1064 34 385 1065 154 722 1066 150 386 1067 73 388 1068 117 723 1069 121 389 1070 86 391 1071 102 724 1072 97 392 1073 37 394 1074 153 725 1075 95 395 1076 51 397 1077 55 726 1078 135 398 1079 72 400 1080 68 727 1081 120 401 1082 36 403 1083 31 728 1084 96 404 1085 54 406 1086 50 729 1087 138 407 1088 104 411 1089 105 730 1090 225 731 1091 225 731 1092 227 409 1093 104 411 1094 32 412 1095 35 732 1096 155 413 1097 67 415 1098 71 733 1099 119 416 1100 84 418 1101 104 734 1102 101 419 1103 33 421 1104 100 735 1105 154 422 1106 53 424 1107 137 736 1108 141 425 1109 70 427 1110 66 737 1111 122 428 1112 222 587 1353 92 791 1354 94 588 1355</p>
        </triangles>
        <triangles material="haus_holz-material" count="255">
          <input semantic="VERTEX" source="#Cylinder_002-mesh-vertices" offset="0"/>
          <input semantic="NORMAL" source="#Cylinder_002-mesh-normals" offset="1"/>
          <input semantic="TEXCOORD" source="#Cylinder_002-mesh-map-0" offset="2" set="0"/>
          <p>158 0 0 39 1 1 35 2 2 37 3 3 38 4 4 41 5 5 38 6 6 45 7 7 41 8 8 42 9 9 49 10 10 45 11 11 46 12 12 53 13 13 49 14 14 50 15 15 57 16 16 53 17 17 57 18 18 58 19 19 61 20 20 61 21 21 62 22 22 65 23 23 65 24 24 66 25 25 69 26 26 69 27 27 70 28 28 73 29 29 73 30 30 74 31 31 77 32 32 77 33 33 78 34 34 81 35 35 78 36 36 85 37 37 81 38 38 224 39 39 89 40 40 92 41 41 25 42 42 200 43 43 27 44 44 185 48 48 211 49 49 213 50 50 28 51 51 5 52 52 13 53 53 33 54 54 37 55 55 30 56 56 88 57 57 184 58 58 182 59 59 183 60 60 90 61 61 87 62 62 84 63 63 182 64 64 180 65 65 83 66 66 183 67 67 87 68 68 80 69 69 180 70 70 178 71 71 79 72 72 181 73 73 83 74 74 177 75 75 80 76 76 178 77 77 175 78 78 76 79 79 177 80 80 207 81 81 179 82 82 79 83 83 173 84 84 72 85 85 175 86 86 67 87 87 176 88 88 71 89 89 171 90 90 68 91 91 173 92 92 172 93 93 67 94 94 63 95 95 169 96 96 64 97 97 171 98 98 170 99 99 63 100 100 59 101 101 167 102 102 60 103 103 169 104 104 55 105 105 170 106 106 59 107 107 52 108 108 167 109 109 165 110 110 51 111 111 168 112 112 55 113 113 48 114 114 165 115 115 163 116 116 47 117 117 166 118 118 51 119 119 44 120 120 163 121 121 161 122 122 43 123 123 164 124 124 47 125 125 159 126 126 44 127 127 161 128 128 39 129 129 162 130 130 43 131 131 36 132 132 159 133 133 157 134 134 184 135 135 31 136 136 156 137 137 89 138 138 30 139 139 92 140 140 156 237 237 36 238 238 157 239 239 82 358 360 86 359 361 224 360 362 1 430 432 156 431 433 157 432 434 209 433 435 29 434 436 201 435 437 3 436 438 157 432 439 159 437 440 4 438 441 158 439 442 2 440 443 3 436 444 161 441 445 5 52 446 162 442 447 219 443 448 218 444 449 5 52 450 163 445 451 7 446 452 6 447 453 164 448 454 162 449 455 9 450 456 163 445 457 165 451 458 10 452 459 164 448 460 8 453 461 11 454 462 165 451 463 167 455 464 12 456 465 166 457 466 10 452 467 13 53 468 167 455 469 169 458 470 14 459 471 217 460 472 12 461 473 15 462 474 169 458 475 171 463 476 16 464 477 170 465 478 14 466 479 15 462 480 173 467 481 17 468 482 18 469 483 172 470 484 16 464 485 19 471 486 173 467 487 175 472 488 20 473 489 174 474 490 18 469 491 21 475 492 175 472 493 177 476 494 204 477 495 197 478 496 198 479 497 21 475 498 178 480 499 22 481 500 20 473 501 205 482 502 176 483 503 22 481 504 180 484 505 24 485 506 23 486 507 181 487 508 179 488 509 26 489 510 180 484 511 182 490 512 27 491 513 181 487 514 25 492 515 26 489 516 184 493 517 28 51 518 29 494 519 183 495 520 27 491 521 28 51 522 156 431 523 0 496 524 213 497 525 158 498 526 35 499 527 194 500 528 192 501 529 188 502 530 4 503 531 189 504 532 6 505 533 14 459 534 192 506 535 193 507 536 202 508 537 179 488 538 206 509 539 29 510 540 200 511 541 201 512 542 6 513 543 190 514 544 8 515 545 16 516 546 193 517 547 194 518 548 176 519 549 205 520 550 207 521 551 2 440 552 212 522 553 208 523 554 209 524 555 185 525 556 29 494 557 10 526 558 190 527 559 191 528 560 18 529 561 194 530 562 195 531 563 25 532 564 198 533 565 199 534 566 2 535 567 188 536 568 4 537 569 10 538 570 192 539 571 12 540 572 20 541 573 195 542 574 196 543 575 204 544 576 206 545 577 207 546 578 204 547 579 205 548 580 203 549 581 203 550 582 20 551 583 196 552 584 216 553 585 215 554 586 217 555 587 210 556 588 211 557 589 209 558 590 210 559 591 212 560 592 213 561 593 210 562 594 187 563 595 186 564 596 170 565 597 215 566 598 214 567 599 14 568 600 214 569 601 216 570 602 12 571 603 215 572 604 168 573 605 221 574 606 218 575 607 219 576 608 162 577 609 220 578 610 6 579 611 160 580 612 221 581 613 219 582 614 6 505 615 221 583 616 4 503 617 222 584 618 223 584 619 224 584 620 158 0 630 160 590 631 39 1 632 37 3 633 34 591 634 38 4 635 38 6 636 42 592 637 45 7 638 42 9 639 46 593 640 49 10 641 46 12 642 50 594 643 53 13 644 50 15 645 54 595 646 57 16 647 57 18 648 54 596 649 58 19 650 61 21 651 58 597 652 62 22 653 65 24 654 62 598 655 66 25 656 69 27 657 66 599 658 70 28 659 73 30 660 70 600 661 74 31 662 77 33 663 74 601 664 78 34 665 78 36 666 82 602 667 85 37 668 92 41 669 222 603 670 224 39 671 224 39 672 86 604 673 89 40 674 25 42 675 199 605 676 200 43 677 32 607 681 90 608 682 213 50 683 90 608 684 185 48 685 213 50 686 28 51 687 0 496 688 1 430 689 1 430 690 3 436 691 28 51 692 3 436 693 5 52 694 28 51 695 5 52 696 7 446 697 13 53 698 7 446 699 9 450 700 13 53 701 9 450 702 11 454 703 13 53 704 13 53 705 15 462 706 17 468 707 17 468 708 19 471 709 21 475 710 21 475 711 22 481 712 28 51 713 22 481 714 24 485 715 28 51 716 24 485 717 26 489 718 28 51 719 13 53 720 17 468 721 28 51 722 17 468 723 21 475 724 28 51 725 33 54 726 34 609 727 37 55 728 88 57 729 91 610 730 184 58 731 183 60 732 185 611 733 90 61 734 84 63 735 88 612 736 182 64 737 83 66 738 181 613 739 183 67 740 80 69 741 84 614 742 180 70 743 79 72 744 179 615 745 181 73 746 177 75 747 76 616 748 80 76 749 175 78 750 72 617 751 76 79 752 79 83 753 75 618 754 207 81 755 207 81 756 206 619 757 179 82 758 173 84 759 68 620 760 72 85 761 67 87 762 174 621 763 176 88 764 171 90 765 64 622 766 68 91 767 172 93 768 174 623 769 67 94 770 169 96 771 60 624 772 64 97 773 170 99 774 172 625 775 63 100 776 167 102 777 56 626 778 60 103 779 55 105 780 168 627 781 170 106 782 52 108 783 56 628 784 167 109 785 51 111 786 166 629 787 168 112 788 48 114 789 52 630 790 165 115 791 47 117 792 164 631 793 166 118 794 44 120 795 48 632 796 163 121 797 43 123 798 162 633 799 164 124 800 159 126 801 40 634 802 44 127 803 39 129 804 160 635 805 162 130 806 36 132 807 40 636 808 159 133 809 184 135 810 91 637 811 31 136 812 89 138 813 33 638 814 30 139 815 156 237 912 31 671 913 36 238 914 223 712 1035 85 713 1036 224 360 1037 85 713 1038 82 358 1039 224 360 1040 1 430 1113 0 496 1114 156 431 1115 187 738 1116 210 739 1117 201 435 1118 210 739 1119 209 433 1120 201 435 1121 3 436 1122 1 430 1123 157 432 1124 4 438 1125 160 740 1126 158 439 1127 3 436 1128 159 437 1129 161 441 1130 162 442 1131 160 741 1132 219 443 1133 5 52 1134 161 441 1135 163 445 1136 6 447 1137 8 453 1138 164 448 1139 9 450 1140 7 446 1141 163 445 1142 10 452 1143 166 457 1144 164 448 1145 11 454 1146 9 450 1147 165 451 1148 12 456 1149 168 742 1150 166 457 1151 13 53 1152 11 454 1153 167 455 1154 14 459 1155 216 743 1156 217 460 1157 15 462 1158 13 53 1159 169 458 1160 16 464 1161 172 470 1162 170 465 1163 15 462 1164 171 463 1165 173 467 1166 18 469 1167 174 474 1168 172 470 1169 19 471 1170 17 468 1171 173 467 1172 20 473 1173 176 483 1174 174 474 1175 21 475 1176 19 471 1177 175 472 1178 198 479 1179 23 744 1180 202 745 1181 202 745 1182 204 477 1183 198 479 1184 21 475 1185 177 476 1186 178 480 1187 20 473 1188 203 746 1189 205 482 1190 22 481 1191 178 480 1192 180 484 1193 23 486 1194 25 492 1195 181 487 1196 26 489 1197 24 485 1198 180 484 1199 27 491 1200 183 495 1201 181 487 1202 26 489 1203 182 490 1204 184 493 1205 29 494 1206 185 525 1207 183 495 1208 28 51 1209 184 493 1210 156 431 1211 35 499 1212 32 747 1213 213 497 1214 213 497 1215 212 748 1216 158 498 1217 188 502 1218 186 749 1219 187 750 1220 187 750 1221 201 751 1222 188 502 1223 201 751 1224 200 752 1225 188 502 1226 200 752 1227 199 753 1228 198 754 1229 198 754 1230 197 755 1231 196 756 1232 196 756 1233 195 757 1234 194 500 1235 194 500 1236 193 758 1237 192 501 1238 192 501 1239 191 759 1240 190 760 1241 190 760 1242 189 761 1243 192 501 1244 189 761 1245 188 502 1246 192 501 1247 200 752 1248 198 754 1249 188 502 1250 198 754 1251 196 756 1252 188 502 1253 196 756 1254 194 500 1255 188 502 1256 4 503 1257 188 762 1258 189 504 1259 14 459 1260 12 461 1261 192 506 1262 202 508 1263 23 486 1264 179 488 1265 29 510 1266 27 763 1267 200 511 1268 6 513 1269 189 764 1270 190 514 1271 16 516 1272 14 765 1273 193 517 1274 75 766 1275 71 767 1276 207 521 1277 71 767 1278 176 519 1279 207 521 1280 2 440 1281 158 439 1282 212 522 1283 209 524 1284 211 768 1285 185 525 1286 10 526 1287 8 769 1288 190 527 1289 18 529 1290 16 770 1291 194 530 1292 25 532 1293 23 771 1294 198 533 1295 2 535 1296 186 772 1297 188 536 1298 10 538 1299 191 773 1300 192 539 1301 20 541 1302 18 774 1303 195 542 1304 204 544 1305 202 775 1306 206 545 1307 204 547 1308 207 776 1309 205 548 1310 197 777 1311 204 778 1312 196 552 1313 204 778 1314 203 550 1315 196 552 1316 216 553 1317 214 779 1318 215 554 1319 210 556 1320 213 780 1321 211 557 1322 210 559 1323 208 781 1324 212 560 1325 186 564 1326 2 782 1327 208 783 1328 208 783 1329 210 562 1330 186 564 1331 170 565 1332 168 784 1333 215 566 1334 14 568 1335 170 785 1336 214 569 1337 12 571 1338 217 786 1339 215 572 1340 221 574 1341 220 787 1342 218 575 1343 162 577 1344 218 788 1345 220 578 1346 160 580 1347 4 789 1348 221 581 1349 6 505 1350 220 790 1351 221 583 1352</p>
        </triangles>
      </mesh>
    </geometry>
    <geometry id="Cylinder_001-mesh" name="Cylinder.001">
      <mesh>
        <source id="Cylinder_001-mesh-positions">
          <float_array id="Cylinder_001-mesh-positions-array" count="684">2.351001 -0.3561704 0.003987133 2.380162 -0.3501071 0.00395888 2.380467 -0.3504168 0.2517895 2.409424 -0.3556649 0.003915965 2.409728 -0.3559745 0.2517466 2.434331 -0.3719974 0.003864943 2.434636 -0.372307 0.2516956 2.451092 -0.3966183 0.003813564 2.451397 -0.396928 0.2516442 2.457155 -0.4257793 0.003769695 2.45746 -0.4260889 0.2516003 2.451598 -0.4550408 0.003739953 2.451902 -0.4553505 0.2515706 2.435265 -0.4799482 0.003728926 2.43557 -0.4802578 0.2515596 2.410644 -0.4967094 0.003738224 2.410949 -0.497019 0.2515689 2.381483 -0.5027726 0.003766536 2.381788 -0.5030823 0.2515972 2.352221 -0.4972149 0.003809452 2.352526 -0.4975246 0.2516401 2.327314 -0.4808824 0.003860473 2.310553 -0.4562615 0.003911852 2.310858 -0.4565711 0.2517425 2.30449 -0.4271004 0.003955721 2.304795 -0.4274101 0.2517864 2.310048 -0.3978389 0.003985464 2.310352 -0.3981485 0.2518161 2.32638 -0.3729315 0.003996491 2.326685 -0.3732412 0.2518271 2.33781 -0.3249281 0.1015453 2.338911 -0.3275871 0.06226211 2.339073 -0.3277512 0.1936443 2.337875 -0.3249941 0.1543707 2.380052 -0.3162245 0.1543298 2.380126 -0.3192154 0.1936045 2.379964 -0.3190512 0.0622223 2.379987 -0.3161585 0.1015045 2.422374 -0.3242629 0.1542677 2.42132 -0.3270394 0.1935441 2.421159 -0.3268753 0.06216192 2.422309 -0.3241968 0.1014423 2.458399 -0.3478853 0.1541939 2.456385 -0.3500325 0.1934723 2.456223 -0.3498683 0.06209003 2.458334 -0.3478193 0.1013686 2.482641 -0.3834955 0.1541197 2.479981 -0.3846939 0.1934 2.47982 -0.3845297 0.06201773 2.482576 -0.3834295 0.1012942 2.49141 -0.4256722 0.1540562 2.488517 -0.4257468 0.1933382 2.488356 -0.4255827 0.06195598 2.491346 -0.4256063 0.1012308 2.483372 -0.4679945 0.1540132 2.480693 -0.4669413 0.1932963 2.480531 -0.4667772 0.06191414 2.483307 -0.4679285 0.1011878 2.45975 -0.5040189 0.1539972 2.4577 -0.5020059 0.1932808 2.457538 -0.5018417 0.06189858 2.459685 -0.5039529 0.1011718 2.424139 -0.5282613 0.1540107 2.423038 -0.5256024 0.1932939 2.422877 -0.5254382 0.0619117 2.424074 -0.5281953 0.1011853 2.381963 -0.5370309 0.1540516 2.381985 -0.5341382 0.1933337 2.381824 -0.5339741 0.06195151 2.381898 -0.5369649 0.1012262 2.33964 -0.5289926 0.1541137 2.340791 -0.5263141 0.1933941 2.34063 -0.5261499 0.06201189 2.339576 -0.5289266 0.1012883 2.303616 -0.5053701 0.1541875 2.305727 -0.5033211 0.193466 2.305565 -0.503157 0.06208378 2.303551 -0.5053042 0.1013621 2.279374 -0.4697599 0.1542618 2.28213 -0.4686597 0.1935383 2.281969 -0.4684955 0.06215608 2.279309 -0.4696938 0.1014364 2.270604 -0.4275831 0.1543253 2.273594 -0.4276067 0.1936001 2.273433 -0.4274426 0.06221783 2.270539 -0.4275171 0.1014999 2.278643 -0.3852609 0.1543682 2.281418 -0.3864123 0.1936419 2.281257 -0.3862481 0.06225973 2.302265 -0.3492364 0.1543842 2.304411 -0.3513476 0.1936575 2.30425 -0.3511835 0.06227523 2.3022 -0.3491705 0.1015588 2.296211 -0.3432818 0.05541151 2.293946 -0.3410578 0.09881132 2.333287 -0.3142752 0.09879642 2.334504 -0.3172128 0.05539703 2.294018 -0.3411307 0.1571719 2.296389 -0.3434631 0.2005603 2.334682 -0.3173942 0.2005457 2.333359 -0.3143482 0.157157 2.270808 -0.3820205 0.05539435 2.26792 -0.38093 0.1571542 2.270987 -0.3822019 0.2005431 2.262164 -0.4275314 0.05534809 2.258967 -0.4276138 0.09874618 2.259039 -0.4276867 0.1571067 2.262342 -0.4277128 0.2004969 2.271594 -0.472886 0.05527985 2.268656 -0.4742099 0.09867602 2.268728 -0.4742829 0.1570366 2.271773 -0.4730674 0.2004286 2.297663 -0.5111793 0.05519998 2.295439 -0.5135515 0.09859395 2.29551 -0.5136244 0.1569545 2.297842 -0.5113607 0.2003487 2.336402 -0.5365816 0.05512058 2.335237 -0.5396491 0.09851241 2.335309 -0.5397221 0.156873 2.33658 -0.536763 0.2002694 2.381913 -0.5452256 0.05505383 2.381994 -0.5485298 0.09844386 2.382066 -0.5486027 0.1568044 2.382091 -0.5454069 0.2002026 2.427268 -0.5357953 0.0550099 2.428591 -0.5388413 0.09839868 2.428662 -0.5389142 0.1567592 2.427446 -0.5359767 0.2001586 2.465561 -0.5097263 0.05499535 2.467932 -0.5120587 0.09838378 2.468004 -0.5121316 0.1567443 2.465739 -0.5099077 0.2001441 2.490963 -0.4709876 0.05501252 2.49403 -0.4722595 0.09840142 2.494102 -0.4723324 0.156762 2.491142 -0.4711689 0.2001613 2.499607 -0.4254766 0.05505877 2.502911 -0.4255027 0.09844893 2.502982 -0.4255756 0.1568095 2.499786 -0.4256579 0.2002075 2.490177 -0.3801221 0.05512702 2.493222 -0.3789066 0.09851902 2.493294 -0.3789795 0.1568796 2.490355 -0.3803034 0.2002758 2.464108 -0.3418288 0.05520695 2.46644 -0.339565 0.0986011 2.466511 -0.3396379 0.1569617 2.464287 -0.3420101 0.2003557 2.425369 -0.3164265 0.05528628 2.42664 -0.3134673 0.09868264 2.426712 -0.3135403 0.1570432 2.425548 -0.3166078 0.2004351 2.379858 -0.3077825 0.05535304 2.379884 -0.3045868 0.09875124 2.379955 -0.3046597 0.1571118 2.380037 -0.3079639 0.2005018 2.342276 -0.3356118 0.004023551 2.379969 -0.3277747 0.003987014 2.380274 -0.3280843 0.2518177 2.417791 -0.3349583 0.003931581 2.418096 -0.335268 0.2517622 2.449986 -0.3560692 0.003865599 2.45029 -0.3563789 0.2516962 2.471651 -0.3878934 0.0037992 2.471955 -0.3882031 0.2516298 2.479488 -0.425586 0.003742456 2.479793 -0.4258956 0.2515731 2.472304 -0.4634086 0.003704071 2.472609 -0.4637182 0.2515347 2.451193 -0.495603 0.003689765 2.451498 -0.4959126 0.2515204 2.419369 -0.517268 0.003701865 2.419673 -0.5175776 0.2515324 2.381676 -0.5251051 0.003738403 2.381981 -0.5254148 0.251569 2.343854 -0.5179215 0.003793835 2.344158 -0.5182311 0.2516245 2.311659 -0.4968105 0.003859817 2.289994 -0.4649863 0.003926217 2.290299 -0.4652959 0.2517569 2.282157 -0.4272937 0.003982961 2.282462 -0.4276034 0.2518136 2.289341 -0.3894712 0.004021346 2.289646 -0.3897808 0.251852 2.310452 -0.3572768 0.004035651 2.310757 -0.3575865 0.2518663 2.380427 -0.3503769 0.2198265 2.351266 -0.3564401 0.2198548 2.409689 -0.3559345 0.2197836 2.434596 -0.3722671 0.2197326 2.451357 -0.396888 0.2196812 2.457421 -0.426049 0.2196373 2.451863 -0.4553105 0.2196076 2.43553 -0.4802179 0.2195966 2.410909 -0.4969791 0.2196059 2.381748 -0.5030423 0.2196342 2.352487 -0.4974846 0.2196771 2.32758 -0.4811521 0.2197281 2.310818 -0.4565312 0.2197795 2.304755 -0.4273701 0.2198234 2.310313 -0.3981086 0.2198531 2.326646 -0.3732013 0.2198641 2.322015 -0.4729601 0.2517083 2.335947 -0.4866527 0.2516741 2.327604 -0.4811767 0.239425 2.320292 -0.5025809 0.2516734 2.30636 -0.4888883 0.2517076 2.310673 -0.4984036 0.2396392 2.360524 -0.3545634 0.2518089 2.343523 -0.3617784 0.2518208 2.351292 -0.3564656 0.2402207 2.334798 -0.3412198 0.2518572 2.351799 -0.3340048 0.2518453 2.341894 -0.3343226 0.2404632 2.451504 -0.4959187 0.2563711 2.472615 -0.4637243 0.2563853 2.435576 -0.4802638 0.2564102 2.451908 -0.4553565 0.2564212 2.450306 -0.3563945 0.2641893 2.418111 -0.3352836 0.2642552 2.434651 -0.3723226 0.2641886 2.409744 -0.3559901 0.2642397 2.28365 -0.3774595 0.1015462 2.276852 -0.3942827 0.1015336 2.278592 -0.3852092 0.1129446 2.266122 -0.3899448 0.09878444 2.272921 -0.3731215 0.09879708 2.268622 -0.3811613 0.0874406</float_array>
          <technique_common>
            <accessor source="#Cylinder_001-mesh-positions-array" count="228" stride="3">
              <param name="X" type="float"/>
              <param name="Y" type="float"/>
              <param name="Z" type="float"/>
            </accessor>
          </technique_common>
        </source>
        <source id="Cylinder_001-mesh-normals">
          <float_array id="Cylinder_001-mesh-normals-array" count="2376">0.18476 0.9716423 0.1475637 0.1847602 0.9716423 0.1475638 0.1847605 0.9716422 0.1475639 0.186598 0.9824359 9.99151e-4 0.1865978 0.9824359 9.99021e-4 0.1865984 0.9824358 9.99589e-4 0.5483537 0.8362466 3.69893e-4 0.5483544 0.8362461 3.70284e-4 0.548357 0.8362444 3.71604e-4 0.8266321 0.5627427 -3.12937e-4 0.8266319 0.5627431 -3.13437e-4 0.826631 0.5627444 -3.15125e-4 0.9790595 0.2035722 -9.47474e-4 0.9790599 0.2035702 -9.47463e-4 0.9790613 0.2035636 -9.47424e-4 0.982436 -0.1865946 -0.001439273 0.9824359 -0.1865948 -0.001439213 0.9824358 -0.1865958 -0.001439094 0.836246 -0.5483518 -0.00171405 0.8362457 -0.5483525 -0.001713454 0.8362474 -0.5483497 -0.001716017 0.5627439 -0.8266295 -0.001726448 0.5627435 -0.8266298 -0.001726627 0.562745 -0.8266288 -0.001726031 0.2035691 -0.9790595 -0.001473128 0.2035688 -0.9790596 -0.001473188 0.20357 -0.9790593 -0.001473069 -0.1865963 -0.9824362 -9.98099e-4 -0.186596 -0.9824362 -9.97834e-4 -0.1865971 -0.982436 -9.98996e-4 -0.5483561 -0.8362449 -3.71141e-4 -0.5483558 -0.8362451 -3.71247e-4 -0.5483571 -0.8362444 -3.70786e-4 -0.8266302 -0.5627455 3.13161e-4 -0.8266302 -0.5627454 3.13797e-4 -0.8266299 -0.5627459 3.11015e-4 -0.9790595 -0.2035723 9.47574e-4 -0.9790595 -0.2035723 9.47539e-4 -0.9790595 -0.2035722 9.47423e-4 -0.8362447 0.5483541 0.001711308 -0.8362444 0.5483543 0.001715719 -0.8362423 0.5483575 0.001712679 0.9824349 -0.1866002 -0.001442253 0.9824351 -0.1865996 -0.001442253 0.9824336 -0.1866069 -0.001442015 -0.2316244 0.04300469 0.9718543 -0.231626 0.04300677 0.9718539 -0.231624 0.04300403 0.9718545 -0.5564845 0.8175187 0.1482843 -0.5564786 0.8175212 0.1482928 -0.5564843 0.8175188 0.1482844 -0.001229584 0.001249313 -0.9999985 -0.001229405 0.001249492 -0.9999985 -0.001229405 0.001249432 -0.9999985 -0.2035684 0.9790597 0.00147444 -0.2035688 0.9790596 0.001474559 -0.2035703 0.9790593 0.001474916 -0.8273876 0.5426229 -0.1448794 -0.8273869 0.5426243 -0.1448789 -0.8273856 0.5426266 -0.1448782 -0.8270339 0.542246 0.1482718 -0.8270342 0.5422455 0.1482718 -0.8270348 0.5422446 0.1482718 -0.9720065 0.1847561 -0.1451507 -0.9720058 0.1847592 -0.1451514 -0.9720045 0.1847644 -0.1451527 -0.9716446 0.1843958 0.1480033 -0.9716438 0.1844002 0.148004 -0.9716461 0.1843889 0.1480022 -0.9686655 -0.2011883 -0.1456379 -0.9686653 -0.2011904 -0.1456375 -0.9686646 -0.2011938 -0.1456367 -0.9683035 -0.2015608 0.147518 -0.9683048 -0.2015547 0.1475178 -0.9683015 -0.2015705 0.1475183 -0.8178836 -0.5564824 -0.1462661 -0.8178856 -0.5564795 -0.1462665 -0.8178803 -0.5564875 -0.1462655 -0.5426103 -0.8270323 -0.1469416 -0.5426097 -0.8270325 -0.146942 -0.5426111 -0.8270318 -0.1469411 -0.8175226 -0.5568494 0.1468863 -0.8175254 -0.5568452 0.1468873 -0.8175216 -0.556851 0.1468862 -0.1847636 -0.9716416 -0.1475641 -0.184763 -0.9716417 -0.147564 -0.1847646 -0.9716414 -0.1475641 -0.1843999 -0.9720088 0.1455875 -0.1844002 -0.9720087 0.1455883 -0.1843993 -0.9720091 0.1455864 0.201187 -0.9683026 -0.1480336 0.2011881 -0.9683023 -0.1480348 0.2011852 -0.9683032 -0.1480317 0.2015503 -0.968668 0.1451206 0.2015486 -0.9686684 0.1451194 0.201546 -0.9686693 0.1451177 0.5564867 -0.8175179 -0.1482813 0.5564864 -0.8175179 -0.1482824 0.5564859 -0.8175179 -0.1482842 0.5568435 -0.8178864 0.1448696 0.5568445 -0.8178858 0.1448689 0.5568462 -0.8178849 0.1448677 0.8270332 -0.5422471 -0.1482711 0.8270332 -0.5422472 -0.148271 0.8270334 -0.5422469 -0.1482712 0.8273953 -0.5426113 0.1448803 0.8273957 -0.5426104 0.1448804 0.8273943 -0.5426126 0.1448803 0.9716451 -0.1843945 -0.148002 0.9716442 -0.1843988 -0.1480017 0.9716463 -0.1843875 -0.1480026 0.9720056 -0.184762 0.1451491 0.9720057 -0.1847614 0.1451488 0.9720054 -0.1847628 0.1451494 0.9683044 0.2015584 -0.1475156 0.9683044 0.2015579 -0.1475162 0.9683045 0.2015569 -0.1475172 0.9686669 0.2011822 0.1456374 0.9686655 0.2011876 0.1456385 0.9686689 0.2011738 0.1456356 0.8175227 0.5568493 -0.1468865 0.8175224 0.55685 -0.1468856 0.8175218 0.5568512 -0.146884 0.8178803 0.5564869 0.1462677 0.8178832 0.5564828 0.1462671 0.8178759 0.5564931 0.1462687 0.5422526 0.8273966 -0.146209 0.5422511 0.8273977 -0.1462088 0.5422552 0.827395 -0.1462091 0.5426126 0.8270305 0.1469425 0.5426124 0.8270306 0.1469432 0.542613 0.8270305 0.1469414 0.1844016 0.9720081 -0.1455901 0.1844022 0.9720079 -0.1455903 0.184403 0.9720077 -0.1455904 -0.5568482 0.8178828 -0.1448719 -0.5568481 0.817883 -0.1448716 -0.5568476 0.8178834 -0.1448711 -0.5627439 0.8266295 0.001726031 -0.5627437 0.8266296 0.001725673 -0.5627433 0.8266301 0.001724541 -0.288995 -0.4433674 0.8484735 -0.2889934 -0.4433724 0.8484714 -0.2889955 -0.4433661 0.8484741 0.2986912 -0.4382798 0.8477585 0.2986881 -0.4382795 0.8477598 0.2986921 -0.4382798 0.8477582 -0.1970655 -0.1321291 -0.9714459 -0.1970687 -0.1321296 -0.9714452 -0.1970648 -0.1321291 -0.9714461 0.1993713 -0.1311659 0.9711059 0.19937 -0.1311663 0.9711061 0.1993716 -0.1311659 0.9711058 0.438266 0.2965849 0.8485047 0.4382607 0.2965877 0.8485066 0.438259 0.2965885 0.8485071 -0.2910932 -0.4412662 -0.8488515 -0.2910908 -0.4412644 -0.8488534 -0.2910938 -0.4412667 -0.848851 0.2966163 -0.4361835 -0.8495662 0.2966163 -0.4361764 -0.8495699 0.2966163 -0.4361853 -0.8495653 0.1321469 -0.1946543 -0.9719294 0.1321489 -0.194657 -0.9719287 0.1321465 -0.1946538 -0.9719296 0.1311471 0.1969655 0.9715992 0.1311459 0.1969619 0.9716001 0.1311473 0.1969662 0.9715991 0.4361942 0.2987153 -0.848825 0.4361967 0.2987133 -0.8488244 0.4361936 0.2987158 -0.8488252 -0.2966057 0.4361643 0.8495798 -0.2966014 0.4361609 0.8495831 -0.2965999 0.4361597 0.8495841 -0.1321668 0.1946859 0.9719204 -0.1321666 0.194685 0.9719207 -0.1321666 0.1946848 0.9719207 -0.1947073 -0.1345769 0.9715853 -0.1947051 -0.1345739 0.9715863 -0.1947078 -0.1345776 0.9715852 0.1946814 0.1345592 -0.971593 0.1946796 0.1345588 -0.9715934 0.1946792 0.1345587 -0.9715936 -0.2987034 0.4383032 -0.847742 -0.2987024 0.4382977 -0.8477452 -0.2987037 0.4383047 -0.8477412 -0.4361807 -0.2987037 0.848836 -0.4361841 -0.2987123 0.8488312 -0.4361798 -0.2987015 0.8488373 -0.2331842 -0.04702174 -0.9712951 -0.2331851 -0.04702341 -0.9712948 -0.2331853 -0.04702383 -0.9712948 0.1345564 -0.1971145 0.9711028 0.1345557 -0.1971114 0.9711034 0.1345555 -0.1971106 0.9711036 0.5188865 0.1066149 0.8481687 0.5188895 0.1066124 0.8481673 0.5188905 0.1066116 0.8481667 -0.4382848 -0.2965981 -0.8484904 -0.4382846 -0.2965972 -0.8484908 -0.4382849 -0.2965984 -0.8484903 0.04704219 -0.2307811 -0.9718679 0.04704117 -0.2307751 -0.9718694 0.04704236 -0.2307823 -0.9718676 0.1970926 0.1321488 0.9714377 0.1970946 0.1321493 0.9714373 0.1970922 0.1321486 0.9714379 0.5168178 0.1087379 -0.8491618 0.5168194 0.1087386 -0.8491606 0.5168199 0.1087388 -0.8491603 -0.1066285 0.5167899 0.8494461 -0.106628 0.516786 0.8494485 -0.1066278 0.5167848 0.8494492 -0.2308234 -0.04945605 0.9717381 -0.2308297 -0.04945838 0.9717364 -0.2308314 -0.04945898 0.971736 0.2307956 0.04944932 -0.971745 0.2307966 0.0494486 -0.9717448 0.2307955 0.0494495 -0.971745 -0.1087191 0.5189278 -0.8478763 -0.1087183 0.5189265 -0.8478772 -0.1087193 0.5189281 -0.8478761 -0.5168089 -0.1087334 0.8491677 -0.5168016 -0.1087336 0.8491721 -0.5168108 -0.1087334 0.8491666 -0.2339884 0.04542762 -0.9711775 -0.2339853 0.04542899 -0.9711783 -0.2339844 0.04542934 -0.9711784 0.04943621 -0.2332331 0.9711634 0.0494377 -0.2332383 0.9711621 0.04943585 -0.233232 0.9711637 0.5206736 -0.09975248 0.8479084 0.5206748 -0.0997557 0.8479073 0.5206733 -0.09975165 0.8479086 -0.5189114 -0.1066207 -0.8481527 -0.5189152 -0.1066185 -0.8481507 -0.5189164 -0.1066178 -0.84815 -0.2015494 0.9686684 -0.1451184 -0.2015498 0.9686682 -0.1451196 -0.2015486 0.9686689 -0.1451165 -0.5613222 0.8244994 -0.07154107 -0.5613223 0.8244993 -0.07154119 -0.561323 0.8244988 -0.07154208 -0.5611433 0.8243157 0.07498073 -0.5611433 0.8243156 0.07498079 -0.5611434 0.8243154 0.07498186 -0.6928114 0.2794831 0.6647568 -0.8339081 0.5467881 0.07496744 -0.8339079 0.5467885 0.07496726 -0.8339056 0.5467922 0.07496589 -0.8340848 0.5469763 -0.07155019 -0.8340818 0.5469806 -0.07155364 -0.8340873 0.5469722 -0.07155382 -0.9797067 0.1859998 0.07469278 -0.9797067 0.1860001 0.07469254 -0.9797062 0.1860026 0.07469087 -0.9765189 -0.202933 -0.07231283 -0.9765188 -0.2029339 -0.07231247 -0.9765171 -0.2029429 -0.07230901 -0.9763392 -0.2031137 0.07420581 -0.9763393 -0.203114 0.07420539 -0.9763395 -0.2031112 0.07420992 -0.8245022 -0.5611374 -0.07294577 -0.8245025 -0.561137 -0.07294583 -0.8245053 -0.5611326 -0.0729469 -0.8243187 -0.5613254 0.07357138 -0.8243185 -0.5613254 0.0735718 -0.8243192 -0.5613251 0.07356727 -0.5469689 -0.8339087 -0.07362931 -0.5469693 -0.8339084 -0.07362967 -0.5469735 -0.8339054 -0.07363313 -0.5467913 -0.8340902 0.07289016 -0.5467912 -0.8340903 0.07288998 -0.546792 -0.8340896 0.07289177 -0.1861855 -0.9797046 -0.07425481 -0.1861855 -0.9797047 -0.07425493 -0.1861851 -0.9797046 -0.07425653 -0.1860051 -0.9798876 0.07226693 -0.1860051 -0.9798876 0.07226669 -0.1860054 -0.9798877 0.07226425 0.2029319 -0.976337 -0.07473129 0.2029321 -0.976337 -0.07473129 0.2029345 -0.9763364 -0.07473129 0.2031107 -0.9765205 0.07179027 0.2031105 -0.9765205 0.07179039 0.2031126 -0.9765201 0.07178944 0.5611405 -0.8243177 -0.07497799 0.56114 -0.824318 -0.07497799 0.5611453 -0.8243145 -0.07497811 0.56132 -0.8245009 0.07154101 0.5613201 -0.8245009 0.07154089 0.5613191 -0.8245015 0.0715422 0.8339078 -0.5467886 -0.07496851 0.8339074 -0.546789 -0.07496821 0.8339105 -0.5467839 -0.07497161 0.8340902 -0.5469678 0.07155287 0.8340901 -0.5469681 0.07155305 0.8340921 -0.5469653 0.07155108 0.9797056 -0.1860028 -0.07470041 0.9797056 -0.1860023 -0.07470053 0.9797065 -0.1859973 -0.07470172 0.9798862 -0.1861847 0.07182163 0.9798862 -0.1861849 0.07182145 0.9798859 -0.1861873 0.07181984 0.9763389 0.2031143 -0.07420843 0.976339 0.2031139 -0.07420879 0.9763382 0.2031191 -0.0742051 0.9765198 0.2029292 0.07231241 0.9765198 0.2029288 0.07231259 0.9765204 0.2029251 0.07231456 0.8243193 0.5613241 -0.073574 0.8243193 0.5613241 -0.07357376 0.8243189 0.5613243 -0.07357674 0.824498 0.5611435 0.07294619 0.8244984 0.5611429 0.07294636 0.8244942 0.5611494 0.07294428 0.5467919 0.8340898 -0.0728904 0.5467913 0.8340902 -0.07288998 0.546786 0.834094 -0.07288587 0.5469744 0.8339052 0.07362997 0.5469748 0.8339049 0.07362991 0.5469707 0.8339075 0.07363086 0.1860053 0.9798877 -0.07226395 0.1860055 0.9798877 -0.07226419 0.1860077 0.9798871 -0.07226604 0.1861847 0.9797047 0.07425606 0.1861848 0.9797047 0.074256 0.1861838 0.9797049 0.07425642 -0.2031117 0.9765202 -0.07179111 -0.2031115 0.9765202 -0.07179099 -0.20311 0.9765206 -0.07179027 -0.2029308 0.9763373 0.07473069 -0.2029309 0.9763372 0.07473081 -0.202929 0.9763378 0.07472926 -0.4433698 0.2911063 -0.8477502 -0.4433673 0.2911062 -0.8477516 -0.4433665 0.2911062 -0.8477519 0.1287389 0.1993623 -0.9714325 0.1287389 0.1993659 -0.9714317 0.1287389 0.1993669 -0.9714316 -0.128756 -0.1993906 0.9714244 -0.1287568 -0.1993924 0.9714239 -0.1287558 -0.1993902 0.9714244 -0.1345368 0.1970824 -0.971112 -0.1345371 0.1970848 -0.9711115 -0.1345371 0.1970854 -0.9711113 -0.4412638 0.2889722 0.8495772 -0.4412651 0.2889746 0.8495756 -0.4412655 0.2889754 0.8495752 0.2890037 0.4433857 -0.848461 0.2890026 0.443385 -0.8484619 0.2890039 0.4433858 -0.8484608 0.04541528 0.2316089 0.9717483 0.0454154 0.2316094 0.9717482 0.04541528 0.2316088 0.9717484 0.1969553 -0.1287202 -0.9719258 0.1969577 -0.128719 -0.9719254 0.1969547 -0.1287204 -0.9719259 -0.9824351 0.1865991 0.001441061 -0.9824352 0.1865983 0.001443326 -0.9824351 0.1865992 0.001438558 -0.09974211 -0.5185881 -0.8491867 -0.09974217 -0.518594 -0.8491829 -0.09974211 -0.5185865 -0.8491876 0.2910789 0.4412505 0.8488646 0.2910798 0.4412482 0.8488655 0.29108 0.4412475 0.8488658 0.4412819 -0.2889874 -0.8495627 0.4412812 -0.2889894 -0.8495624 0.441281 -0.28899 -0.8495622 0.2340155 -0.04543304 0.9711707 0.234016 -0.04543262 0.9711707 0.2340161 -0.0454325 0.9711707 -0.1311296 -0.1969362 -0.9716075 -0.1311289 -0.196938 -0.9716073 -0.1311287 -0.1969385 -0.9716072 -0.09765106 -0.5206975 0.8481382 -0.0976513 -0.520698 0.8481379 -0.097651 -0.5206974 0.8481383 -0.5206959 0.09976083 -0.8478936 -0.5206995 0.09976249 -0.8478912 -0.520695 0.09976041 -0.8478942 0.4433498 -0.2911009 0.8477624 0.4433508 -0.2910934 0.8477646 0.4433496 -0.291103 0.847762 0.04301995 0.234006 -0.9712829 0.04302 0.2340031 -0.9712837 0.04302 0.2340024 -0.9712837 -0.04302644 -0.2340354 0.9712756 -0.0430268 -0.2340355 0.9712756 -0.04302632 -0.2340354 0.9712755 -0.1993445 0.1311482 -0.9711138 -0.1993418 0.1311465 -0.9711145 -0.1993411 0.131146 -0.9711148 -0.04704838 0.2308089 0.971861 -0.04704862 0.2308099 0.9718607 -0.04704868 0.2308102 0.9718607 -0.5185869 0.09763389 0.8494324 -0.5185862 0.09763377 0.8494328 -0.5185871 0.09763395 0.8494322 0.09765541 0.520714 -0.8481276 0.09765565 0.5207067 -0.848132 0.09765535 0.520716 -0.8481264 0.1066324 -0.5168055 -0.8494361 0.106633 -0.5168038 -0.849437 0.1066323 -0.516806 -0.8494359 0.2315983 -0.04300045 -0.9718607 0.2315982 -0.0429995 -0.9718608 0.2315983 -0.04300063 -0.9718607 -0.9798851 0.1861905 -0.0718221 -0.9798851 0.1861883 -0.07182776 -0.9798858 0.1861853 -0.0718252 0.1087149 -0.5189052 0.8478907 0.1087146 -0.5189061 0.8478901 0.108715 -0.518905 0.8478909 0.09973812 0.5185698 0.8491983 0.09973847 0.518568 0.8491993 0.09973806 0.5185703 0.8491981 0.5186064 -0.09763878 -0.8494199 0.5186081 -0.09763634 -0.8494191 0.5186087 -0.09763556 -0.8494188 -0.04943048 0.2332028 -0.971171 -0.04942947 0.2332038 -0.9711708 -0.04942917 0.2332041 -0.9711707 0.2332161 0.04702997 0.9712871 0.2332187 0.04702925 0.9712864 0.2332194 0.04702907 0.9712863 -0.04540842 -0.2315751 -0.9717568 -0.04540872 -0.2315741 -0.9717569 -0.0454083 -0.2315754 -0.9717566 -0.001229286 0.001249313 -0.9999985 -0.001229405 0.001249551 -0.9999985 -0.001229345 0.001249134 -0.9999985 0.5627318 -0.8266379 -0.001720666 0.5627376 -0.8266339 -0.00172168 0.5627404 -0.8266319 -0.001723945 -0.001229226 0.001249313 -0.9999985 -0.001229107 0.001249432 -0.9999985 0.001228928 -0.00124973 0.9999985 0.001229226 -0.001250207 0.9999985 0.001228988 -0.001250147 0.9999985 -0.001229286 0.001249372 -0.9999985 -0.001229286 0.001249432 -0.9999985 0.5483479 0.8362503 3.69574e-4 0.5483538 0.8362464 3.74596e-4 0.548346 0.8362516 3.67903e-4 -0.001229166 0.001249611 -0.9999985 -0.001229763 0.001249313 -0.9999985 0.001229166 -0.001249849 0.9999985 0.001227915 -0.00124967 0.9999986 0.001230239 -0.001250207 0.9999985 -0.001229226 0.001249372 -0.9999985 -0.001229166 0.001249432 -0.9999985 0.001230001 -0.001249313 0.9999985 0.001226186 -0.001249432 0.9999985 -0.001229286 0.001249432 -0.9999985 -0.001229345 0.001249492 -0.9999985 0.001230597 -0.001249074 0.9999985 0.001230537 -0.001249372 0.9999985 -0.001229465 0.001249432 -0.9999985 -0.836246 0.5483519 0.001709461 -0.8362442 0.5483549 0.001677095 -0.8362455 0.5483527 0.001694023 -0.001229166 0.001248955 -0.9999985 -0.001229286 0.001249015 -0.9999985 0.001229107 -0.001249849 0.9999985 0.001229107 -0.001250386 0.9999985 0.001229047 -0.001250803 0.9999985 -0.001229226 0.001249074 -0.9999985 -0.001229226 0.001249194 -0.9999985 0.00123018 -0.001249194 0.9999985 0.001229345 -0.001249551 0.9999985 -0.001229584 0.001249372 -0.9999985 -0.001229584 0.001249074 -0.9999985 0.00123012 -0.001249492 0.9999985 0.001229822 -0.001249134 0.9999985 -0.001229405 0.001249313 -0.9999985 -0.001229345 0.001249432 -0.9999985 0.8266329 0.5627417 -3.09008e-4 0.8266201 0.5627602 -3.04793e-4 0.8266299 0.562746 -3.10157e-4 -0.001229584 0.001249253 -0.9999985 -0.001229524 0.001249194 -0.9999985 0.001231491 -0.00124967 0.9999985 0.001229882 -0.001249551 0.9999985 -0.001229703 0.001249253 -0.9999985 0.00123012 -0.001249969 0.9999985 0.001229941 -0.001249372 0.9999985 0.001229465 -0.001249551 0.9999985 -0.001229405 0.001249372 -0.9999985 -0.001229405 0.001249313 -0.9999985 0.001229643 -0.001249194 0.9999985 0.001230478 -0.001249313 0.9999985 -0.001229405 0.001249551 -0.9999985 0.001229107 -0.001249909 0.9999985 0.001228749 -0.001249253 0.9999985 -0.001229226 0.001249313 -0.9999985 -0.2011889 0.9683021 0.1480342 -0.2011888 0.9683021 0.1480345 -0.2011898 0.9683021 0.1480336 0.001229584 -0.001249372 0.9999985 0.001229941 -0.001249313 0.9999985 0.001229107 -0.001249313 0.9999985 -0.5483545 -0.836246 -3.69227e-4 -0.548349 -0.8362495 -3.70426e-4 -0.5483541 -0.8362462 -3.67551e-4 -0.8362449 0.5483536 0.001714229 -0.8362427 0.5483569 0.001713871 0.001228511 -0.001249194 0.9999985 0.001227498 -0.00124818 0.9999985 0.8362476 -0.5483495 -0.001711547 0.8362476 -0.5483496 -0.001711249 0.8362474 -0.5483499 -0.00170803 -0.826636 -0.5627371 3.13917e-4 -0.8266359 -0.5627371 3.13926e-4 -0.826636 -0.562737 3.13817e-4 -0.5627465 0.8266278 0.001725375 -0.5627461 0.826628 0.001725435 -0.5627416 0.8266311 0.001725614 -0.5422543 -0.8273952 0.1462103 -0.542253 -0.8273958 0.1462125 -0.5422545 -0.8273951 0.1462108 0.001231968 -0.00124973 0.9999985 0.001233577 -0.001248955 0.9999985 0.001230299 -0.00124973 0.9999985 0.001229107 -0.001249849 0.9999985 -0.9790596 -0.2035719 9.46997e-4 -0.9790596 -0.2035716 9.46658e-4 -0.9790602 -0.2035689 9.43054e-4 -0.2035679 0.9790598 0.001473188 -0.2035682 0.9790596 0.00147283 -0.2035722 0.9790589 0.001469373 0.9790606 0.203567 -9.50594e-4 0.9790604 0.2035679 -9.50618e-4 0.9790586 0.2035762 -9.50879e-4 -0.1865984 -0.9824358 -9.98333e-4 -0.1865985 -0.9824358 -9.98291e-4 -0.1865983 -0.9824358 -9.98778e-4 -0.9824368 0.1865902 0.001438856 -0.9824365 0.1865915 0.001438498 -0.9824394 0.1865762 0.001442253 0.1865965 0.9824362 9.9841e-4 0.1865965 0.9824362 9.98528e-4 0.1865957 0.9824363 9.99788e-4 0.5589608 -0.546377 0.6237267 0.5591319 -0.5445583 0.6251624 0.5593714 -0.5419492 0.6272119 -0.5544096 0.5478852 0.6264598 -0.5525895 0.5480856 0.6278911 -0.5571683 0.5475754 0.6242794 0.5483493 0.8362494 3.69713e-4 0.5483486 0.8362498 3.71533e-4 0.5483528 0.836247 3.71782e-4 0.001228153 -0.001248896 0.9999986 0.001228213 -0.001248657 0.9999986 0.001228332 -0.00124824 0.9999986 0.7201031 0.3023803 0.6245141 0.7194874 0.3004598 0.6261484 0.7208847 0.3048374 0.6224143 -0.7170506 -0.3075344 0.6255086 -0.7152341 -0.3084253 0.6271476 -0.7130336 -0.3094983 0.6291215 0.2035694 -0.9790594 -0.001474976 0.2035695 -0.9790594 -0.001476943 0.2035701 -0.9790593 -0.00147432 0.8362447 -0.548354 -0.001706242 0.8362525 -0.5483419 -0.001713454 0.8362534 -0.5483408 -0.001714169 -0.700957 -0.7132036 -2.72888e-5 -0.7009571 -0.7132036 -3.52954e-5 -0.700957 -0.7132036 -2.5791e-5 0.3746742 0.9271564 7.05377e-4 0.3746775 0.927155 7.07689e-4 0.3746781 0.9271548 7.08121e-4 0.001230359 -0.001249015 0.9999985 0.001230418 -0.001249849 0.9999985 0.001230239 -0.001248002 0.9999985 0.7131921 -0.7009665 -0.001759767 0.7131907 -0.7009679 -0.001760482 0.7131896 -0.700969 -0.001761138 -0.9271599 0.3746625 0.001606047 -0.9271597 0.3746628 0.001612007 -0.9271601 0.3746623 0.001600503 -0.5483598 -0.8362425 -3.67461e-4 -0.9159508 0.3702508 -0.1547534 0.1492136 0.7656628 0.6256963 -0.4249253 -0.6551771 0.6246452 -0.1969807 0.1287337 0.9719188 -0.1969814 0.1287334 0.9719187 -0.1969805 0.1287338 0.971919 0.1847597 0.9716424 0.1475635 0.1865975 0.982436 9.98583e-4 0.5483511 0.8362482 3.68573e-4 0.826633 0.5627415 -3.11249e-4 0.9790581 0.2035788 -9.47513e-4 0.9824361 -0.1865936 -0.001439392 0.8362442 -0.5483546 -0.001711487 0.5627423 -0.8266305 -0.001727044 0.2035677 -0.9790598 -0.001473248 -0.1865952 -0.9824365 -9.96937e-4 -0.5483549 -0.8362457 -3.71602e-4 -0.8266305 -0.562745 3.15944e-4 -0.9790595 -0.2035724 9.4769e-4 -0.8362457 0.5483523 0.001698613 -0.8362474 0.5483498 0.001715958 0.9824363 -0.1865929 -0.001442432 -0.2316266 0.04300755 0.9718537 -0.5564864 0.817518 0.148281 -0.5564861 0.8175181 0.1482816 -0.203567 0.9790599 0.001474082 -0.8273889 0.5426208 -0.14488 -0.8270332 0.5422468 0.1482718 -0.9720075 0.1847513 -0.1451495 -0.9716421 0.1844076 0.1480052 -0.9686661 -0.2011851 -0.1456385 -0.968307 -0.2015445 0.1475175 -0.8178886 -0.5564748 -0.1462671 -0.542609 -0.8270329 -0.1469424 -0.8175179 -0.5568567 0.1468849 -0.8175213 -0.5568516 0.146885 -0.1847622 -0.9716418 -0.147564 -0.1844007 -0.9720082 0.1455894 0.2011897 -0.9683016 -0.1480366 0.2015531 -0.9686672 0.1451225 0.5564872 -0.8175178 -0.1482797 0.5568417 -0.8178874 0.1448708 0.8270331 -0.5422474 -0.1482709 0.8273966 -0.542609 0.1448804 0.9716432 -0.1844055 -0.1480013 0.9720059 -0.1847605 0.1451485 0.9683044 0.2015593 -0.1475147 0.9686635 0.2011965 0.1456406 0.8175232 0.5568482 -0.1468881 0.8178879 0.5564762 0.1462662 0.5422486 0.8273993 -0.1462087 0.542612 0.8270305 0.1469444 0.1844009 0.9720082 -0.14559 -0.5568486 0.8178824 -0.1448724 -0.5627444 0.8266292 0.001727104 -0.288993 -0.4433741 0.8484708 0.2986871 -0.4382795 0.8477602 -0.1970696 -0.1321297 -0.971445 0.1993697 -0.1311665 0.9711061 0.4382674 0.2965842 0.8485044 -0.29109 -0.4412638 -0.848854 0.2966164 -0.4361742 -0.8495711 0.1321494 -0.1946578 -0.9719284 0.1311455 0.1969609 0.9716004 0.4361975 0.2987127 -0.8488242 -0.2966068 0.4361652 0.849579 -0.1321669 0.1946861 0.9719204 -0.1947045 -0.1345731 0.9715865 0.1946818 0.1345593 -0.971593 -0.2987021 0.4382959 -0.8477464 -0.4361853 -0.2987151 0.8488296 -0.233184 -0.04702138 -0.9712952 0.1345566 -0.1971152 0.9711025 0.5188857 0.1066156 0.8481692 -0.4382846 -0.2965968 -0.848491 0.04704087 -0.2307735 -0.9718698 0.1970952 0.1321495 0.9714372 0.5168173 0.1087377 -0.8491621 -0.1066287 0.5167909 0.8494455 -0.230822 -0.04945552 0.9717383 0.2307969 0.04944843 -0.9717447 -0.1087181 0.518926 -0.8478775 -0.5167993 -0.1087337 0.8491734 -0.2339891 0.04542732 -0.9711774 0.04943805 -0.2332397 0.9711617 0.5206751 -0.09975671 0.8479068 -0.5189104 -0.1066213 -0.8481532 -0.2015506 0.9686678 -0.1451215 -0.5613217 0.8245 -0.07154017 -0.5611431 0.8243158 0.07497966 -0.8339105 0.5467845 0.07496881 -0.8340942 0.5469613 -0.07155644 -0.8340897 0.5469689 -0.07155132 -0.979707 0.1859973 0.07469445 -0.9765205 -0.2029238 -0.07231634 -0.976339 -0.2031166 0.07420116 -0.8244992 -0.5611419 -0.07294464 -0.824318 -0.5613257 0.07357597 -0.5469647 -0.8339119 -0.0736258 -0.5467905 -0.8340908 0.07288831 -0.186186 -0.9797047 -0.07425314 -0.1860048 -0.9798874 0.07226932 0.2029294 -0.9763375 -0.07473129 0.2031086 -0.9765209 0.07179123 0.5611354 -0.8243212 -0.07497793 0.5613211 -0.8245004 0.0715397 0.8339048 -0.5467935 -0.07496523 0.8340882 -0.5469708 0.07155483 0.9797046 -0.1860079 -0.07469922 0.9798866 -0.1861824 0.07182323 0.9763398 0.2031092 -0.07421201 0.9765191 0.2029328 0.07231044 0.8243197 0.5613238 -0.07357108 0.8245024 0.5611369 0.07294833 0.5467972 0.8340859 -0.07289457 0.5469785 0.8339026 0.07362902 0.186003 0.9798883 -0.07226204 0.1861857 0.9797046 0.0742557 -0.2031132 0.9765199 -0.07179188 -0.2029327 0.9763368 0.07473224 -0.4433704 0.2911063 -0.8477499 0.1287389 0.1993616 -0.9714326 -0.1287571 -0.199393 0.9714238 -0.1345367 0.1970819 -0.9711121 -0.4412634 0.2889716 0.8495776 0.2890022 0.4433847 -0.8484621 0.0454154 0.2316095 0.9717482 0.1969583 -0.1287187 -0.9719254 -0.9824351 0.1865993 0.001431822 -0.982435 0.1865998 0.001437723 -0.09974223 -0.518596 -0.8491818 0.2910788 0.4412511 0.8488644 0.441282 -0.2889869 -0.8495628 0.2340155 -0.0454331 0.9711708 -0.1311297 -0.1969358 -0.9716076 -0.09765136 -0.5206981 0.8481378 -0.5207007 0.09976303 -0.8478904 0.4433512 -0.2910909 0.8477653 0.04301995 0.2340067 -0.9712828 -0.04302692 -0.2340355 0.9712755 -0.1993451 0.1311486 -0.9711136 -0.04704833 0.2308087 0.9718611 -0.518586 0.09763377 0.849433 0.09765571 0.5207043 -0.8481335 0.1066331 -0.5168033 -0.8494373 0.2315982 -0.04299926 -0.9718608 -0.9798868 0.1861805 -0.07182544 -0.9798857 0.1861875 -0.07182115 0.1087145 -0.5189064 0.8478899 0.09973859 0.5185675 0.8491996 0.5186059 -0.09763938 -0.8494201 -0.04943072 0.2332026 -0.971171 0.2332155 0.04703015 0.9712871 -0.04540878 -0.2315738 -0.971757 0.5627521 -0.8266239 -0.001728773 0.5627369 -0.8266342 -0.001723349 0.001230239 -0.001249372 0.9999985 0.5483557 0.8362451 3.76267e-4 0.001230299 -0.001249194 0.9999985 -0.8362473 0.54835 0.001708269 0.8266313 0.562744 -3.14503e-4 0.8266367 0.5627359 -3.13036e-4 0.001230895 -0.00124967 0.9999985 -0.2011902 0.968302 0.148033 -0.2011862 0.9683025 0.1480354 0.001229524 -0.001249372 0.9999985 0.001229643 -0.001248538 0.9999985 0.001229643 -0.001249372 0.9999985 0.001229345 -0.001249492 0.9999985 0.001228988 -0.001249253 0.9999985 0.001229166 -0.001249372 0.9999985 0.001231968 -0.001249194 0.9999985 0.001229643 -0.00124979 0.9999985 0.001229286 -0.001248896 0.9999985 0.001228988 -0.001248419 0.9999986 0.001226186 -0.001249611 0.9999986 0.001229047 -0.001249551 0.9999985 0.001228988 -0.001249372 0.9999985 -0.5483492 -0.8362494 -3.71738e-4 0.8362478 -0.5483492 -0.001714766 -0.826636 -0.5627372 3.14026e-4 -0.562751 0.8266248 0.001725196 -0.5422555 -0.8273944 0.146211 -0.5422551 -0.8273948 0.1462105 0.001230895 -0.001249432 0.9999985 -0.9790591 -0.2035745 9.50601e-4 -0.2035641 0.9790606 0.001476645 0.9790623 0.2035588 -9.50334e-4 -0.1865987 -0.9824358 -9.97846e-4 -0.9824339 0.1866055 0.001435101 0.1865972 0.9824361 9.9715e-4 0.5586953 -0.5491336 0.62154 -0.5499783 0.5483672 0.6299344 0.548359 0.836243 3.74649e-4 0.5483534 0.8362466 3.70798e-4 0.001228034 -0.001249253 0.9999985 0.7187374 0.2981376 0.6281167 -0.7193705 -0.3063903 0.623403 0.2035712 -0.9790591 -0.001471936 0.2035701 -0.9790593 -0.00147289 0.8362439 -0.5483552 -0.001705527 -0.7009571 -0.7132036 -3.67931e-5 0.3746736 0.9271566 7.04944e-4 0.001230478 -0.001251161 0.9999985 0.7131932 -0.7009654 -0.001759052 -0.9271596 0.3746632 0.001617491 -0.5483592 -0.8362429 -3.65423e-4 -0.1969817 0.1287333 0.9719187</float_array>
          <technique_common>
            <accessor source="#Cylinder_001-mesh-normals-array" count="792" stride="3">
              <param name="X" type="float"/>
              <param name="Y" type="float"/>
              <param name="Z" type="float"/>
            </accessor>
          </technique_common>
        </source>
        <source id="Cylinder_001-mesh-map-0">
          <float_array id="Cylinder_001-mesh-map-0-array" count="2712">0.9375 1 0.875 0.8751029 0.9375 0.8751029 0.9375 0.7023777 0.875 0.7976223 0.875 0.7023776 0.875 0.7976223 0.8125 0.7023776 0.875 0.7023777 0.8125 0.7976223 0.75 0.7023777 0.8125001 0.7023776 0.75 0.7976223 0.6875 0.7023776 0.75 0.7023777 0.6875 0.7976223 0.625 0.7023776 0.6875 0.7023777 0.625 0.7023777 0.5625 0.7976223 0.5625 0.7023776 0.5625 0.7023776 0.5 0.7976223 0.5 0.7023777 0.5 0.7023777 0.4375 0.7976223 0.4375 0.7023776 0.4375 0.7023777 0.375 0.7976223 0.375 0.7023776 0.375 0.7023777 0.3125 0.7976223 0.3125 0.7023776 0.3125 0.7023776 0.25 0.7976223 0.25 0.7023777 0.25 0.7976223 0.1875 0.7023777 0.25 0.7023776 0.125 0.7229352 0.0625 0.7976223 0.0625 0.7023777 0.07845693 0.3210555 0.1187066 0.3812934 0.1187066 0.3812934 0.1875 0.7023777 0.1371477 0.7023776 0.1875 0.7023777 0.0625 1 0.01528489 1 0 0.9755592 0.5784569 0.3210555 0.6789446 0.4215431 0.8210556 0.07845693 1 0.7976223 0.9375 0.7023776 1 0.7023777 0.125 0.624897 0.0625 0.5 0.125 0.5 0.125 1 0.0625 0.8751029 0.125 0.875103 0.1875 0.624897 0.125 0.5 0.1875 0.5 0.1875 0.8751029 0.125 1 0.125 0.8751029 0.25 0.624897 0.1875 0.5 0.25 0.5 0.25 0.8751029 0.1875 1 0.1875 0.8751029 0.3125 0.5 0.25 0.624897 0.25 0.5 0.375 0.5 0.3125 0.6248971 0.3125 0.5 0.3125 0.9741491 0.25 1 0.25 0.8751029 0.4375 0.5 0.375 0.624897 0.375 0.5 0.4375 0.8751029 0.375 1 0.375 0.8751029 0.5 0.5 0.4375 0.624897 0.4375 0.5 0.5 1 0.4375 0.8751029 0.5 0.8751029 0.5625 0.624897 0.5 0.5 0.5625 0.5 0.5625 1 0.5 0.8751029 0.5625 0.8751029 0.625 0.5 0.5625 0.6248971 0.5625 0.5 0.625 0.8751029 0.5625 1 0.5625 0.8751029 0.6875 0.5 0.625 0.624897 0.625 0.5 0.6875 0.8751029 0.625 1 0.625 0.8751029 0.75 0.624897 0.6875 0.5 0.75 0.5 0.75 0.8751029 0.6875 1 0.6875 0.8751029 0.8125 0.624897 0.75 0.5 0.8125 0.5 0.8125 0.8751029 0.75 1 0.75 0.8751029 0.875 0.5 0.8125 0.624897 0.8125 0.5 0.875 0.8751029 0.8125 1 0.8125 0.8751029 0.9375 0.624897 0.875 0.5 0.9375 0.5 0.0625 0.624897 0 0.5 0.0625 0.5 0.0625 0.7976223 0 0.7023776 0.0625 0.7023777 0.875 0.8751029 0.8125 0.8751029 0.875 0.8751029 0.0625 0.8751029 0 0.8751029 0.0625 0.8751029 0.25 0.7976223 0.3125 0.7976223 0.25 0.7976223 0.625 0.7023777 0.5625 0.7023776 0.625 0.7023777 0.25 0.8751029 0.3125 0.875103 0.3125 0.875103 0.8125 0.624897 0.875 0.624897 0.8125 0.624897 0 0.624897 0.0625 0.624897 0 0.624897 0.5 0.7976223 0.5625 0.7976223 0.5 0.7976223 0.875 0.7023777 0.8125 0.7023776 0.875 0.7023777 0.25 0.624897 0.3125 0.624897 0.25 0.624897 0.5 0.8751029 0.5625 0.8751029 0.5625 0.8751029 0 0.7023776 0.0625 0.7023777 0.0625 0.7023777 0.3125 0.7023776 0.25 0.7023777 0.3125 0.7023776 0.8125 0.7976223 0.75 0.7976223 0.75 0.7976223 0.5 0.624897 0.5625 0.624897 0.5 0.624897 0.8125 0.8751029 0.75 0.8751029 0.8125 0.8751029 0.25 0.7976223 0.1875 0.7976223 0.1875 0.7976223 0.5 0.7023777 0.5625 0.7023776 0.5625 0.7023776 0.1875 0.8751029 0.25 0.8751029 0.25 0.8751029 0.75 0.624897 0.8125 0.624897 0.75 0.624897 0.4375 0.7976223 0.5 0.7976223 0.4375 0.7976223 0.8125001 0.7023776 0.75 0.7023777 0.8125001 0.7023776 0.25 0.624897 0.1875 0.624897 0.1875 0.624897 0.4375 0.8751029 0.5 0.8751029 0.5 0.8751029 0.1875 0.7023777 0.25 0.7023776 0.25 0.7023776 0.6875 0.7976223 0.75 0.7976223 0.6875 0.7976223 0.4375 0.624897 0.5 0.624897 0.4375 0.624897 0.75 0.8751029 0.6875 0.8751029 0.75 0.8751029 0.1875 0.7976223 0.125 0.7976223 0.125 0.7976223 0.5 0.7023777 0.4375 0.7023776 0.5 0.7023777 0.1875 0.8751029 0.125 0.8751029 0.1875 0.8751029 0.75 0.624897 0.6875 0.624897 0.6875 0.624897 1 0.5 0.9375 0.624897 0.9375 0.5 0 0.7023776 0.0625 0.624897 0.0625 0.7023777 0 0.8751029 0.0625 0.7976223 0.0625 0.8751029 0.1369781 0.7023776 0.1115794 0.7023776 0.125 0.682109 0.0625 0.8751029 0.125 0.7976223 0.125 0.875103 0.1128523 0.7023776 0.0625 0.7023777 0.0625 0.624897 0.125 0.8751029 0.1875 0.7976223 0.1875 0.8751029 0.1875 0.7023777 0.25 0.624897 0.25 0.7023776 0.25 0.8751029 0.1875 0.7976223 0.25 0.7976223 0.25 0.7023777 0.3125 0.624897 0.3125 0.7023776 0.3125 0.875103 0.25 0.7976223 0.3125 0.7976223 0.3125 0.7023776 0.375 0.624897 0.375 0.7023777 0.375 0.8751029 0.3125 0.7976223 0.375 0.7976223 0.375 0.7023776 0.4375 0.624897 0.4375 0.7023777 0.375 0.8751029 0.4375 0.7976223 0.4375 0.8751029 0.4375 0.7023776 0.5 0.624897 0.5 0.7023777 0.5 0.8751029 0.4375 0.7976223 0.5 0.7976223 0.5625 0.7023776 0.5 0.624897 0.5625 0.624897 0.5625 0.8751029 0.5 0.7976223 0.5625 0.7976223 0.625 0.7023777 0.5625 0.6248971 0.625 0.624897 0.625 0.8751029 0.5625 0.7976223 0.625 0.7976223 0.625 0.7023776 0.6875 0.624897 0.6875 0.7023777 0.625 0.8751029 0.6875 0.7976223 0.6875 0.8751029 0.75 0.7023777 0.6875 0.624897 0.75 0.624897 0.6875 0.8751029 0.75 0.7976223 0.75 0.8751029 0.8125001 0.7023776 0.75 0.624897 0.8125 0.624897 0.8125 0.8751029 0.75 0.7976223 0.8125 0.7976223 0.8125 0.7023776 0.875 0.624897 0.875 0.7023777 0.875 0.8751029 0.8125 0.7976223 0.875 0.7976223 0.875 0.7023776 0.9375 0.624897 0.9375 0.7023777 0.9375 0.8751029 0.875 0.7976223 0.9375 0.7976223 0.9375 0.7023776 1 0.624897 1 0.7023777 1 0.8751029 0.9374999 0.7976223 1 0.7976223 0.625 0.624897 0.5625 0.6248971 0.5625 0.6248971 0.875 0.7976223 0.8125 0.7976223 0.8125 0.7976223 0.375 0.7023777 0.3125 0.7023776 0.375 0.7023777 0.0625 0.7976223 0 0.7976223 0 0.7976223 0.5625 0.8751029 0.625 0.8751029 0.625 0.8751029 0.3125 0.6248971 0.375 0.624897 0.3125 0.6248971 0.9375 0.7023777 0.875 0.7023776 0.9375 0.7023777 0.5625 0.7976223 0.625 0.7976223 0.5625 0.7976223 0.1875 0.7976223 0.125 0.7976223 0.125 0.7229352 0.875 0.624897 0.9375 0.624897 0.875 0.624897 0.3125 0.8751029 0.375 0.8751029 0.375 0.8751029 0.125 0.624897 0.0625 0.624897 0.0625 0.624897 0.625 0.7023776 0.6875 0.7023777 0.6875 0.7023777 0.375 0.7976223 0.3125 0.7976223 0.3125 0.7976223 0.9375 0.8751029 0.875 0.8751029 0.9375 0.8751029 0.625 0.624897 0.6875 0.624897 0.625 0.624897 0.125 0.875103 0.0625 0.8751029 0.125 0.875103 0.9375 0.7976223 0.875 0.7976223 0.875 0.7976223 0.4375 0.7023777 0.375 0.7023776 0.4375 0.7023777 0.125 0.7976223 0.0625 0.7976223 0.0625 0.7976223 0.9375 0.7023776 1 0.7023777 1 0.7023777 0.6875 0.8751029 0.625 0.8751029 0.6875 0.8751029 0.375 0.624897 0.4375 0.624897 0.375 0.624897 0.9375 0.624897 1 0.624897 0.9375 0.624897 0.625 0.7976223 0.6875 0.7976223 0.625 0.7976223 0.125 0.6821091 0.125 0.624897 0.1875 0.624897 1 0.8751029 0.9375 0.8751029 1 0.8751029 0.4375 0.8751029 0.375 0.8751029 0.4375 0.8751029 0.1875 0.624897 0.125 0.624897 0.125 0.624897 1 0.7976223 0.9374999 0.7976223 0.9374999 0.7976223 0.6875 0.7023776 0.75 0.7023777 0.75 0.7023777 0.375 0.7976223 0.4375 0.7976223 0.375 0.7976223 0.8210555 0.4215431 0.75 0.49 0.841844 0.4717311 0.2275388 0.4312092 0.1789445 0.4215431 0.1789445 0.4215431 0.8812934 0.3812934 0.841844 0.4717311 0.9197056 0.4197056 0.3812934 0.3812934 0.341844 0.4717311 0.3210555 0.4215431 0.8812934 0.3812934 0.9717311 0.341844 0.9215431 0.3210555 0.8125 1 0.875 1 0.8125 1 0.9215431 0.3210555 0.99 0.25 0.935677 0.25 0.4215431 0.3210555 0.49 0.25 0.4717311 0.341844 0.9215431 0.1789445 0.99 0.25 0.9717311 0.1581559 0.421543 0.1789445 0.49 0.25 0.4356769 0.25 0.8812933 0.1187066 0.9717311 0.1581559 0.9197056 0.08029437 0.3812934 0.1187066 0.4717311 0.1581559 0.421543 0.1789445 0.8210556 0.07845693 0.9197056 0.08029437 0.841844 0.02826887 0.3210555 0.07845693 0.3812934 0.1187066 0.3812934 0.1187066 0.7500001 0.06432312 0.841844 0.02826887 0.75 0.00999999 0.25 0.06432312 0.341844 0.02826887 0.3210555 0.07845693 0.7500001 0.06432312 0.658156 0.02826887 0.6789445 0.07845693 0.1789445 0.07845693 0.25 0.00999999 0.25 0.06432312 0.6187065 0.1187066 0.658156 0.02826887 0.5802944 0.08029437 0.1187066 0.1187066 0.1581559 0.02826887 0.1789445 0.07845693 0.5784569 0.1789445 0.5802944 0.08029437 0.5282689 0.1581559 0.07845693 0.1789445 0.07845693 0.1789445 0.06432312 0.25 0.5784569 0.1789445 0.51 0.25 0.5643231 0.25 0.1187066 0.1187066 0.04172623 0.1380156 0.08029437 0.08029437 0.5643231 0.25 0.5282689 0.341844 0.5784569 0.3210555 0.06432312 0.25 0.02826893 0.341844 0.00999999 0.25 0.6187066 0.3812934 0.5282689 0.341844 0.5802944 0.4197056 0.1187066 0.3812934 0.02826893 0.341844 0.07845693 0.3210555 0.6187066 0.3812934 0.658156 0.4717311 0.6789446 0.4215431 0.1789445 0.4215431 0.08029431 0.4197056 0.1187066 0.3812934 0.6789446 0.4215431 0.75 0.49 0.7500001 0.4356769 1 0.9755591 0.9375 1 0.9375 0.8751029 0.1187066 0.3812934 0.1187066 0.1187066 0.3812934 0.1187066 0.3812934 0.3812934 0.4215431 0.3210555 0.4215431 0.3210555 0.3210555 0.07845693 0.3812934 0.1187066 0.3210555 0.07845693 0.07373136 0.2027016 0.00999999 0.25 0.02354329 0.181913 0.1789445 0.4215431 0.1187066 0.3812934 0.1789445 0.4215431 0.4215431 0.3210555 0.4356769 0.25 0.4356769 0.25 0.25 0.06432312 0.3210555 0.07845693 0.25 0.06432312 0.375 1 0.3286668 1 0.3125 0.9741491 0.3210555 0.4215431 0.2724612 0.4855322 0.2724613 0.4312091 0.2275388 0.4312091 0.1581559 0.4717311 0.1789445 0.4215431 0.421543 0.1789445 0.4356769 0.25 0.421543 0.1789445 0.1789445 0.07845693 0.25 0.06432312 0.1789445 0.07845693 0.07845693 0.3210555 0.06432312 0.25 0.07845693 0.3210555 0.3210555 0.4215431 0.3812934 0.3812934 0.3812934 0.3812934 0.421543 0.1789445 0.3812934 0.1187066 0.3812934 0.1187066 0.1187066 0.1187066 0.1789445 0.07845693 0.1187066 0.1187066 0.07845693 0.1789445 0.2963332 1 0.3125 0.9741491 0.07845693 0.1789445 0.04172623 0.1380156 0.09191429 0.1588042 0.09191429 0.1588042 0.1187066 0.1187066 0.1187066 0.1187066 0.3210555 0.07845693 0.4197056 0.08029437 0.3812934 0.1187066 0.2500001 0.435677 0.2275387 0.4855322 0.2275388 0.4312091 0.2500001 0.435677 0.9847151 1 1 0.9755591 0.2500001 0.435677 0.2500001 0.4356769 0.3210555 0.4215431 0.625 1 0.5625 1 0.5625 1 0.3210555 0.07845693 0.341844 0.02826887 0.3210555 0.07845693 0.3812934 0.1187066 0.4197056 0.08029437 0.4197056 0.08029437 0.3812934 0.3812934 0.4717311 0.341844 0.4197056 0.4197056 0.4717311 0.341844 0.4215431 0.3210555 0.4215431 0.3210555 0.4197056 0.4197056 0.3812934 0.3812934 0.4197056 0.4197056 0.4215431 0.3210555 0.3812934 0.3812934 0.3812934 0.3812934 0.1115794 0.7023776 0.1369781 0.7023776 0.125 0.7229352 0.1384205 0.7023777 0.125 0.6821091 0.1371477 0.7023776 0.125 0.682109 0.1115794 0.7023776 0.1128523 0.7023776 0.1115794 0.7023776 0.0625 0.7023777 0.1128523 0.7023776 0.9375 1 0.875 1 0.875 0.8751029 0.9375 0.7023777 0.9375 0.7976223 0.875 0.7976223 0.875 0.7976223 0.8125 0.7976223 0.8125 0.7023776 0.8125 0.7976223 0.75 0.7976223 0.75 0.7023777 0.75 0.7976223 0.6875 0.7976223 0.6875 0.7023776 0.6875 0.7976223 0.625 0.7976223 0.625 0.7023776 0.625 0.7023777 0.625 0.7976223 0.5625 0.7976223 0.5625 0.7023776 0.5625 0.7976223 0.5 0.7976223 0.5 0.7023777 0.5 0.7976223 0.4375 0.7976223 0.4375 0.7023777 0.4375 0.7976223 0.375 0.7976223 0.375 0.7023777 0.375 0.7976223 0.3125 0.7976223 0.3125 0.7023776 0.3125 0.7976223 0.25 0.7976223 0.25 0.7976223 0.1875 0.7976223 0.1875 0.7023777 0.0625 0.7023777 0.1115794 0.7023776 0.125 0.7229352 0.125 0.7229352 0.125 0.7976223 0.0625 0.7976223 0.07845693 0.3210555 0.07845693 0.3210555 0.1187066 0.3812934 0.1875 0.7023777 0.1384205 0.7023777 0.1371477 0.7023776 0 0.8751029 0.0625 0.8751029 0 0.9755592 0.0625 0.8751029 0.0625 1 0 0.9755592 0.6789446 0.4215431 0.7500001 0.4356769 0.8210555 0.4215431 0.8210555 0.4215431 0.8812934 0.3812934 0.6789446 0.4215431 0.8812934 0.3812934 0.9215431 0.3210555 0.6789446 0.4215431 0.9215431 0.3210555 0.935677 0.25 0.9215431 0.1789445 0.9215431 0.1789445 0.8812933 0.1187066 0.8210556 0.07845693 0.8210556 0.07845693 0.7500001 0.06432312 0.6789445 0.07845693 0.6789445 0.07845693 0.6187065 0.1187066 0.8210556 0.07845693 0.6187065 0.1187066 0.5784569 0.1789445 0.8210556 0.07845693 0.5784569 0.1789445 0.5643231 0.25 0.5784569 0.3210555 0.5784569 0.3210555 0.6187066 0.3812934 0.6789446 0.4215431 0.9215431 0.3210555 0.9215431 0.1789445 0.6789446 0.4215431 0.9215431 0.1789445 0.8210556 0.07845693 0.6789446 0.4215431 0.5784569 0.1789445 0.5784569 0.3210555 0.8210556 0.07845693 1 0.7976223 0.9374999 0.7976223 0.9375 0.7023776 0.125 0.624897 0.0625 0.624897 0.0625 0.5 0.125 1 0.0625 1 0.0625 0.8751029 0.1875 0.624897 0.125 0.624897 0.125 0.5 0.1875 0.8751029 0.1875 1 0.125 1 0.25 0.624897 0.1875 0.624897 0.1875 0.5 0.25 0.8751029 0.25 1 0.1875 1 0.3125 0.5 0.3125 0.624897 0.25 0.624897 0.375 0.5 0.375 0.624897 0.3125 0.6248971 0.25 0.8751029 0.3125 0.875103 0.3125 0.9741491 0.3125 0.9741491 0.2963332 1 0.25 1 0.4375 0.5 0.4375 0.624897 0.375 0.624897 0.4375 0.8751029 0.4375 1 0.375 1 0.5 0.5 0.5 0.624897 0.4375 0.624897 0.5 1 0.4375 1 0.4375 0.8751029 0.5625 0.624897 0.5 0.624897 0.5 0.5 0.5625 1 0.5 1 0.5 0.8751029 0.625 0.5 0.625 0.624897 0.5625 0.6248971 0.625 0.8751029 0.625 1 0.5625 1 0.6875 0.5 0.6875 0.624897 0.625 0.624897 0.6875 0.8751029 0.6875 1 0.625 1 0.75 0.624897 0.6875 0.624897 0.6875 0.5 0.75 0.8751029 0.75 1 0.6875 1 0.8125 0.624897 0.75 0.624897 0.75 0.5 0.8125 0.8751029 0.8125 1 0.75 1 0.875 0.5 0.875 0.624897 0.8125 0.624897 0.875 0.8751029 0.875 1 0.8125 1 0.9375 0.624897 0.875 0.624897 0.875 0.5 0.0625 0.624897 0 0.624897 0 0.5 0.0625 0.7976223 0 0.7976223 0 0.7023776 0.875 0.8751029 0.8125 0.8751029 0.8125 0.8751029 0.0625 0.8751029 0 0.8751029 0 0.8751029 0.25 0.7976223 0.3125 0.7976223 0.3125 0.7976223 0.625 0.7023777 0.5625 0.7023776 0.5625 0.7023776 0.25 0.8751029 0.25 0.8751029 0.3125 0.875103 0.8125 0.624897 0.875 0.624897 0.875 0.624897 0 0.624897 0.0625 0.624897 0.0625 0.624897 0.5 0.7976223 0.5625 0.7976223 0.5625 0.7976223 0.875 0.7023777 0.8125 0.7023776 0.8125 0.7023776 0.25 0.624897 0.3125 0.624897 0.3125 0.624897 0.5 0.8751029 0.5 0.8751029 0.5625 0.8751029 0 0.7023776 0 0.7023776 0.0625 0.7023777 0.3125 0.7023776 0.25 0.7023777 0.25 0.7023777 0.8125 0.7976223 0.8125 0.7976223 0.75 0.7976223 0.5 0.624897 0.5625 0.624897 0.5625 0.624897 0.8125 0.8751029 0.75 0.8751029 0.75 0.8751029 0.25 0.7976223 0.25 0.7976223 0.1875 0.7976223 0.5 0.7023777 0.5 0.7023777 0.5625 0.7023776 0.1875 0.8751029 0.1875 0.8751029 0.25 0.8751029 0.75 0.624897 0.8125 0.624897 0.8125 0.624897 0.4375 0.7976223 0.5 0.7976223 0.5 0.7976223 0.8125001 0.7023776 0.75 0.7023777 0.75 0.7023777 0.25 0.624897 0.25 0.624897 0.1875 0.624897 0.4375 0.8751029 0.4375 0.8751029 0.5 0.8751029 0.1875 0.7023777 0.1875 0.7023777 0.25 0.7023776 0.6875 0.7976223 0.75 0.7976223 0.75 0.7976223 0.4375 0.624897 0.5 0.624897 0.5 0.624897 0.75 0.8751029 0.6875 0.8751029 0.6875 0.8751029 0.1875 0.7976223 0.1875 0.7976223 0.125 0.7976223 0.5 0.7023777 0.4375 0.7023776 0.4375 0.7023776 0.1875 0.8751029 0.125 0.8751029 0.125 0.8751029 0.75 0.624897 0.75 0.624897 0.6875 0.624897 1 0.5 1 0.624897 0.9375 0.624897 0 0.7023776 0 0.624897 0.0625 0.624897 0 0.8751029 0 0.7976223 0.0625 0.7976223 0.0625 0.8751029 0.0625 0.7976223 0.125 0.7976223 0.125 0.624897 0.125 0.682109 0.0625 0.624897 0.125 0.682109 0.1128523 0.7023776 0.0625 0.624897 0.125 0.8751029 0.125 0.7976223 0.1875 0.7976223 0.1875 0.7023777 0.1875 0.624897 0.25 0.624897 0.25 0.8751029 0.1875 0.8751029 0.1875 0.7976223 0.25 0.7023777 0.25 0.624897 0.3125 0.624897 0.3125 0.875103 0.25 0.8751029 0.25 0.7976223 0.3125 0.7023776 0.3125 0.6248971 0.375 0.624897 0.375 0.8751029 0.3125 0.8751029 0.3125 0.7976223 0.375 0.7023776 0.375 0.624897 0.4375 0.624897 0.375 0.8751029 0.375 0.7976223 0.4375 0.7976223 0.4375 0.7023776 0.4375 0.624897 0.5 0.624897 0.5 0.8751029 0.4375 0.8751029 0.4375 0.7976223 0.5625 0.7023776 0.5 0.7023777 0.5 0.624897 0.5625 0.8751029 0.5 0.8751029 0.5 0.7976223 0.625 0.7023777 0.5625 0.7023776 0.5625 0.6248971 0.625 0.8751029 0.5625 0.8751029 0.5625 0.7976223 0.625 0.7023776 0.625 0.624897 0.6875 0.624897 0.625 0.8751029 0.625 0.7976223 0.6875 0.7976223 0.75 0.7023777 0.6875 0.7023776 0.6875 0.624897 0.6875 0.8751029 0.6875 0.7976223 0.75 0.7976223 0.8125001 0.7023776 0.75 0.7023777 0.75 0.624897 0.8125 0.8751029 0.75 0.8751029 0.75 0.7976223 0.8125 0.7023776 0.8125 0.624897 0.875 0.624897 0.875 0.8751029 0.8125 0.8751029 0.8125 0.7976223 0.875 0.7023776 0.875 0.624897 0.9375 0.624897 0.9375 0.8751029 0.875 0.8751029 0.875 0.7976223 0.9375 0.7023776 0.9375 0.624897 1 0.624897 1 0.8751029 0.9375 0.8751029 0.9374999 0.7976223 0.625 0.624897 0.625 0.624897 0.5625 0.6248971 0.875 0.7976223 0.875 0.7976223 0.8125 0.7976223 0.375 0.7023777 0.3125 0.7023776 0.3125 0.7023776 0.0625 0.7976223 0.0625 0.7976223 0 0.7976223 0.5625 0.8751029 0.5625 0.8751029 0.625 0.8751029 0.3125 0.6248971 0.375 0.624897 0.375 0.624897 0.9375 0.7023777 0.875 0.7023776 0.875 0.7023776 0.5625 0.7976223 0.625 0.7976223 0.625 0.7976223 0.1384205 0.7023776 0.1875 0.7023777 0.125 0.7229352 0.1875 0.7023777 0.1875 0.7976223 0.125 0.7229352 0.875 0.624897 0.9375 0.624897 0.9375 0.624897 0.3125 0.8751029 0.3125 0.8751029 0.375 0.8751029 0.125 0.624897 0.125 0.624897 0.0625 0.624897 0.625 0.7023776 0.625 0.7023776 0.6875 0.7023777 0.375 0.7976223 0.375 0.7976223 0.3125 0.7976223 0.9375 0.8751029 0.875 0.8751029 0.875 0.8751029 0.625 0.624897 0.6875 0.624897 0.6875 0.624897 0.125 0.875103 0.0625 0.8751029 0.0625 0.8751029 0.9375 0.7976223 0.9375 0.7976223 0.875 0.7976223 0.4375 0.7023777 0.375 0.7023776 0.375 0.7023776 0.125 0.7976223 0.125 0.7976223 0.0625 0.7976223 0.9375 0.7023776 0.9375 0.7023776 1 0.7023777 0.6875 0.8751029 0.625 0.8751029 0.625 0.8751029 0.375 0.624897 0.4375 0.624897 0.4375 0.624897 0.9375 0.624897 1 0.624897 1 0.624897 0.625 0.7976223 0.6875 0.7976223 0.6875 0.7976223 0.1875 0.624897 0.1875 0.7023777 0.1371477 0.7023776 0.1371477 0.7023776 0.125 0.6821091 0.1875 0.624897 1 0.8751029 0.9375 0.8751029 0.9375 0.8751029 0.4375 0.8751029 0.375 0.8751029 0.375 0.8751029 0.1875 0.624897 0.1875 0.624897 0.125 0.624897 1 0.7976223 1 0.7976223 0.9374999 0.7976223 0.6875 0.7023776 0.6875 0.7023776 0.75 0.7023777 0.375 0.7976223 0.4375 0.7976223 0.4375 0.7976223 0.8210555 0.4215431 0.7500001 0.4356769 0.75 0.49 0.2500001 0.4356769 0.2500001 0.4356769 0.1789445 0.4215431 0.2500001 0.4356769 0.2275388 0.4312092 0.1789445 0.4215431 0.8812934 0.3812934 0.8210555 0.4215431 0.841844 0.4717311 0.3812934 0.3812934 0.4197056 0.4197056 0.341844 0.4717311 0.8812934 0.3812934 0.9197056 0.4197056 0.9717311 0.341844 0.8125 1 0.875 1 0.875 1 0.9215431 0.3210555 0.9717311 0.341844 0.99 0.25 0.4215431 0.3210555 0.4356769 0.25 0.49 0.25 0.9215431 0.1789445 0.935677 0.25 0.99 0.25 0.421543 0.1789445 0.4717311 0.1581559 0.49 0.25 0.8812933 0.1187066 0.9215431 0.1789445 0.9717311 0.1581559 0.3812934 0.1187066 0.4197056 0.08029437 0.4717311 0.1581559 0.8210556 0.07845693 0.8812933 0.1187066 0.9197056 0.08029437 0.3210555 0.07845693 0.3210555 0.07845693 0.3812934 0.1187066 0.7500001 0.06432312 0.8210556 0.07845693 0.841844 0.02826887 0.25 0.06432312 0.25 0.00999999 0.341844 0.02826887 0.7500001 0.06432312 0.75 0.00999999 0.658156 0.02826887 0.1789445 0.07845693 0.1581559 0.02826887 0.25 0.00999999 0.6187065 0.1187066 0.6789445 0.07845693 0.658156 0.02826887 0.1187066 0.1187066 0.08029437 0.08029437 0.1581559 0.02826887 0.5784569 0.1789445 0.6187065 0.1187066 0.5802944 0.08029437 0.06432312 0.25 0.06432312 0.25 0.07373136 0.2027016 0.07373136 0.2027016 0.07845693 0.1789445 0.06432312 0.25 0.5784569 0.1789445 0.5282689 0.1581559 0.51 0.25 0.1187066 0.1187066 0.09191429 0.1588042 0.04172623 0.1380156 0.5643231 0.25 0.51 0.25 0.5282689 0.341844 0.06432312 0.25 0.07845693 0.3210555 0.02826893 0.341844 0.6187066 0.3812934 0.5784569 0.3210555 0.5282689 0.341844 0.1187066 0.3812934 0.08029431 0.4197056 0.02826893 0.341844 0.6187066 0.3812934 0.5802944 0.4197056 0.658156 0.4717311 0.1789445 0.4215431 0.1581559 0.4717311 0.08029431 0.4197056 0.6789446 0.4215431 0.658156 0.4717311 0.75 0.49 0.9375 0.8751029 1 0.8751029 1 0.9755591 1 0.9755591 0.9847151 1 0.9375 1 0.3812934 0.3812934 0.3210555 0.4215431 0.2500001 0.4356769 0.2500001 0.4356769 0.1789445 0.4215431 0.3812934 0.3812934 0.1789445 0.4215431 0.1187066 0.3812934 0.3812934 0.3812934 0.1187066 0.3812934 0.07845693 0.3210555 0.06432312 0.25 0.06432312 0.25 0.07845693 0.1789445 0.1187066 0.3812934 0.07845693 0.1789445 0.1187066 0.1187066 0.1187066 0.3812934 0.1187066 0.1187066 0.1789445 0.07845693 0.25 0.06432312 0.25 0.06432312 0.3210555 0.07845693 0.3812934 0.1187066 0.3812934 0.1187066 0.421543 0.1789445 0.4356769 0.25 0.4356769 0.25 0.4215431 0.3210555 0.3812934 0.3812934 0.1187066 0.1187066 0.25 0.06432312 0.3812934 0.1187066 0.3812934 0.1187066 0.4356769 0.25 0.3812934 0.3812934 0.3812934 0.3812934 0.1187066 0.3812934 0.3812934 0.1187066 0.3812934 0.3812934 0.3812934 0.3812934 0.4215431 0.3210555 0.3210555 0.07845693 0.3812934 0.1187066 0.3812934 0.1187066 0.07373136 0.2027016 0.06432312 0.25 0.00999999 0.25 0.1789445 0.4215431 0.1187066 0.3812934 0.1187066 0.3812934 0.4215431 0.3210555 0.4215431 0.3210555 0.4356769 0.25 0.25 0.06432312 0.3210555 0.07845693 0.3210555 0.07845693 0.3125 0.8751029 0.375 0.8751029 0.3125 0.9741491 0.375 0.8751029 0.375 1 0.3125 0.9741491 0.3210555 0.4215431 0.341844 0.4717311 0.2724612 0.4855322 0.2275388 0.4312091 0.2275387 0.4855322 0.1581559 0.4717311 0.421543 0.1789445 0.4356769 0.25 0.4356769 0.25 0.1789445 0.07845693 0.25 0.06432312 0.25 0.06432312 0.07845693 0.3210555 0.06432312 0.25 0.06432312 0.25 0.3210555 0.4215431 0.3210555 0.4215431 0.3812934 0.3812934 0.421543 0.1789445 0.421543 0.1789445 0.3812934 0.1187066 0.1187066 0.1187066 0.1789445 0.07845693 0.1789445 0.07845693 0.07845693 0.1789445 0.07373136 0.2027016 0.2963332 1 0.07845693 0.1789445 0.3125 0.9741491 0.04172623 0.1380156 0.07845693 0.1789445 0.07845693 0.1789445 0.1187066 0.1187066 0.07845693 0.1789445 0.09191429 0.1588042 0.1187066 0.1187066 0.3210555 0.07845693 0.341844 0.02826887 0.4197056 0.08029437 0.2500001 0.435677 0 0.9755592 0.2275387 0.4855322 0.2500001 0.435677 0.2724613 0.4312091 0.9847151 1 0.3210555 0.4215431 0.3210555 0.4215431 0.2724613 0.4312091 0.2724613 0.4312091 0.2500001 0.435677 0.3210555 0.4215431 0.625 1 0.625 1 0.5625 1 0.3210555 0.07845693 0.341844 0.02826887 0.341844 0.02826887 0.3812934 0.1187066 0.3812934 0.1187066 0.4197056 0.08029437 0.3812934 0.3812934 0.4215431 0.3210555 0.4717311 0.341844 0.4717311 0.341844 0.4717311 0.341844 0.4215431 0.3210555 0.4197056 0.4197056 0.3812934 0.3812934 0.3812934 0.3812934 0.4215431 0.3210555 0.4215431 0.3210555 0.3812934 0.3812934 0.1115794 0.7023776 0.0625 0.7023777 0.0625 0.7023777</float_array>
          <technique_common>
            <accessor source="#Cylinder_001-mesh-map-0-array" count="1356" stride="2">
              <param name="S" type="float"/>
              <param name="T" type="float"/>
            </accessor>
          </technique_common>
        </source>
        <vertices id="Cylinder_001-mesh-vertices">
          <input semantic="POSITION" source="#Cylinder_001-mesh-positions"/>
        </vertices>
        <triangles material="metal-material" count="197">
          <input semantic="VERTEX" source="#Cylinder_001-mesh-vertices" offset="0"/>
          <input semantic="NORMAL" source="#Cylinder_001-mesh-normals" offset="1"/>
          <input semantic="TEXCOORD" source="#Cylinder_001-mesh-map-0" offset="2" set="0"/>
          <p>85 45 45 225 46 46 105 47 47 39 141 141 147 142 142 151 143 143 90 144 144 99 145 145 98 146 146 78 147 147 114 148 148 110 149 149 57 150 150 129 151 151 133 152 152 79 153 153 115 154 154 75 155 155 44 156 156 148 157 157 144 158 158 31 159 159 93 160 160 96 161 161 62 162 162 130 163 163 126 164 164 41 165 165 145 166 166 149 167 167 80 168 168 112 169 169 108 170 170 63 171 171 131 172 172 59 173 173 30 174 174 94 175 175 92 176 176 77 177 177 109 178 178 113 179 179 42 180 180 142 181 181 46 182 182 64 183 183 128 184 184 124 185 185 43 186 186 143 187 187 147 188 188 78 189 189 106 190 190 82 191 191 65 192 192 129 193 193 61 194 194 83 195 195 111 196 196 79 197 197 48 198 198 144 199 199 140 200 200 66 201 201 126 202 202 122 203 203 45 204 204 141 205 205 145 206 206 80 207 207 104 208 208 84 209 209 67 210 210 127 211 211 63 212 212 85 213 213 109 214 214 81 215 215 50 216 216 142 217 217 138 218 218 68 219 219 124 220 220 120 221 221 47 222 222 139 223 223 143 224 224 82 225 225 102 226 226 86 227 227 65 228 228 121 229 229 125 230 230 83 231 231 103 232 232 107 233 233 48 234 234 136 235 235 52 236 236 95 240 240 93 241 241 94 242 242 99 243 243 97 244 244 98 245 245 223 246 246 222 246 247 227 246 248 98 247 249 102 248 250 103 249 251 226 250 252 94 251 253 93 252 254 103 253 255 106 254 256 107 255 257 105 256 258 108 257 259 109 258 260 111 259 261 106 260 262 110 261 263 109 262 264 112 263 265 113 264 266 115 265 267 110 266 268 114 267 269 113 268 270 116 269 271 117 270 272 119 271 273 114 272 274 118 273 275 117 274 276 120 275 277 121 276 278 119 277 279 122 278 280 123 279 281 121 280 282 124 281 283 125 282 284 127 283 285 122 284 286 126 285 287 129 286 288 124 287 289 128 288 290 131 289 291 126 290 292 130 291 293 133 292 294 128 293 295 132 294 296 135 295 297 130 296 298 134 297 299 133 298 300 136 299 301 137 300 302 135 301 303 138 302 304 139 303 305 141 304 306 136 305 307 140 306 308 139 307 309 142 308 310 143 309 311 145 310 312 140 311 313 144 312 314 147 313 315 142 314 316 146 315 317 145 316 318 148 317 319 149 318 320 151 319 321 146 320 322 150 321 323 149 322 324 152 323 325 153 324 326 155 325 327 150 326 328 154 327 329 153 328 330 96 329 331 95 330 332 99 331 333 154 332 334 100 333 335 56 334 336 128 335 337 60 336 338 38 337 339 146 338 340 42 339 341 73 340 342 113 341 343 117 342 344 89 343 345 100 344 346 33 345 347 59 346 348 135 347 349 55 348 350 76 349 351 116 350 352 112 351 353 37 352 354 149 353 355 153 354 356 58 355 357 134 356 358 130 357 359 40 361 363 152 362 364 148 363 365 75 364 366 119 365 367 71 366 368 88 367 369 93 368 370 91 369 371 57 370 372 137 371 373 53 372 374 70 373 375 114 374 376 74 375 377 35 376 378 151 377 379 155 378 380 56 379 381 136 380 382 132 381 383 87 382 384 98 383 385 103 384 386 34 385 387 150 386 388 38 387 389 69 388 390 117 389 391 121 390 392 86 391 393 97 392 394 89 393 395 37 394 396 95 395 397 30 396 398 51 397 399 135 398 400 139 399 401 72 400 402 120 401 403 116 402 404 36 403 405 96 404 406 152 405 407 54 406 408 138 407 409 134 408 410 227 409 411 101 410 412 104 411 413 32 412 414 155 413 415 99 414 416 67 415 417 119 416 418 123 417 419 84 418 420 101 419 421 88 420 422 33 421 423 154 422 424 34 423 425 53 424 426 141 425 427 49 426 428 70 427 429 122 428 430 118 429 431 223 585 621 227 585 622 225 585 623 227 586 624 222 586 625 226 586 626 222 587 627 94 588 628 226 589 629 85 45 678 223 606 679 225 46 680 39 141 816 43 639 817 147 142 818 90 144 819 32 640 820 99 145 821 78 147 822 74 641 823 114 148 824 57 150 825 61 642 826 129 151 827 79 153 828 111 643 829 115 154 830 44 156 831 40 644 832 148 157 833 31 159 834 91 645 835 93 160 836 62 162 837 58 646 838 130 163 839 41 165 840 45 647 841 145 166 842 80 168 843 76 648 844 112 169 845 63 171 846 127 649 847 131 172 848 30 174 849 95 650 850 94 175 851 77 177 852 81 651 853 109 178 854 42 180 855 146 652 856 142 181 857 64 183 858 60 653 859 128 184 860 43 186 861 47 654 862 143 187 863 78 189 864 110 655 865 106 190 866 65 192 867 125 656 868 129 193 869 83 195 870 107 657 871 111 196 872 48 198 873 44 658 874 144 199 875 66 201 876 62 659 877 126 202 878 45 204 879 49 660 880 141 205 881 80 207 882 108 661 883 104 208 884 67 210 885 123 662 886 127 211 887 85 213 888 105 663 889 109 214 890 50 216 891 46 664 892 142 217 893 68 219 894 64 665 895 124 220 896 47 222 897 51 666 898 139 223 899 82 225 900 106 667 901 102 226 902 65 228 903 69 668 904 121 229 905 83 231 906 87 669 907 103 232 908 48 234 909 140 670 910 136 235 911 95 240 915 96 672 916 93 241 917 99 243 918 100 673 919 97 244 920 98 247 921 97 674 922 102 248 923 101 675 924 227 676 925 93 252 926 227 676 927 226 250 928 93 252 929 103 253 930 102 677 931 106 254 932 105 256 933 104 678 934 108 257 935 111 259 936 107 679 937 106 260 938 109 262 939 108 680 940 112 263 941 115 265 942 111 681 943 110 266 944 113 268 945 112 682 946 116 269 947 119 271 948 115 683 949 114 272 950 117 274 951 116 684 952 120 275 953 119 277 954 118 685 955 122 278 956 121 280 957 120 686 958 124 281 959 127 283 960 123 687 961 122 284 962 129 286 963 125 688 964 124 287 965 131 289 966 127 689 967 126 290 968 133 292 969 129 690 970 128 293 971 135 295 972 131 691 973 130 296 974 133 298 975 132 692 976 136 299 977 135 301 978 134 693 979 138 302 980 141 304 981 137 694 982 136 305 983 139 307 984 138 695 985 142 308 986 145 310 987 141 696 988 140 311 989 147 313 990 143 697 991 142 314 992 145 316 993 144 698 994 148 317 995 151 319 996 147 699 997 146 320 998 149 322 999 148 700 1000 152 323 1001 155 325 1002 151 701 1003 150 326 1004 153 328 1005 152 702 1006 96 329 1007 99 331 1008 155 703 1009 154 332 1010 56 334 1011 132 704 1012 128 335 1013 38 337 1014 150 705 1015 146 338 1016 73 340 1017 77 706 1018 113 341 1019 89 343 1020 97 707 1021 100 344 1022 59 346 1023 131 708 1024 135 347 1025 76 349 1026 72 709 1027 116 350 1028 37 352 1029 41 710 1030 149 353 1031 58 355 1032 54 711 1033 134 356 1034 40 361 1041 36 714 1042 152 362 1043 75 364 1044 115 715 1045 119 365 1046 88 367 1047 101 716 1048 93 368 1049 57 370 1050 133 717 1051 137 371 1052 70 373 1053 118 718 1054 114 374 1055 35 376 1056 39 719 1057 151 377 1058 56 379 1059 52 720 1060 136 380 1061 87 382 1062 90 721 1063 98 383 1064 34 385 1065 154 722 1066 150 386 1067 69 388 1068 73 723 1069 117 389 1070 86 391 1071 102 724 1072 97 392 1073 37 394 1074 153 725 1075 95 395 1076 51 397 1077 55 726 1078 135 398 1079 72 400 1080 68 727 1081 120 401 1082 36 403 1083 31 728 1084 96 404 1085 54 406 1086 50 729 1087 138 407 1088 104 411 1089 105 730 1090 225 731 1091 225 731 1092 227 409 1093 104 411 1094 32 412 1095 35 732 1096 155 413 1097 67 415 1098 71 733 1099 119 416 1100 84 418 1101 104 734 1102 101 419 1103 33 421 1104 100 735 1105 154 422 1106 53 424 1107 137 736 1108 141 425 1109 70 427 1110 66 737 1111 122 428 1112 222 587 1353 92 791 1354 94 588 1355</p>
        </triangles>
        <triangles material="haus_holz-material" count="255">
          <input semantic="VERTEX" source="#Cylinder_001-mesh-vertices" offset="0"/>
          <input semantic="NORMAL" source="#Cylinder_001-mesh-normals" offset="1"/>
          <input semantic="TEXCOORD" source="#Cylinder_001-mesh-map-0" offset="2" set="0"/>
          <p>158 0 0 39 1 1 35 2 2 37 3 3 38 4 4 41 5 5 38 6 6 45 7 7 41 8 8 42 9 9 49 10 10 45 11 11 46 12 12 53 13 13 49 14 14 50 15 15 57 16 16 53 17 17 57 18 18 58 19 19 61 20 20 61 21 21 62 22 22 65 23 23 65 24 24 66 25 25 69 26 26 69 27 27 70 28 28 73 29 29 73 30 30 74 31 31 77 32 32 77 33 33 78 34 34 81 35 35 78 36 36 85 37 37 81 38 38 224 39 39 89 40 40 92 41 41 25 42 42 200 43 43 27 44 44 185 48 48 211 49 49 213 50 50 24 51 51 28 52 52 13 53 53 33 54 54 37 55 55 30 56 56 88 57 57 184 58 58 182 59 59 183 60 60 90 61 61 87 62 62 84 63 63 182 64 64 180 65 65 83 66 66 183 67 67 87 68 68 80 69 69 180 70 70 178 71 71 79 72 72 181 73 73 83 74 74 177 75 75 80 76 76 178 77 77 175 78 78 76 79 79 177 80 80 207 81 81 179 82 82 79 83 83 173 84 84 72 85 85 175 86 86 67 87 87 176 88 88 71 89 89 171 90 90 68 91 91 173 92 92 172 93 93 67 94 94 63 95 95 60 96 96 171 97 97 169 98 98 170 99 99 63 100 100 59 101 101 167 102 102 60 103 103 169 104 104 55 105 105 170 106 106 59 107 107 165 108 108 56 109 109 167 110 110 51 111 111 168 112 112 55 113 113 48 114 114 165 115 115 163 116 116 47 117 117 166 118 118 51 119 119 44 120 120 163 121 121 161 122 122 43 123 123 164 124 124 47 125 125 159 126 126 44 127 127 161 128 128 39 129 129 162 130 130 43 131 131 36 132 132 159 133 133 157 134 134 91 135 135 156 136 136 184 137 137 89 138 138 30 139 139 92 140 140 156 237 237 36 238 238 157 239 239 82 358 360 86 359 361 224 360 362 1 430 432 156 431 433 157 432 434 209 433 435 29 434 436 201 435 437 3 436 438 157 432 439 159 437 440 4 438 441 158 439 442 2 440 443 3 436 444 161 441 445 5 442 446 162 443 447 219 444 448 218 445 449 5 442 450 163 446 451 7 447 452 6 448 453 164 449 454 162 450 455 9 451 456 163 446 457 165 452 458 10 453 459 164 449 460 8 454 461 11 455 462 165 452 463 167 456 464 12 457 465 166 458 466 10 453 467 13 53 468 167 456 469 169 459 470 14 460 471 217 461 472 12 462 473 15 463 474 169 459 475 171 464 476 16 465 477 170 466 478 14 467 479 15 463 480 173 468 481 17 469 482 18 470 483 172 471 484 16 465 485 19 472 486 173 468 487 175 473 488 20 474 489 174 475 490 18 470 491 21 476 492 175 473 493 177 477 494 204 478 495 197 479 496 198 480 497 21 476 498 178 481 499 22 482 500 20 474 501 205 483 502 176 484 503 22 482 504 180 485 505 24 51 506 23 486 507 181 487 508 179 488 509 26 489 510 180 485 511 182 490 512 27 491 513 181 487 514 25 492 515 26 489 516 184 493 517 28 52 518 29 494 519 183 495 520 27 491 521 28 52 522 156 431 523 0 496 524 213 497 525 158 498 526 35 499 527 200 500 528 196 501 529 192 502 530 4 503 531 189 504 532 6 505 533 14 460 534 192 506 535 193 507 536 202 508 537 179 488 538 206 509 539 29 510 540 200 511 541 201 512 542 6 513 543 190 514 544 8 515 545 16 516 546 193 517 547 194 518 548 176 519 549 205 520 550 207 521 551 2 440 552 212 522 553 208 523 554 209 524 555 185 525 556 29 494 557 10 526 558 190 527 559 191 528 560 18 529 561 194 530 562 195 531 563 25 532 564 198 533 565 199 534 566 2 535 567 188 536 568 4 537 569 10 538 570 192 539 571 12 540 572 20 541 573 195 542 574 196 543 575 204 544 576 206 545 577 207 546 578 204 547 579 205 548 580 203 549 581 203 550 582 20 551 583 196 552 584 216 553 585 215 554 586 217 555 587 210 556 588 211 557 589 209 558 590 210 559 591 212 560 592 213 561 593 210 562 594 187 563 595 186 564 596 168 565 597 214 566 598 170 567 599 14 568 600 214 569 601 216 570 602 12 571 603 215 572 604 168 573 605 221 574 606 218 575 607 219 576 608 162 577 609 220 578 610 6 579 611 160 580 612 221 581 613 219 582 614 6 505 615 221 583 616 4 503 617 222 584 618 223 584 619 224 584 620 158 0 630 160 590 631 39 1 632 37 3 633 34 591 634 38 4 635 38 6 636 42 592 637 45 7 638 42 9 639 46 593 640 49 10 641 46 12 642 50 594 643 53 13 644 50 15 645 54 595 646 57 16 647 57 18 648 54 596 649 58 19 650 61 21 651 58 597 652 62 22 653 65 24 654 62 598 655 66 25 656 69 27 657 66 599 658 70 28 659 73 30 660 70 600 661 74 31 662 77 33 663 74 601 664 78 34 665 78 36 666 82 602 667 85 37 668 92 41 669 222 603 670 224 39 671 224 39 672 86 604 673 89 40 674 25 42 675 199 605 676 200 43 677 32 607 681 90 608 682 213 50 683 90 608 684 185 48 685 213 50 686 28 52 687 0 496 688 1 430 689 1 430 690 3 436 691 28 52 692 3 436 693 5 442 694 28 52 695 5 442 696 7 447 697 9 451 698 9 451 699 11 455 700 13 53 701 13 53 702 15 463 703 17 469 704 17 469 705 19 472 706 13 53 707 19 472 708 21 476 709 13 53 710 21 476 711 22 482 712 24 51 713 24 51 714 26 489 715 28 52 716 5 442 717 9 451 718 28 52 719 9 451 720 13 53 721 28 52 722 21 476 723 24 51 724 13 53 725 33 54 726 34 609 727 37 55 728 88 57 729 91 610 730 184 58 731 183 60 732 185 611 733 90 61 734 84 63 735 88 612 736 182 64 737 83 66 738 181 613 739 183 67 740 80 69 741 84 614 742 180 70 743 79 72 744 179 615 745 181 73 746 177 75 747 76 616 748 80 76 749 175 78 750 72 617 751 76 79 752 79 83 753 75 618 754 207 81 755 207 81 756 206 619 757 179 82 758 173 84 759 68 620 760 72 85 761 67 87 762 174 621 763 176 88 764 171 90 765 64 622 766 68 91 767 172 93 768 174 623 769 67 94 770 60 96 771 64 624 772 171 97 773 170 99 774 172 625 775 63 100 776 167 102 777 56 626 778 60 103 779 55 105 780 168 627 781 170 106 782 165 108 783 52 628 784 56 109 785 51 111 786 166 629 787 168 112 788 48 114 789 52 630 790 165 115 791 47 117 792 164 631 793 166 118 794 44 120 795 48 632 796 163 121 797 43 123 798 162 633 799 164 124 800 159 126 801 40 634 802 44 127 803 39 129 804 160 635 805 162 130 806 36 132 807 40 636 808 159 133 809 91 135 810 31 637 811 156 136 812 89 138 813 33 638 814 30 139 815 156 237 912 31 671 913 36 238 914 223 712 1035 85 713 1036 224 360 1037 85 713 1038 82 358 1039 224 360 1040 1 430 1113 0 496 1114 156 431 1115 187 738 1116 210 739 1117 201 435 1118 210 739 1119 209 433 1120 201 435 1121 3 436 1122 1 430 1123 157 432 1124 4 438 1125 160 740 1126 158 439 1127 3 436 1128 159 437 1129 161 441 1130 162 443 1131 160 741 1132 219 444 1133 5 442 1134 161 441 1135 163 446 1136 6 448 1137 8 454 1138 164 449 1139 9 451 1140 7 447 1141 163 446 1142 10 453 1143 166 458 1144 164 449 1145 11 455 1146 9 451 1147 165 452 1148 12 457 1149 168 742 1150 166 458 1151 13 53 1152 11 455 1153 167 456 1154 14 460 1155 216 743 1156 217 461 1157 15 463 1158 13 53 1159 169 459 1160 16 465 1161 172 471 1162 170 466 1163 15 463 1164 171 464 1165 173 468 1166 18 470 1167 174 475 1168 172 471 1169 19 472 1170 17 469 1171 173 468 1172 20 474 1173 176 484 1174 174 475 1175 21 476 1176 19 472 1177 175 473 1178 198 480 1179 23 744 1180 202 745 1181 202 745 1182 204 478 1183 198 480 1184 21 476 1185 177 477 1186 178 481 1187 20 474 1188 203 746 1189 205 483 1190 22 482 1191 178 481 1192 180 485 1193 23 486 1194 25 492 1195 181 487 1196 26 489 1197 24 51 1198 180 485 1199 27 491 1200 183 495 1201 181 487 1202 26 489 1203 182 490 1204 184 493 1205 29 494 1206 185 525 1207 183 495 1208 28 52 1209 184 493 1210 156 431 1211 35 499 1212 32 747 1213 213 497 1214 213 497 1215 212 748 1216 158 498 1217 188 749 1218 186 750 1219 187 751 1220 187 751 1221 201 752 1222 188 749 1223 201 752 1224 200 500 1225 188 749 1226 200 500 1227 199 753 1228 198 754 1229 198 754 1230 197 755 1231 200 500 1232 197 755 1233 196 501 1234 200 500 1235 196 501 1236 195 756 1237 194 757 1238 194 757 1239 193 758 1240 192 502 1241 192 502 1242 191 759 1243 190 760 1244 190 760 1245 189 761 1246 188 749 1247 196 501 1248 194 757 1249 192 502 1250 192 502 1251 190 760 1252 188 749 1253 188 749 1254 200 500 1255 192 502 1256 4 503 1257 188 762 1258 189 504 1259 14 460 1260 12 462 1261 192 506 1262 202 508 1263 23 486 1264 179 488 1265 29 510 1266 27 763 1267 200 511 1268 6 513 1269 189 764 1270 190 514 1271 16 516 1272 14 765 1273 193 517 1274 75 766 1275 71 767 1276 207 521 1277 71 767 1278 176 519 1279 207 521 1280 2 440 1281 158 439 1282 212 522 1283 209 524 1284 211 768 1285 185 525 1286 10 526 1287 8 769 1288 190 527 1289 18 529 1290 16 770 1291 194 530 1292 25 532 1293 23 771 1294 198 533 1295 2 535 1296 186 772 1297 188 536 1298 10 538 1299 191 773 1300 192 539 1301 20 541 1302 18 774 1303 195 542 1304 204 544 1305 202 775 1306 206 545 1307 204 547 1308 207 776 1309 205 548 1310 197 777 1311 204 778 1312 196 552 1313 204 778 1314 203 550 1315 196 552 1316 216 553 1317 214 779 1318 215 554 1319 210 556 1320 213 780 1321 211 557 1322 210 559 1323 208 781 1324 212 560 1325 186 564 1326 2 782 1327 208 783 1328 208 783 1329 210 562 1330 186 564 1331 168 565 1332 215 784 1333 214 566 1334 14 568 1335 170 785 1336 214 569 1337 12 571 1338 217 786 1339 215 572 1340 221 574 1341 220 787 1342 218 575 1343 162 577 1344 218 788 1345 220 578 1346 160 580 1347 4 789 1348 221 581 1349 6 505 1350 220 790 1351 221 583 1352</p>
        </triangles>
      </mesh>
    </geometry>
    <geometry id="Cube_006-mesh" name="Cube.006">
      <mesh>
        <source id="Cube_006-mesh-positions">
          <float_array id="Cube_006-mesh-positions-array" count="912">1.307336 -1.266614 0.01301556 1.307336 -1.266614 0.04396158 1.559211 -1.278608 0.01301556 1.559211 -1.278608 0.04396158 1.547217 -1.278608 0.2648898 1.516161 -1.278608 0.2648898 1.307336 -1.278608 0.2648898 1.307336 -1.304752 0.2648898 1.516161 -1.518488 0.2219498 1.516161 -1.518488 0.04396158 1.338392 -1.518488 0.2219498 1.338392 -1.518488 0.04396158 1.338392 -1.278608 0.2219498 1.338392 -1.278608 0.04396158 1.516161 -1.278608 0.2219498 1.516161 -1.278608 0.04396158 1.307336 -1.530482 0.2219498 1.307336 -1.530482 0.2528958 1.547217 -1.530482 0.04396158 1.547217 -1.530482 0.01301562 1.516161 -1.530482 0.01301562 1.338392 -1.530482 0.2528958 1.307336 -1.530482 0.01301562 1.338392 -1.530482 0.01301562 1.547217 -1.530482 0.2528958 1.516161 -1.530482 0.2528958 1.516161 -1.530482 0.04396158 1.338392 -1.530482 0.04396158 1.307336 -1.530482 0.04396158 1.547217 -1.530482 0.2219498 1.516161 -1.530482 0.2219498 1.338392 -1.530482 0.2219498 1.516161 -1.304752 0.2528958 1.516161 -1.492344 0.2528958 1.338392 -1.304752 0.2528958 1.338392 -1.492344 0.2528958 1.338392 -1.304752 0.01301556 1.338392 -1.492344 0.01301562 1.516161 -1.304752 0.01301556 1.516161 -1.492344 0.01301562 1.547217 -1.304752 0.04396158 1.547217 -1.492344 0.04396158 1.547217 -1.304752 0.2219498 1.547217 -1.492344 0.2219498 1.307336 -1.492344 0.04396158 1.307336 -1.304752 0.04396158 1.307336 -1.492344 0.2219498 1.307336 -1.304752 0.2219498 1.295342 -1.492344 0.01301562 1.295342 -1.518488 0.01301562 1.295342 -1.518488 0.2219498 1.295342 -1.518488 0.2528958 1.295342 -1.304752 0.2528958 1.295342 -1.278608 0.2528958 1.295342 -1.278608 0.04396158 1.295342 -1.278608 0.01301556 1.295342 -1.518488 0.04396158 1.295342 -1.278608 0.2219498 1.295342 -1.530482 0.2528958 1.295342 -1.304752 0.04396158 1.295342 -1.304752 0.2219498 1.295342 -1.530482 0.2219498 1.295342 -1.530482 0.01301562 1.295342 -1.530482 0.04396158 1.295342 -1.304752 0.01301556 1.295342 -1.492344 0.2528958 1.295342 -1.492344 0.04396158 1.295342 -1.492344 0.2219498 1.338392 -1.266614 0.01301556 1.516161 -1.266614 0.2528958 1.547217 -1.266614 0.2528958 1.547217 -1.266614 0.04396158 1.547217 -1.266614 0.01301556 1.516161 -1.266614 0.01301556 1.307336 -1.266614 0.2528958 1.338392 -1.266614 0.2528958 1.338392 -1.266614 0.04396158 1.516161 -1.266614 0.04396158 1.307336 -1.266614 0.2219498 1.547217 -1.266614 0.2219498 1.338392 -1.266614 0.2219498 1.516161 -1.266614 0.2219498 1.295342 -1.266614 0.01301556 1.295342 -1.266614 0.04396158 1.295342 -1.266614 0.2528958 1.295342 -1.266614 0.2219498 1.559211 -1.304752 0.01301556 1.559211 -1.492344 0.2528958 1.559211 -1.518488 0.2528958 1.559211 -1.518488 0.04396158 1.559211 -1.518488 0.01301562 1.559211 -1.530482 0.2219498 1.559211 -1.518488 0.2219498 1.559211 -1.278608 0.2528958 1.559211 -1.266614 0.2528958 1.559211 -1.278608 0.2219498 1.559211 -1.266614 0.01301556 1.559211 -1.530482 0.2528958 1.559211 -1.492344 0.04396158 1.559211 -1.492344 0.2219498 1.559211 -1.530482 0.04396158 1.559211 -1.530482 0.01301562 1.559211 -1.492344 0.01301562 1.559211 -1.304752 0.2528958 1.559211 -1.304752 0.04396158 1.559211 -1.304752 0.2219498 1.559211 -1.266614 0.2219498 1.559211 -1.266614 0.04396158 1.547217 -1.492344 0.2648898 1.547217 -1.518488 0.2648898 1.559211 -1.492344 0.2648898 1.338392 -1.518488 0.2648898 1.307336 -1.518488 0.2648898 1.338392 -1.278608 0.2648898 1.516161 -1.518488 0.2648898 1.516161 -1.492344 0.2648898 1.338392 -1.492344 0.2648898 1.559211 -1.266613 0.2648898 1.547217 -1.266613 0.2648898 1.295342 -1.278608 0.2648898 1.295342 -1.266613 0.2648898 1.516161 -1.266613 0.2648898 1.295342 -1.518488 0.2648898 1.307336 -1.492344 0.2648898 1.295342 -1.492344 0.2648898 1.559211 -1.278608 0.2648898 1.559211 -1.518488 0.2648898 1.338392 -1.530482 0.2648898 1.307336 -1.530482 0.2648898 1.547217 -1.530482 0.2648898 1.516161 -1.530482 0.2648898 1.547217 -1.304752 0.2648898 1.516161 -1.304752 0.2648898 1.338392 -1.304752 0.2648898 1.559211 -1.530482 0.2648898 1.295342 -1.304752 0.2648898 1.295342 -1.530482 0.2648898 1.307336 -1.266613 0.2648898 1.338392 -1.266613 0.2648898 1.559211 -1.304752 0.2648898 1.307336 -1.492344 0.001021623 1.307336 -1.518488 0.001021623 1.338392 -1.278608 0.001021564 1.307336 -1.278608 0.001021564 1.559211 -1.530482 0.001021623 1.547217 -1.530482 0.001021623 1.547217 -1.304752 0.001021564 1.547217 -1.278608 0.001021564 1.516161 -1.518488 0.001021623 1.547217 -1.518488 0.001021623 1.516161 -1.278608 0.001021564 1.338392 -1.518488 0.001021623 1.338392 -1.492344 0.001021623 1.516161 -1.492344 0.001021623 1.295342 -1.278608 0.001021564 1.295342 -1.266614 0.001021564 1.547217 -1.266614 0.001021564 1.516161 -1.266614 0.001021564 1.559211 -1.518488 0.001021623 1.547217 -1.492344 0.001021623 1.559211 -1.492344 0.001021623 1.338392 -1.266614 0.001021564 1.307336 -1.266614 0.001021564 1.295342 -1.518488 0.001021623 1.516161 -1.530482 0.001021623 1.307336 -1.530482 0.001021623 1.338392 -1.530482 0.001021623 1.559211 -1.304752 0.001021564 1.295342 -1.492344 0.001021623 1.307336 -1.304752 0.001021564 1.338392 -1.304752 0.001021564 1.516161 -1.304752 0.001021564 1.559211 -1.278608 0.001021564 1.295342 -1.530482 0.001021623 1.295342 -1.304752 0.001021564 1.559211 -1.266614 0.001021564 1.516161 -1.518488 0.05934405 1.35741 -1.518488 0.2219498 1.500221 -1.518488 0.04396158 1.338392 -1.518488 0.2030364 1.307336 -1.481519 0.2219498 1.307336 -1.304752 0.05851095 1.307336 -1.492344 0.2103153 1.307336 -1.315535 0.04396158 1.338392 -1.278608 0.05706429 1.503309 -1.278608 0.2219498 1.352582 -1.278608 0.04396158 1.516161 -1.278608 0.2095566 1.547217 -1.304752 0.2086976 1.547217 -1.481126 0.04396158 1.547217 -1.317968 0.2219498 1.547217 -1.492344 0.05676758 1.559211 -1.481393 0.04396158 1.356282 -1.492344 0.2528958 1.559211 -1.492344 0.05754655 1.356282 -1.304752 0.2528958 1.559211 -1.304752 0.2086976 1.559211 -1.317968 0.2219498 1.338392 -1.266614 0.05808073 1.356282 -1.530482 0.2528958 1.503094 -1.266614 0.2219498 1.356846 -1.530482 0.2219498 1.352556 -1.266614 0.04396158 1.516161 -1.266614 0.2095561 1.295342 -1.315814 0.04396158 1.356282 -1.266614 0.2219498 1.295342 -1.304752 0.05880409 1.356282 -1.278608 0.2648898 1.295342 -1.481692 0.2219498 1.295342 -1.492344 0.2103153 1.516161 -1.530482 0.05883479 1.356282 -1.266614 0.2528958 1.516161 -1.481865 0.2528958 1.500915 -1.530482 0.04396158 1.338392 -1.530482 0.2032389 1.307336 -1.530482 0.2032389 1.356282 -1.530482 0.2648898 1.295342 -1.518488 0.2032389 1.295342 -1.530482 0.2032389 1.356282 -1.518488 0.2648898 1.356282 -1.304752 0.2648898 1.356282 -1.492344 0.2648898 1.356282 -1.266613 0.2648898 1.338392 -1.481865 0.2528958 1.295342 -1.481865 0.2528958 1.547217 -1.530482 0.05832558 1.559211 -1.481865 0.2528958 1.559211 -1.481865 0.2219498 1.307336 -1.481865 0.2648898 1.547217 -1.481865 0.2648898 1.516161 -1.481865 0.2648898 1.338392 -1.481865 0.2648898 1.295342 -1.481865 0.2648898 1.559211 -1.481865 0.2648898 1.356282 -1.481865 0.2528958 1.516161 -1.481661 0.01301562 1.559211 -1.518488 0.05832558 1.559211 -1.530482 0.05832558 1.338392 -1.481661 0.01301562 1.295342 -1.481661 0.01301562 1.295342 -1.481661 0.04396158 1.559211 -1.481661 0.01301562 1.501608 -1.530482 0.01301562 1.307336 -1.481661 0.001021623 1.547217 -1.481661 0.001021623 1.338392 -1.481661 0.001021623 1.516161 -1.481661 0.001021623 1.295342 -1.481661 0.001021623 1.559211 -1.481661 0.001021623 1.295342 -1.278608 0.05909723 1.501608 -1.304752 0.01301556 1.501608 -1.492344 0.01301562 1.501608 -1.266614 0.01301556 1.501608 -1.266614 0.04396158 1.501608 -1.278608 0.001021564 1.501608 -1.518488 0.001021623 1.501608 -1.530482 0.001021623 1.501608 -1.304752 0.001021564 1.501608 -1.492344 0.001021623 1.501608 -1.266614 0.001021564 1.501608 -1.481661 0.01301562 1.559211 -1.316092 0.01301556 1.295342 -1.316092 0.01301556 1.547217 -1.316092 0.001021564 1.559211 -1.316092 0.001021564 1.516161 -1.316092 0.01301556 1.338392 -1.316092 0.01301556 1.307336 -1.316092 0.001021564 1.338392 -1.316092 0.001021564 1.516161 -1.316092 0.001021564 1.295342 -1.316092 0.001021564 1.559211 -1.316075 0.04396158 1.501608 -1.316092 0.01301556 1.35253 -1.492344 0.01301562 1.307336 -1.266614 0.05909723 1.35253 -1.304752 0.01301556 1.295342 -1.266614 0.05909723 1.35253 -1.266614 0.01301556 1.35253 -1.278608 0.001021564 1.35253 -1.304752 0.001021564 1.35253 -1.492344 0.001021623 1.35253 -1.266614 0.001021564 1.35253 -1.530482 0.01301562 1.35253 -1.481661 0.01301562 1.50288 -1.304752 0.2528958 1.35253 -1.518488 0.001021623 1.35253 -1.530482 0.001021623 1.35247 -1.530482 0.04396158 1.35253 -1.316092 0.01301556 1.50288 -1.492344 0.2528958 1.50288 -1.266614 0.2528958 1.547217 -1.266614 0.2095556 1.50288 -1.278608 0.2648898 1.50288 -1.304752 0.2648898 1.50288 -1.492344 0.2648898 1.50288 -1.266613 0.2648898 1.502926 -1.530482 0.2219498 1.50288 -1.530482 0.2528958 1.50288 -1.518488 0.2648898 1.50288 -1.530482 0.2648898 1.50288 -1.481865 0.2528958 1.559211 -1.278608 0.2095556 1.559211 -1.304752 0.2095556 1.559211 -1.266614 0.2095556</float_array>
          <technique_common>
            <accessor source="#Cube_006-mesh-positions-array" count="304" stride="3">
              <param name="X" type="float"/>
              <param name="Y" type="float"/>
              <param name="Z" type="float"/>
            </accessor>
          </technique_common>
        </source>
        <source id="Cube_006-mesh-normals">
          <float_array id="Cube_006-mesh-normals-array" count="735">0 -1 0 0 -1 -1.37162e-7 -1 -7.5271e-7 0 -1 0 0 -1 5.1918e-7 0 0 1 -8.23778e-6 0 1 -1.2948e-5 0 1 -1.2948e-5 1 0 0 1 6.47429e-6 0 1 6.47406e-6 0 1 4.03886e-6 0 1 2.64123e-6 0 -1 2.78815e-7 0 -1 3.23714e-6 0 -1 0 0 0 1 0 0 0 -1 -1 -2.42528e-7 0 -1 -2.31374e-7 0 -1 -1.65309e-6 0 0 -1 -5.39063e-7 0 -1 -8.4876e-7 0 1 -7.01986e-6 0 1 -7.65449e-6 0 1.2424e-6 1 0 1.24239e-6 1 0 1.24241e-6 1 1 9.07494e-7 0 1 -8.17002e-7 0 1 -8.76808e-7 0 -1 2.57484e-7 0 -1 4.04375e-7 0 0 -1 -9.19439e-7 0 -1 -1.63471e-6 0 -1 -3.14808e-7 1 0 0 1 3.61543e-7 0 0 1 -6.63263e-6 0 1 -5.41686e-6 0 1 -4.56057e-6 1 1.56003e-5 0 1 -1.41248e-5 0 1 1.41208e-5 0 1 -1.70368e-7 0 1 0 0 -3.51074e-6 -1.6843e-7 -1 -1.51377e-7 -1.6859e-7 -1 -3.36074e-6 -1.68437e-7 -1 0 -1.68349e-7 -1 0 -1.68269e-7 -1 0 -1.24455e-7 -1 1 -6.81444e-7 0 1 -6.81443e-7 0 0 0 -1 0 0 -1 1 6.47417e-6 0 0 1 -6.47419e-6 0 1 -6.47401e-6 0 1 -7.64702e-6 0 0 1 0 0 1 0 0 1 -1 2.26721e-7 0 -1 2.16972e-7 0 -1 1.97702e-7 0 -1 -1.21198e-7 0 1 0 0 1 0 0 1 3.3984e-7 0 0 1 -7.65449e-6 -1 -2.91955e-6 0 -1 -7.29904e-7 0 -1 5.30991e-7 0 -1 -3.71355e-6 0 -1 -7.80014e-6 0 -1 1.13816e-6 0 -1 -3.73127e-7 0 -1 7.21717e-7 0 -1 -3.11961e-7 0 -4.46399e-7 2.2397e-7 1 -4.68197e-7 2.24618e-7 1 0 1.54468e-7 1 0 2.247e-7 1 0 2.25343e-7 1 0 1.568e-7 1 0 1 1.20541e-6 1 0 0 1 -6.0124e-7 0 1 1.40831e-6 0 1 -2.84521e-6 0 1 6.21681e-7 0 1 -2.3848e-7 0 1 5.6546e-7 0 1 0 0 -1 -2.9195e-6 0 0 0 1 0 0 1 0 0 1 0 0 1 0 0 1 0 0 1 0 0 1 0 0 1 0 0 1 0 0 1 0 -1.24237e-6 -1 0 -1.24239e-6 -1 0 -1.2424e-6 -1 0 -1.24239e-6 -1 0 -2.48477e-6 -1 0 -2.48481e-6 -1 0 0 -1 0 0 -1 0 -2.48477e-6 -1 0 -1.24242e-6 -1 0 -1.24237e-6 -1 0 -2.4848e-6 -1 0 -2.48479e-6 -1 0 0 -1 0 0 -1 0 -1.24239e-6 -1 0 0 -1 0 0 -1 0 0 -1 -1 6.34069e-7 0 5.00079e-4 -0.6857988 -0.727791 0.01540678 -0.6851861 -0.7282051 0.01590144 -0.6851631 -0.7282161 1 4.45471e-6 0 1 2.22014e-7 0 1 4.19483e-6 0 0.01471972 0.6819834 -0.7312196 4.80259e-4 0.6825646 -0.7308251 0.01519495 0.6819616 -0.7312302 1 9.3696e-7 0 -0.001500487 -0.6860567 0.7275465 -0.04564076 -0.686948 0.725272 0 -0.6860029 0.7275989 0 1 3.88842e-6 0 1 -3.18912e-6 0 1 -3.50001e-6 -0.7052966 -0.01417285 0.7087706 -0.7057867 -0.0583353 0.7060185 -0.7057791 -0.05982577 0.7059014 0.7113692 0.001475691 -0.702817 0.711421 2.86838e-5 -0.7027662 0.7114227 -2.20506e-5 -0.7027644 0 -1 1.36064e-5 0 -1 1.30894e-5 0 -1 2.66959e-5 -0.008889734 0.6778709 0.7351272 0.01707255 0.6787485 0.7341724 -0.009762346 0.6778335 0.7351506 0 -1 1.51358e-7 0 -1 1.93831e-6 0 -1 2.08119e-6 -0.699431 -0.03952538 -0.7136064 -0.7009137 -0.01298463 -0.7131279 -0.7009582 -0.01202142 -0.713101 0.7150028 -0.03348177 0.6983194 0.7152079 -0.0297892 0.6982766 0.7152153 -0.0296539 0.6982749 0 1 1.60321e-7 0 0 1 0 1 -8.03451e-6 0 1 -6.44351e-6 0 -1 -3.74849e-7 0 1.68267e-7 1 0 1.68267e-7 1 0 0 1 0 0 1 -1 0 0 -1 0 0 0 1.68266e-7 1 1 -3.17006e-6 0 0 -1 0 0 0 -1 0 0 -1 0 0 -1 0 0 -1 1 -1.7098e-7 0 1 5.94633e-7 0 -1 -3.46604e-7 0 0 0 -1 0 0 -1 1 3.70684e-7 0 1 3.88575e-7 0 1 0 0 0 0 -1 0 0 -1 0 -2.48478e-6 -1 0 -1.2424e-6 -1 0 1 -3.36805e-6 0 1 -4.60542e-7 0 -1 0 1 -4.31015e-7 0 0 0 -1 -1 -5.26311e-7 0 -1 0 0 -1 0 0 0 1 -1.63361e-6 0 0 -1 0 0 -1 0 -2.48479e-6 -1 0 -1 -2.84479e-7 0 0 1 0 1 -6.22553e-6 -1 -6.45164e-7 0 -1 -1.33751e-5 0 -1 -1.40202e-5 0 0 1.24238e-6 1 0 1.24239e-6 1 0 1.24239e-6 1 0 1.2424e-6 1 0 1.24239e-6 1 0 1.2424e-6 1 1 1.02716e-6 0 0 1 -1.36068e-5 0 1 -1.30898e-5 0 1 -2.66966e-5 -1 2.01916e-5 0 -1 8.72362e-6 0 -1 1.16974e-5 0 1 -1.56201e-5 0 0 -1.68598e-7 -1 0 0 -1 1 0 0 1 -1.12537e-6 0 1 -1.17732e-6 0 0 0 1 0 0 1 0 1 -1.88026e-6 0 1 0 0 1 -1.79657e-6 0 -2.48481e-6 -1 0 -0.6858167 -0.7277743 0 0.6825818 -0.7308093 -0.04709678 -0.6869545 0.7251727 0 1 4.26935e-6 -0.705254 -0.01260805 0.7088426 0.7113674 0.001526355 -0.7028187 0.01794165 0.67877 0.7341318 -0.69937 -0.04045557 -0.713614 0.7149955 -0.03361171 0.6983207</float_array>
          <technique_common>
            <accessor source="#Cube_006-mesh-normals-array" count="245" stride="3">
              <param name="X" type="float"/>
              <param name="Y" type="float"/>
              <param name="Z" type="float"/>
            </accessor>
          </technique_common>
        </source>
        <source id="Cube_006-mesh-map-0">
          <float_array id="Cube_006-mesh-map-0-array" count="3726">0.375 0.9676342 0.375 0.9528999 0.375 0.9528999 0.5927485 0.25 0.4230257 0.25 0.4230257 0.25 0.5789373 0.527247 0.4072515 0.527247 0.5798316 0.527247 0.625 0.5 0.625 0.5 0.625 0.5 0.375 0.527247 0.375 0.5 0.375 0.5 0.625 0.5 0.625 0.5 0.625 0.5 0.6573658 0.527247 0.6712074 0.527247 0.6712074 0.527247 0.625 0.222753 0.625 0.25 0.625 0.25 0.375 0.5 0.375 0.5 0.375 0.5 0.1573657 0.527247 0.1721 0.527247 0.1721 0.527247 0.4072515 0.5 0.375 0.5 0.375 0.5 0.5927485 0.9478145 0.5927485 0.7962074 0.5927485 0.9489899 0.5798326 0.4676342 0.5927485 0.4676342 0.5798316 0.4676342 0.375 1 0.375 0.9676342 0.375 0.9676342 0.3426342 0.527247 0.3426342 0.5390657 0.3426342 0.5390657 0.420907 0.2823658 0.4072515 0.2823658 0.4072515 0.2823658 0.5927485 0.25 0.625 0.25 0.5927485 0.25 0.625 0.75 0.625 0.75 0.625 0.75 0.375 0.4676342 0.375 0.4524678 0.375 0.4524678 0.625 0.7823658 0.625 0.7962074 0.625 0.7962074 0.625 0.4676342 0.625 0.5 0.625 0.5 0.4072515 0.7989779 0.4072514 0.9528999 0.4072515 0.7975322 0.625 0 0.625 0 0.625 0 0.625 0.75 0.625 0.7823658 0.625 0.7823658 0.8426342 0.527247 0.8426342 0.7118319 0.8426342 0.7118319 0.375 0.7823658 0.375 0.75 0.375 0.75 0.375 0.222753 0.375 0.2109342 0.375 0.2109342 0.4230257 0.222753 0.4072515 0.222753 0.4224147 0.222753 0.625 0.7227531 0.625 0.75 0.625 0.75 0.625 0.9676342 0.5927485 1 0.5927485 0.9676342 0.625 0.75 0.5927485 0.7823658 0.5927485 0.75 0.625 0.9489899 0.5927485 0.9676342 0.5927485 0.9489899 0.4072514 0.9528999 0.375 0.9676342 0.375 0.9528999 0.4072515 0.75 0.375 0.7823658 0.375 0.75 0.5927485 0.75 0.4222214 0.7823659 0.4222214 0.75 0.4072515 0.9676342 0.375 1 0.375 0.9676342 0.5927485 0.9676342 0.5732482 1 0.5732482 0.9676342 0.5806232 0.02724695 0.4072515 0.02724695 0.5732482 0.02724695 0.4222214 0.7823659 0.5927485 0.7823658 0.4232829 0.7823658 0.375 0.7227531 0.375 0.7116193 0.375 0.7116193 0.375 0.5 0.375 0.4676342 0.375 0.4676342 0.625 0.2823658 0.625 0.3010101 0.625 0.3010101 0.5732482 0.9676342 0.4072515 0.9676342 0.5730372 0.9676342 0.375 0.25 0.375 0.222753 0.375 0.222753 0.375 0.75 0.375 0.7227531 0.375 0.7227531 0.5927485 1 0.5732482 1 0.5732482 1 0.4072515 0.02724695 0.5806232 0.02724695 0.4072515 0.2115144 0.1573657 0.7227531 0.1573657 0.7116193 0.1573657 0.7116193 0.5927485 0.03816807 0.5927485 0.222753 0.5927485 0.03852808 0.5927485 0.5410208 0.5927485 0.527247 0.5927485 0.7118319 0.4072515 0.527247 0.5789373 0.527247 0.4072515 0.7110621 0.375 0.25 0.375 0.25 0.375 0.25 0.375 0.75 0.375 0.75 0.375 0.75 0.375 0.75 0.375 0.75 0.375 0.75 0.3426342 0.7116193 0.3274677 0.7227531 0.3274678 0.7116193 0.375 0.25 0.375 0.25 0.375 0.25 0.375 0.5 0.375 0.5 0.375 0.5 0.625 0.25 0.625 0.25 0.625 0.25 0.8426342 0.7118319 0.8239899 0.7227531 0.8239899 0.7118319 0.6573658 0.7227531 0.6573658 0.7118319 0.6573658 0.7118319 0.625 0.02724695 0.625 0.03816807 0.625 0.03816807 0.625 0.527247 0.625 0.7118319 0.625 0.7118319 0.625 0.25 0.625 0.2823658 0.625 0.2823658 0.375 1 0.375 1 0.375 1 0.375 0.02724695 0.375 0 0.375 0 0.4072515 0.75 0.4222214 0.75 0.4222214 0.75 0.5927485 0.75 0.625 0.75 0.625 0.75 0.4072515 1 0.375 1 0.375 1 0.375 0.2823658 0.375 0.25 0.375 0.25 0.625 0.222753 0.5927485 0.25 0.5927485 0.222753 0.4072515 0 0.375 0 0.4072515 0 0.4072515 0.222753 0.375 0.25 0.375 0.222753 0.5927485 0.222753 0.4230257 0.25 0.4230257 0.222753 0.4072515 0 0.5732482 0 0.5732482 0 0.5927485 0 0.625 0 0.625 0 0.5927485 0 0.5732482 0.02724695 0.5732482 0 0.4072515 0 0.375 0.02724695 0.375 0 0.4072515 0.2109342 0.375 0.222753 0.375 0.2109342 0.625 0 0.5927485 0.02724695 0.5927485 0 0.5927485 0.03816807 0.625 0.222753 0.5927485 0.222753 0.625 1 0.5927485 1 0.5927485 1 0.625 0.9676342 0.625 1 0.625 1 0.3426342 0.7227531 0.3274678 0.7227531 0.3274677 0.7227531 0.4072515 0.2115144 0.4072515 0.2109342 0.4072515 0.03838068 0.625 0.25 0.625 0.25 0.625 0.25 0.4072515 0.7110621 0.4072515 0.7116193 0.4072514 0.5390657 0.625 0.4676342 0.5927485 0.5 0.5927485 0.4676342 0.625 0.25 0.5927485 0.2823658 0.5927485 0.25 0.5927485 0.4537926 0.625 0.4676342 0.5927485 0.4676342 0.4072515 0.4524678 0.375 0.4676342 0.375 0.4524678 0.4072515 0.25 0.375 0.2823658 0.375 0.25 0.4230257 0.25 0.5927485 0.2823658 0.4230257 0.2823658 0.4072515 0.4676342 0.375 0.5 0.375 0.4676342 0.5798316 0.4676342 0.5927485 0.5 0.5798316 0.5 0.5927485 0.25 0.625 0.25 0.625 0.25 0.4072515 0.25 0.4230257 0.25 0.4230257 0.25 0.375 0.25 0.4072515 0.25 0.4072515 0.25 0.625 1 0.625 1 0.625 1 0.4072515 0.297154 0.4072515 0.4524678 0.4072514 0.2971 0.625 0.02724695 0.625 0 0.625 0.02724695 0.5927485 0.4542399 0.5927485 0.3010101 0.5927485 0.4537926 0.375 0.25 0.4072515 0.25 0.375 0.25 0.5927485 0.5 0.5798316 0.5 0.5798316 0.5 0.625 0.75 0.625 0.75 0.625 0.75 0.625 0.7227531 0.5927485 0.75 0.5927485 0.7227531 0.5927485 0.75 0.4222214 0.75 0.4222214 0.75 0.375 0.5 0.4072515 0.5 0.4072515 0.5 0.625 0.75 0.5927485 0.75 0.5927485 0.75 0.4072515 0.7227531 0.375 0.75 0.375 0.7227531 0.5927485 0.7227531 0.4222214 0.75 0.4222214 0.7227531 0.4072515 0.75 0.375 0.75 0.375 0.75 0.5927485 0.5 0.5798316 0.527247 0.5798316 0.5 0.4072515 0.5 0.375 0.527247 0.375 0.5 0.375 0.7116193 0.4072515 0.7227531 0.375 0.7227531 0.625 0.5 0.5927485 0.527247 0.5927485 0.5 0.625 0.7118319 0.5927485 0.7227531 0.5927485 0.7118319 0.4072515 0.5 0.5798316 0.5 0.5798316 0.5 0.5927485 0.5 0.625 0.5 0.625 0.5 0.375 0.75 0.4072515 0.75 0.4072515 0.75 0.625 0.5 0.625 0.527247 0.625 0.527247 0.4222214 0.7227531 0.4072515 0.7227531 0.4205977 0.7227531 0.8426342 0.7227531 0.8239899 0.7227531 0.8239899 0.7227531 0.625 0.5 0.5927485 0.5 0.5927485 0.5 0.375 0 0.375 0 0.375 0 0.875 0.527247 0.875 0.7118319 0.875 0.7118319 0.875 0.7227531 0.8426342 0.75 0.8426342 0.7227531 0.6573658 0.7227531 0.625 0.75 0.625 0.7227531 0.8426342 0.7227531 0.8239899 0.75 0.8239899 0.7227531 0.625 0.5 0.6573658 0.5 0.6573658 0.5 0.8426342 0.75 0.8239898 0.75 0.8239899 0.75 0.875 0.75 0.8426342 0.75 0.8426342 0.75 0.6573658 0.75 0.625 0.75 0.625 0.75 0.625 0.75 0.625 0.7227531 0.625 0.7227531 0.625 0.5 0.625 0.5 0.625 0.5 0.875 0.7227531 0.875 0.75 0.875 0.75 0.625 0.75 0.625 0.75 0.625 0.75 0.8426342 0.5 0.8239899 0.527247 0.8239899 0.5 0.6573658 0.5 0.625 0.527247 0.625 0.5 0.6573658 0.7118319 0.625 0.7227531 0.625 0.7118319 0.875 0.5 0.8426342 0.527247 0.8426342 0.5 0.875 0.7118319 0.8426342 0.7227531 0.8426342 0.7118319 0.875 0.75 0.875 0.75 0.875 0.75 0.875 0.5 0.875 0.527247 0.875 0.527247 0.8426342 0.5 0.875 0.5 0.875 0.5 0.6573658 0.5 0.6712074 0.5 0.6712074 0.5 0.875 0.5 0.875 0.5 0.875 0.5 0.625 0.527247 0.625 0.5 0.625 0.5 0.625 0.7227531 0.625 0.7118319 0.625 0.7118319 0.125 0.75 0.125 0.7227531 0.125 0.7227531 0.375 0.7227531 0.3426342 0.75 0.3426342 0.7227531 0.1573657 0.7227531 0.125 0.75 0.125 0.7227531 0.3426342 0.7227531 0.3274677 0.75 0.3274678 0.7227531 0.375 0.75 0.375 0.75 0.375 0.75 0.1573657 0.5 0.1721 0.5 0.1721 0.5 0.375 0.527247 0.375 0.5390657 0.375 0.5390657 0.125 0.5 0.125 0.5 0.125 0.5 0.3426342 0.5 0.375 0.5 0.375 0.5 0.125 0.75 0.125 0.75 0.125 0.75 0.1573657 0.75 0.125 0.75 0.125 0.75 0.3426342 0.75 0.3274677 0.75 0.3274677 0.75 0.375 0.75 0.3426342 0.75 0.3426342 0.75 0.125 0.7227531 0.125 0.7116193 0.125 0.7116193 0.375 0.7227531 0.375 0.75 0.375 0.75 0.375 0.5 0.375 0.527247 0.375 0.527247 0.3426342 0.5 0.3274678 0.527247 0.3274678 0.5 0.1573657 0.5 0.125 0.527247 0.125 0.5 0.1573657 0.7116193 0.125 0.7227531 0.125 0.7116193 0.375 0.5 0.3426342 0.527247 0.3426342 0.5 0.375 0.7116193 0.3426342 0.7227531 0.3426342 0.7116193 0.125 0.527247 0.125 0.5 0.125 0.5 0.125 0.5 0.1573657 0.5 0.1573657 0.5 0.375 0.5 0.375 0.5 0.375 0.5 0.5927485 0.9478145 0.4232829 0.7823658 0.5927485 0.7823658 0.4072515 0.7989779 0.5730372 0.9676342 0.4072515 0.9676342 0.4224147 0.222753 0.5927485 0.03852808 0.5927485 0.222753 0.5806232 0.02724695 0.4072515 0.2115144 0.4072515 0.2115144 0.5927485 0.4542399 0.420907 0.2823658 0.5927485 0.2823658 0.4072515 0.297154 0.5798326 0.4676342 0.4072515 0.4676342 0.5927485 0.5410208 0.4205977 0.7227531 0.5789373 0.527247 0.4072515 0.7110621 0.5789373 0.527247 0.4072515 0.7110621 0.4205977 0.7227531 0.5927485 0.5410208 0.5927485 0.7227531 0.5927485 0.527247 0.5789373 0.527247 0.5789373 0.527247 0.5927485 0.5410208 0.4205977 0.7227531 0.5927485 0.5410208 0.4072515 0.297154 0.5927485 0.4542399 0.5798326 0.4676342 0.5927485 0.4542399 0.420907 0.2823658 0.420907 0.2823658 0.4072515 0.297154 0.5798326 0.4676342 0.5798326 0.4676342 0.5927485 0.03852808 0.4224147 0.222753 0.5806232 0.02724695 0.5927485 0.02724695 0.5806232 0.02724695 0.5806232 0.02724695 0.5927485 0.03852808 0.4224147 0.222753 0.5927485 0.03852808 0.4072515 0.7989779 0.5927485 0.9478145 0.5730372 0.9676342 0.4072515 0.7989779 0.5730372 0.9676342 0.5730372 0.9676342 0.5927485 0.9478145 0.4232829 0.7823658 0.4232829 0.7823658 0.5732482 0 0.4072515 0.02724695 0.4072515 0 0.5732482 0 0.5927485 0 0.5927485 0 0.5732482 1 0.4072515 1 0.4072515 1 0.5732482 0.9676342 0.4072515 1 0.4072515 0.9676342 0.8239899 0.5 0.8426342 0.5 0.8426342 0.5 0.8239899 0.5 0.6712074 0.527247 0.6712074 0.5 0.8239899 0.75 0.6712074 0.75 0.6712074 0.75 0.8239899 0.7227531 0.6712074 0.75 0.6712074 0.7227531 0.8239899 0.7227531 0.6712074 0.7227531 0.6712074 0.7227531 0.625 0.2823658 0.5927485 0.3010101 0.5927485 0.2823658 0.8239899 0.7118319 0.6712074 0.7227531 0.6712074 0.7118319 0.625 0.3010101 0.625 0.4537925 0.625 0.4537925 0.625 0.7962074 0.5927485 0.9489899 0.5927485 0.7962074 0.625 0.9489899 0.625 0.9676342 0.625 0.9676342 0.8239899 0.527247 0.8426342 0.527247 0.8426342 0.527247 0.8239899 0.527247 0.6712074 0.7118319 0.6712074 0.527247 0.625 0.7118319 0.625 0.527247 0.625 0.527247 0.875 0.527247 0.8426342 0.7118319 0.8426342 0.527247 0.6573658 0.527247 0.625 0.7118319 0.625 0.527247 0.875 0.7118319 0.875 0.7227531 0.875 0.7227531 0.625 0.527247 0.5927485 0.7118319 0.5927485 0.527247 0.5927485 0.02724695 0.625 0.03816807 0.5927485 0.03816807 0.625 0.7118319 0.625 0.7227531 0.625 0.7227531 0.625 0.03816807 0.625 0.222753 0.625 0.222753 0.6573658 0.7118319 0.6573658 0.527247 0.6573658 0.527247 0.8426342 0.527247 0.8239899 0.7118319 0.8239899 0.527247 0.8426342 0.7118319 0.8426342 0.7227531 0.8426342 0.7227531 0.4222214 0.7227531 0.4072515 0.75 0.4072515 0.7227531 0.4222214 0.75 0.4072515 0.75 0.4072515 0.75 0.4222214 0.75 0.5927485 0.75 0.5927485 0.75 0.4222214 0.75 0.4072515 0.7823658 0.4072515 0.75 0.375 0.5390657 0.3426342 0.7116193 0.3426342 0.5390657 0.1573657 0.5390657 0.125 0.7116193 0.125 0.5390657 0.125 0.7116193 0.125 0.5390657 0.125 0.5390657 0.375 0.7116193 0.375 0.7227531 0.375 0.7227531 0.375 0.5390657 0.4072515 0.7116193 0.375 0.7116193 0.4072515 0.02724695 0.375 0.03838068 0.375 0.02724695 0.3426342 0.5390657 0.3274678 0.7116193 0.3274678 0.5390657 0.1573658 0.5390657 0.1573657 0.7116193 0.1573657 0.5390657 0.375 0.5390657 0.375 0.7116193 0.375 0.5390657 0.375 0.03838068 0.375 0.02724695 0.375 0.02724695 0.3426342 0.7116193 0.3426342 0.7227531 0.3426342 0.7227531 0.3274678 0.5390657 0.1721 0.7116193 0.1721 0.5390657 0.3274678 0.5 0.1721 0.527247 0.1721 0.5 0.3274677 0.75 0.1721 0.75 0.1721 0.75 0.3274678 0.5 0.3426342 0.5 0.3426342 0.5 0.3274678 0.7227531 0.1721 0.75 0.1721 0.7227531 0.4072514 0.2971 0.375 0.4524678 0.375 0.2971 0.3274677 0.7227531 0.1721 0.7227531 0.1721 0.7227531 0.3274678 0.7116193 0.1721 0.7227531 0.1721 0.7116193 0.4072515 0.7823658 0.375 0.7975322 0.375 0.7823658 0.375 0.4524678 0.375 0.2971 0.375 0.2971 0.3274678 0.527247 0.3426342 0.527247 0.3426342 0.527247 0.375 0.7975322 0.375 0.7823658 0.375 0.7823658 0.3274678 0.527247 0.1721 0.5390657 0.1721 0.527247 0.375 0.5390657 0.375 0.527247 0.375 0.527247 0.1573658 0.5390657 0.1573657 0.527247 0.1573657 0.527247 0.3426342 0.527247 0.3274678 0.5390657 0.3274678 0.527247 0.375 0.527247 0.4072514 0.5390657 0.375 0.5390657 0.125 0.5390657 0.125 0.527247 0.125 0.527247 0.1573657 0.527247 0.125 0.5390657 0.125 0.527247 0.375 0.527247 0.3426342 0.5390657 0.3426342 0.527247 0.375 0.5390657 0.375 0.7116193 0.375 0.7116193 0.4072515 0.03838068 0.375 0.2109342 0.375 0.03838068 0.375 0.2109342 0.375 0.03838068 0.375 0.03838068 0.3426342 0.5390657 0.3426342 0.7116193 0.3426342 0.7116193 0.4230257 0.25 0.5927485 0.25 0.5927485 0.25 0.4072515 0.25 0.4230257 0.2823658 0.4072515 0.2823658 0.4230257 0.222753 0.4072515 0.25 0.4072515 0.222753 0.4230257 0.25 0.4072515 0.25 0.4072515 0.25 0.1721 0.527247 0.1573658 0.5390657 0.1573657 0.527247 0.375 0.2971 0.375 0.2823658 0.375 0.2823658 0.1721 0.7116193 0.1573657 0.7227531 0.1573657 0.7116193 0.1721 0.7227531 0.1573657 0.7227531 0.1573657 0.7227531 0.4072515 0.2823658 0.375 0.2971 0.375 0.2823658 0.1721 0.7227531 0.1573657 0.75 0.1573657 0.7227531 0.1721 0.75 0.1573657 0.75 0.1573657 0.75 0.1721 0.5 0.1573657 0.527247 0.1573657 0.5 0.1721 0.5390657 0.1573657 0.7116193 0.1573658 0.5390657 0.1721 0.5 0.3274678 0.5 0.3274678 0.5 0.4072515 0.7975322 0.375 0.9528999 0.375 0.7975322 0.1721 0.527247 0.3274678 0.527247 0.3274678 0.527247 0.375 0.9528999 0.375 0.7975322 0.375 0.7975322 0.6712074 0.527247 0.6573658 0.7118319 0.6573658 0.527247 0.625 0.7823658 0.5927485 0.7962074 0.5927485 0.7823658 0.625 0.4537925 0.625 0.4676342 0.625 0.4676342 0.6712074 0.7118319 0.6573658 0.7227531 0.6573658 0.7118319 0.6712074 0.7227531 0.6573658 0.7227531 0.6573658 0.7227531 0.6712074 0.7227531 0.6573658 0.75 0.6573658 0.7227531 0.6712074 0.75 0.6573658 0.75 0.6573658 0.75 0.6712074 0.5 0.6573658 0.527247 0.6573658 0.5 0.6712074 0.5 0.8239899 0.5 0.8239899 0.5 0.5927485 0.3010101 0.625 0.4537925 0.5927485 0.4537926 0.625 0.7962074 0.625 0.9489899 0.625 0.9489899 0.6712074 0.527247 0.8239899 0.527247 0.8239899 0.527247 0.5798316 0.5 0.5927485 0.5 0.5927485 0.5 0.5798316 0.5 0.4072515 0.527247 0.4072515 0.5 0.5798316 0.5 0.4072515 0.5 0.4072515 0.5 0.4072515 0.4676342 0.5798316 0.5 0.4072515 0.5 0.375 0.9676342 0.375 0.9676342 0.375 0.9528999 0.5927485 0.25 0.5927485 0.25 0.4230257 0.25 0.5927485 0.527247 0.5927485 0.527247 0.5798316 0.527247 0.5927485 0.527247 0.5789373 0.527247 0.5798316 0.527247 0.5789373 0.527247 0.4072515 0.527247 0.4072515 0.527247 0.625 0.5 0.625 0.5 0.625 0.5 0.375 0.527247 0.375 0.527247 0.375 0.5 0.625 0.5 0.625 0.5 0.625 0.5 0.6573658 0.527247 0.6573658 0.527247 0.6712074 0.527247 0.625 0.222753 0.625 0.222753 0.625 0.25 0.375 0.5 0.375 0.5 0.375 0.5 0.1573657 0.527247 0.1573657 0.527247 0.1721 0.527247 0.4072515 0.5 0.4072515 0.5 0.375 0.5 0.5927485 0.9676342 0.5927485 0.9676342 0.5927485 0.9489899 0.5927485 0.9676342 0.5927485 0.9478145 0.5927485 0.9489899 0.5927485 0.9478145 0.5927485 0.7823658 0.5927485 0.7962074 0.5927485 0.7823658 0.5927485 0.7823658 0.5927485 0.7962074 0.4072515 0.4676342 0.4072515 0.4676342 0.5798316 0.4676342 0.4072515 0.4676342 0.5798326 0.4676342 0.5798316 0.4676342 0.5798326 0.4676342 0.5927485 0.4676342 0.5927485 0.4676342 0.375 1 0.375 1 0.375 0.9676342 0.3426342 0.527247 0.3426342 0.527247 0.3426342 0.5390657 0.420907 0.2823658 0.420907 0.2823658 0.4072515 0.2823658 0.5927485 0.25 0.625 0.25 0.625 0.25 0.625 0.75 0.625 0.75 0.625 0.75 0.375 0.4676342 0.375 0.4676342 0.375 0.4524678 0.625 0.7823658 0.625 0.7823658 0.625 0.7962074 0.625 0.4676342 0.625 0.4676342 0.625 0.5 0.4072515 0.7823658 0.4072515 0.7823658 0.4072515 0.7975322 0.4072515 0.7823658 0.4072515 0.7989779 0.4072515 0.7975322 0.4072515 0.7989779 0.4072515 0.9676342 0.4072514 0.9528999 0.4072515 0.9676342 0.4072515 0.9676342 0.4072514 0.9528999 0.625 0 0.625 0 0.625 0 0.625 0.75 0.625 0.75 0.625 0.7823658 0.8426342 0.527247 0.8426342 0.527247 0.8426342 0.7118319 0.375 0.7823658 0.375 0.7823658 0.375 0.75 0.375 0.222753 0.375 0.222753 0.375 0.2109342 0.4072515 0.222753 0.4072515 0.222753 0.4224147 0.222753 0.4224147 0.222753 0.5927485 0.222753 0.4230257 0.222753 0.5927485 0.222753 0.5927485 0.222753 0.4230257 0.222753 0.625 0.7227531 0.625 0.7227531 0.625 0.75 0.625 0.9676342 0.625 1 0.5927485 1 0.625 0.75 0.625 0.7823658 0.5927485 0.7823658 0.625 0.9489899 0.625 0.9676342 0.5927485 0.9676342 0.4072514 0.9528999 0.4072515 0.9676342 0.375 0.9676342 0.4072515 0.75 0.4072515 0.7823658 0.375 0.7823658 0.5927485 0.75 0.5927485 0.7823658 0.4222214 0.7823659 0.4072515 0.9676342 0.4072515 1 0.375 1 0.5927485 0.9676342 0.5927485 1 0.5732482 1 0.5927485 0.02724695 0.5927485 0.02724695 0.5806232 0.02724695 0.5806232 0.02724695 0.4072515 0.02724695 0.4072515 0.02724695 0.5732482 0.02724695 0.5927485 0.02724695 0.5806232 0.02724695 0.5927485 0.7823658 0.5927485 0.7823658 0.4232829 0.7823658 0.4232829 0.7823658 0.4072515 0.7823658 0.4222214 0.7823659 0.4072515 0.7823658 0.4072515 0.7823658 0.4222214 0.7823659 0.375 0.7227531 0.375 0.7227531 0.375 0.7116193 0.375 0.5 0.375 0.5 0.375 0.4676342 0.625 0.2823658 0.625 0.2823658 0.625 0.3010101 0.4072515 0.9676342 0.4072515 0.9676342 0.5730372 0.9676342 0.5730372 0.9676342 0.5927485 0.9676342 0.5732482 0.9676342 0.5927485 0.9676342 0.5927485 0.9676342 0.5732482 0.9676342 0.375 0.25 0.375 0.25 0.375 0.222753 0.375 0.75 0.375 0.75 0.375 0.7227531 0.5927485 1 0.5927485 1 0.5732482 1 0.1573657 0.7227531 0.1573657 0.7227531 0.1573657 0.7116193 0.5927485 0.222753 0.5927485 0.222753 0.5927485 0.03852808 0.5927485 0.03852808 0.5927485 0.02724695 0.5927485 0.03816807 0.5927485 0.02724695 0.5927485 0.02724695 0.5927485 0.03816807 0.5927485 0.7227531 0.5927485 0.7227531 0.5927485 0.7118319 0.5927485 0.7227531 0.5927485 0.5410208 0.5927485 0.7118319 0.5927485 0.5410208 0.5927485 0.527247 0.5927485 0.527247 0.375 0.25 0.375 0.25 0.375 0.25 0.375 0.75 0.375 0.75 0.375 0.75 0.375 0.75 0.375 0.75 0.375 0.75 0.3426342 0.7116193 0.3426342 0.7227531 0.3274677 0.7227531 0.375 0.25 0.375 0.25 0.375 0.25 0.375 0.5 0.375 0.5 0.375 0.5 0.625 0.25 0.625 0.25 0.625 0.25 0.8426342 0.7118319 0.8426342 0.7227531 0.8239899 0.7227531 0.6573658 0.7227531 0.6573658 0.7227531 0.6573658 0.7118319 0.625 0.02724695 0.625 0.02724695 0.625 0.03816807 0.625 0.527247 0.625 0.527247 0.625 0.7118319 0.625 0.25 0.625 0.25 0.625 0.2823658 0.375 1 0.375 1 0.375 1 0.375 0.02724695 0.375 0.02724695 0.375 0 0.4072515 0.75 0.4072515 0.75 0.4222214 0.75 0.5927485 0.75 0.5927485 0.75 0.625 0.75 0.4072515 1 0.4072515 1 0.375 1 0.375 0.2823658 0.375 0.2823658 0.375 0.25 0.625 0.222753 0.625 0.25 0.5927485 0.25 0.4072515 0 0.375 0 0.375 0 0.4072515 0.222753 0.4072515 0.25 0.375 0.25 0.5927485 0.222753 0.5927485 0.25 0.4230257 0.25 0.4072515 0 0.4072515 0 0.5732482 0 0.5927485 0 0.5927485 0 0.625 0 0.5927485 0 0.5927485 0.02724695 0.5732482 0.02724695 0.4072515 0 0.4072515 0.02724695 0.375 0.02724695 0.4072515 0.2109342 0.4072515 0.222753 0.375 0.222753 0.625 0 0.625 0.02724695 0.5927485 0.02724695 0.5927485 0.03816807 0.625 0.03816807 0.625 0.222753 0.5927485 0.2823658 0.5927485 0.2823658 0.4230257 0.2823658 0.5927485 0.2823658 0.420907 0.2823658 0.4230257 0.2823658 0.625 1 0.625 1 0.5927485 1 0.625 0.9676342 0.625 0.9676342 0.625 1 0.3426342 0.7227531 0.3426342 0.7227531 0.3274678 0.7227531 0.4072515 0.02724695 0.4072515 0.02724695 0.4072515 0.03838068 0.4072515 0.02724695 0.4072515 0.2115144 0.4072515 0.03838068 0.4072515 0.2115144 0.4072515 0.222753 0.4072515 0.222753 0.4072515 0.2115144 0.4072515 0.222753 0.4072515 0.2109342 0.625 0.25 0.625 0.25 0.625 0.25 0.4072515 0.527247 0.4072515 0.527247 0.4072514 0.5390657 0.4072515 0.527247 0.4072515 0.7110621 0.4072514 0.5390657 0.4072515 0.7110621 0.4072515 0.7227531 0.4072515 0.7116193 0.4072515 0.7227531 0.4072515 0.7227531 0.4072515 0.7116193 0.625 0.4676342 0.625 0.5 0.5927485 0.5 0.625 0.25 0.625 0.2823658 0.5927485 0.2823658 0.5927485 0.4537926 0.625 0.4537925 0.625 0.4676342 0.4072515 0.4524678 0.4072515 0.4676342 0.375 0.4676342 0.4072515 0.25 0.4072515 0.2823658 0.375 0.2823658 0.4230257 0.25 0.5927485 0.25 0.5927485 0.2823658 0.4072515 0.4676342 0.4072515 0.5 0.375 0.5 0.5798316 0.4676342 0.5927485 0.4676342 0.5927485 0.5 0.5927485 0.25 0.5927485 0.25 0.625 0.25 0.4072515 0.25 0.4072515 0.25 0.4230257 0.25 0.375 0.25 0.375 0.25 0.4072515 0.25 0.625 1 0.625 1 0.625 1 0.4072515 0.2823658 0.4072515 0.2823658 0.4072514 0.2971 0.4072515 0.2823658 0.4072515 0.297154 0.4072514 0.2971 0.4072515 0.297154 0.4072515 0.4676342 0.4072515 0.4524678 0.4072515 0.4676342 0.4072515 0.4676342 0.4072515 0.4524678 0.625 0.02724695 0.625 0 0.625 0 0.5927485 0.4676342 0.5927485 0.4676342 0.5927485 0.4542399 0.5927485 0.4542399 0.5927485 0.2823658 0.5927485 0.3010101 0.5927485 0.2823658 0.5927485 0.2823658 0.5927485 0.3010101 0.5927485 0.4537926 0.5927485 0.4676342 0.5927485 0.4542399 0.375 0.25 0.4072515 0.25 0.4072515 0.25 0.5927485 0.5 0.5927485 0.5 0.5798316 0.5 0.625 0.75 0.625 0.75 0.625 0.75 0.625 0.7227531 0.625 0.75 0.5927485 0.75 0.5927485 0.75 0.5927485 0.75 0.4222214 0.75 0.375 0.5 0.375 0.5 0.4072515 0.5 0.625 0.75 0.625 0.75 0.5927485 0.75 0.4072515 0.7227531 0.4072515 0.75 0.375 0.75 0.5927485 0.7227531 0.5927485 0.75 0.4222214 0.75 0.4072515 0.75 0.4072515 0.75 0.375 0.75 0.5927485 0.5 0.5927485 0.527247 0.5798316 0.527247 0.4072515 0.5 0.4072515 0.527247 0.375 0.527247 0.375 0.7116193 0.4072515 0.7116193 0.4072515 0.7227531 0.625 0.5 0.625 0.527247 0.5927485 0.527247 0.625 0.7118319 0.625 0.7227531 0.5927485 0.7227531 0.4072515 0.5 0.4072515 0.5 0.5798316 0.5 0.5927485 0.5 0.5927485 0.5 0.625 0.5 0.375 0.75 0.375 0.75 0.4072515 0.75 0.625 0.5 0.625 0.5 0.625 0.527247 0.4072515 0.7227531 0.4072515 0.7227531 0.4205977 0.7227531 0.4205977 0.7227531 0.5927485 0.7227531 0.4222214 0.7227531 0.5927485 0.7227531 0.5927485 0.7227531 0.4222214 0.7227531 0.8426342 0.7227531 0.8426342 0.7227531 0.8239899 0.7227531 0.625 0.5 0.625 0.5 0.5927485 0.5 0.375 0 0.375 0 0.375 0 0.875 0.527247 0.875 0.527247 0.875 0.7118319 0.875 0.7227531 0.875 0.75 0.8426342 0.75 0.6573658 0.7227531 0.6573658 0.75 0.625 0.75 0.8426342 0.7227531 0.8426342 0.75 0.8239899 0.75 0.625 0.5 0.625 0.5 0.6573658 0.5 0.8426342 0.75 0.8426342 0.75 0.8239898 0.75 0.875 0.75 0.875 0.75 0.8426342 0.75 0.6573658 0.75 0.6573658 0.75 0.625 0.75 0.625 0.75 0.625 0.75 0.625 0.7227531 0.625 0.5 0.625 0.5 0.625 0.5 0.875 0.7227531 0.875 0.7227531 0.875 0.75 0.625 0.75 0.625 0.75 0.625 0.75 0.8426342 0.5 0.8426342 0.527247 0.8239899 0.527247 0.6573658 0.5 0.6573658 0.527247 0.625 0.527247 0.6573658 0.7118319 0.6573658 0.7227531 0.625 0.7227531 0.875 0.5 0.875 0.527247 0.8426342 0.527247 0.875 0.7118319 0.875 0.7227531 0.8426342 0.7227531 0.875 0.75 0.875 0.75 0.875 0.75 0.875 0.5 0.875 0.5 0.875 0.527247 0.8426342 0.5 0.8426342 0.5 0.875 0.5 0.6573658 0.5 0.6573658 0.5 0.6712074 0.5 0.875 0.5 0.875 0.5 0.875 0.5 0.625 0.527247 0.625 0.527247 0.625 0.5 0.625 0.7227531 0.625 0.7227531 0.625 0.7118319 0.125 0.75 0.125 0.75 0.125 0.7227531 0.375 0.7227531 0.375 0.75 0.3426342 0.75 0.1573657 0.7227531 0.1573657 0.75 0.125 0.75 0.3426342 0.7227531 0.3426342 0.75 0.3274677 0.75 0.375 0.75 0.375 0.75 0.375 0.75 0.1573657 0.5 0.1573657 0.5 0.1721 0.5 0.375 0.527247 0.375 0.527247 0.375 0.5390657 0.125 0.5 0.125 0.5 0.125 0.5 0.3426342 0.5 0.3426342 0.5 0.375 0.5 0.125 0.75 0.125 0.75 0.125 0.75 0.1573657 0.75 0.1573657 0.75 0.125 0.75 0.3426342 0.75 0.3426342 0.75 0.3274677 0.75 0.375 0.75 0.375 0.75 0.3426342 0.75 0.125 0.7227531 0.125 0.7227531 0.125 0.7116193 0.375 0.7227531 0.375 0.7227531 0.375 0.75 0.375 0.5 0.375 0.5 0.375 0.527247 0.3426342 0.5 0.3426342 0.527247 0.3274678 0.527247 0.1573657 0.5 0.1573657 0.527247 0.125 0.527247 0.1573657 0.7116193 0.1573657 0.7227531 0.125 0.7227531 0.375 0.5 0.375 0.527247 0.3426342 0.527247 0.375 0.7116193 0.375 0.7227531 0.3426342 0.7227531 0.125 0.527247 0.125 0.527247 0.125 0.5 0.125 0.5 0.125 0.5 0.1573657 0.5 0.375 0.5 0.375 0.5 0.375 0.5 0.5806232 0.02724695 0.5806232 0.02724695 0.4072515 0.2115144 0.4072515 0.7227531 0.4072515 0.7110621 0.4205977 0.7227531 0.4072515 0.7110621 0.5789373 0.527247 0.4205977 0.7227531 0.5789373 0.527247 0.5927485 0.527247 0.5927485 0.5410208 0.4072515 0.7110621 0.5789373 0.527247 0.5789373 0.527247 0.5927485 0.527247 0.5927485 0.527247 0.5789373 0.527247 0.5927485 0.5410208 0.4205977 0.7227531 0.4205977 0.7227531 0.5927485 0.5410208 0.5927485 0.5410208 0.5927485 0.527247 0.4072515 0.297154 0.4072515 0.2823658 0.420907 0.2823658 0.420907 0.2823658 0.5927485 0.4542399 0.4072515 0.297154 0.5927485 0.4542399 0.5927485 0.4676342 0.5798326 0.4676342 0.5927485 0.4542399 0.5927485 0.4542399 0.420907 0.2823658 0.4072515 0.297154 0.4072515 0.297154 0.5798326 0.4676342 0.4072515 0.222753 0.4072515 0.2115144 0.4224147 0.222753 0.4072515 0.2115144 0.5806232 0.02724695 0.4224147 0.222753 0.5806232 0.02724695 0.5927485 0.02724695 0.5927485 0.03852808 0.5927485 0.02724695 0.5927485 0.02724695 0.5806232 0.02724695 0.5927485 0.03852808 0.4224147 0.222753 0.4224147 0.222753 0.4072515 0.7989779 0.4072515 0.7823658 0.4232829 0.7823658 0.4232829 0.7823658 0.5927485 0.9478145 0.4072515 0.7989779 0.5927485 0.9478145 0.5927485 0.9676342 0.5730372 0.9676342 0.4072515 0.7989779 0.4072515 0.7989779 0.5730372 0.9676342 0.5927485 0.9478145 0.5927485 0.9478145 0.4232829 0.7823658 0.5732482 0 0.5732482 0.02724695 0.4072515 0.02724695 0.5732482 0 0.5732482 0 0.5927485 0 0.5732482 1 0.5732482 1 0.4072515 1 0.5732482 0.9676342 0.5732482 1 0.4072515 1 0.8239899 0.5 0.8239899 0.5 0.8426342 0.5 0.8239899 0.5 0.8239899 0.527247 0.6712074 0.527247 0.8239899 0.75 0.8239898 0.75 0.6712074 0.75 0.8239899 0.7227531 0.8239899 0.75 0.6712074 0.75 0.8239899 0.7227531 0.8239899 0.7227531 0.6712074 0.7227531 0.625 0.2823658 0.625 0.3010101 0.5927485 0.3010101 0.8239899 0.7118319 0.8239899 0.7227531 0.6712074 0.7227531 0.625 0.3010101 0.625 0.3010101 0.625 0.4537925 0.625 0.7962074 0.625 0.9489899 0.5927485 0.9489899 0.625 0.9489899 0.625 0.9489899 0.625 0.9676342 0.8239899 0.527247 0.8239899 0.527247 0.8426342 0.527247 0.8239899 0.527247 0.8239899 0.7118319 0.6712074 0.7118319 0.625 0.7118319 0.625 0.7118319 0.625 0.527247 0.875 0.527247 0.875 0.7118319 0.8426342 0.7118319 0.6573658 0.527247 0.6573658 0.7118319 0.625 0.7118319 0.875 0.7118319 0.875 0.7118319 0.875 0.7227531 0.625 0.527247 0.625 0.7118319 0.5927485 0.7118319 0.5927485 0.02724695 0.625 0.02724695 0.625 0.03816807 0.625 0.7118319 0.625 0.7118319 0.625 0.7227531 0.625 0.03816807 0.625 0.03816807 0.625 0.222753 0.6573658 0.7118319 0.6573658 0.7118319 0.6573658 0.527247 0.8426342 0.527247 0.8426342 0.7118319 0.8239899 0.7118319 0.8426342 0.7118319 0.8426342 0.7118319 0.8426342 0.7227531 0.4222214 0.7227531 0.4222214 0.75 0.4072515 0.75 0.4222214 0.75 0.4222214 0.75 0.4072515 0.75 0.4222214 0.75 0.4222214 0.75 0.5927485 0.75 0.4222214 0.75 0.4222214 0.7823659 0.4072515 0.7823658 0.375 0.5390657 0.375 0.7116193 0.3426342 0.7116193 0.1573657 0.5390657 0.1573657 0.7116193 0.125 0.7116193 0.125 0.7116193 0.125 0.7116193 0.125 0.5390657 0.375 0.7116193 0.375 0.7116193 0.375 0.7227531 0.375 0.5390657 0.4072514 0.5390657 0.4072515 0.7116193 0.4072515 0.02724695 0.4072515 0.03838068 0.375 0.03838068 0.3426342 0.5390657 0.3426342 0.7116193 0.3274678 0.7116193 0.1573658 0.5390657 0.1573657 0.7116193 0.1573657 0.7116193 0.375 0.5390657 0.375 0.7116193 0.375 0.7116193 0.375 0.03838068 0.375 0.03838068 0.375 0.02724695 0.3426342 0.7116193 0.3426342 0.7116193 0.3426342 0.7227531 0.3274678 0.5390657 0.3274678 0.7116193 0.1721 0.7116193 0.3274678 0.5 0.3274678 0.527247 0.1721 0.527247 0.3274677 0.75 0.3274677 0.75 0.1721 0.75 0.3274678 0.5 0.3274678 0.5 0.3426342 0.5 0.3274678 0.7227531 0.3274677 0.75 0.1721 0.75 0.4072514 0.2971 0.4072515 0.4524678 0.375 0.4524678 0.3274677 0.7227531 0.3274678 0.7227531 0.1721 0.7227531 0.3274678 0.7116193 0.3274677 0.7227531 0.1721 0.7227531 0.4072515 0.7823658 0.4072515 0.7975322 0.375 0.7975322 0.375 0.4524678 0.375 0.4524678 0.375 0.2971 0.3274678 0.527247 0.3274678 0.527247 0.3426342 0.527247 0.375 0.7975322 0.375 0.7975322 0.375 0.7823658 0.3274678 0.527247 0.3274678 0.5390657 0.1721 0.5390657 0.375 0.5390657 0.375 0.5390657 0.375 0.527247 0.1573658 0.5390657 0.1573657 0.5390657 0.1573657 0.527247 0.3426342 0.527247 0.3426342 0.5390657 0.3274678 0.5390657 0.375 0.527247 0.4072515 0.527247 0.4072514 0.5390657 0.125 0.5390657 0.125 0.5390657 0.125 0.527247 0.1573657 0.527247 0.1573657 0.5390657 0.125 0.5390657 0.375 0.527247 0.375 0.5390657 0.3426342 0.5390657 0.375 0.5390657 0.375 0.5390657 0.375 0.7116193 0.4072515 0.03838068 0.4072515 0.2109342 0.375 0.2109342 0.375 0.2109342 0.375 0.2109342 0.375 0.03838068 0.3426342 0.5390657 0.3426342 0.5390657 0.3426342 0.7116193 0.4230257 0.25 0.4230257 0.25 0.5927485 0.25 0.4072515 0.25 0.4230257 0.25 0.4230257 0.2823658 0.4230257 0.222753 0.4230257 0.25 0.4072515 0.25 0.4230257 0.25 0.4230257 0.25 0.4072515 0.25 0.1721 0.527247 0.1721 0.5390657 0.1573658 0.5390657 0.375 0.2971 0.375 0.2971 0.375 0.2823658 0.1721 0.7116193 0.1721 0.7227531 0.1573657 0.7227531 0.1721 0.7227531 0.1721 0.7227531 0.1573657 0.7227531 0.4072515 0.2823658 0.4072514 0.2971 0.375 0.2971 0.1721 0.7227531 0.1721 0.75 0.1573657 0.75 0.1721 0.75 0.1721 0.75 0.1573657 0.75 0.1721 0.5 0.1721 0.527247 0.1573657 0.527247 0.1721 0.5390657 0.1721 0.7116193 0.1573657 0.7116193 0.1721 0.5 0.1721 0.5 0.3274678 0.5 0.4072515 0.7975322 0.4072514 0.9528999 0.375 0.9528999 0.1721 0.527247 0.1721 0.527247 0.3274678 0.527247 0.375 0.9528999 0.375 0.9528999 0.375 0.7975322 0.6712074 0.527247 0.6712074 0.7118319 0.6573658 0.7118319 0.625 0.7823658 0.625 0.7962074 0.5927485 0.7962074 0.625 0.4537925 0.625 0.4537925 0.625 0.4676342 0.6712074 0.7118319 0.6712074 0.7227531 0.6573658 0.7227531 0.6712074 0.7227531 0.6712074 0.7227531 0.6573658 0.7227531 0.6712074 0.7227531 0.6712074 0.75 0.6573658 0.75 0.6712074 0.75 0.6712074 0.75 0.6573658 0.75 0.6712074 0.5 0.6712074 0.527247 0.6573658 0.527247 0.6712074 0.5 0.6712074 0.5 0.8239899 0.5 0.5927485 0.3010101 0.625 0.3010101 0.625 0.4537925 0.625 0.7962074 0.625 0.7962074 0.625 0.9489899 0.6712074 0.527247 0.6712074 0.527247 0.8239899 0.527247 0.5798316 0.5 0.5798316 0.5 0.5927485 0.5 0.5798316 0.5 0.5798316 0.527247 0.4072515 0.527247 0.5798316 0.5 0.5798316 0.5 0.4072515 0.5 0.4072515 0.4676342 0.5798316 0.4676342 0.5798316 0.5</float_array>
          <technique_common>
            <accessor source="#Cube_006-mesh-map-0-array" count="1863" stride="2">
              <param name="S" type="float"/>
              <param name="T" type="float"/>
            </accessor>
          </technique_common>
        </source>
        <vertices id="Cube_006-mesh-vertices">
          <input semantic="POSITION" source="#Cube_006-mesh-positions"/>
        </vertices>
        <triangles material="haus_holz_004-material" count="295">
          <input semantic="VERTEX" source="#Cube_006-mesh-vertices" offset="0"/>
          <input semantic="NORMAL" source="#Cube_006-mesh-normals" offset="1"/>
          <input semantic="TEXCOORD" source="#Cube_006-mesh-map-0" offset="2" set="0"/>
          <p>23 0 0 286 0 1 282 1 2 57 2 3 276 3 4 249 4 5 36 0 27 279 0 28 275 0 29 38 3 42 269 18 43 265 19 44 184 3 45 76 3 46 13 3 47 73 16 54 259 16 55 252 16 56 25 21 57 299 0 58 297 22 59 64 3 78 270 31 79 262 32 80 199 33 93 31 0 94 201 34 95 287 35 96 23 0 97 282 1 98 29 0 102 210 0 103 225 0 104 31 0 108 215 0 109 214 0 110 102 8 117 248 36 118 241 37 119 75 38 123 222 39 124 211 40 125 16 0 135 218 0 136 215 0 137 37 8 141 245 45 142 238 8 143 235 54 162 251 17 163 260 55 164 223 60 174 193 61 175 234 62 176 65 3 180 232 65 181 224 66 182 103 67 183 233 68 184 226 69 185 18 0 195 237 0 196 225 0 197 60 73 216 249 4 217 206 76 218 56 74 219 218 77 220 217 3 221 50 3 225 209 3 226 217 3 227 204 78 231 64 3 232 262 32 233 208 79 237 52 13 238 60 73 239 39 16 246 258 16 247 251 16 248 200 86 264 69 23 265 81 16 266 253 16 267 73 16 268 252 16 269 274 16 273 80 16 274 198 16 275 203 16 279 79 16 280 291 16 281 1 16 285 276 16 286 274 16 287 79 16 306 303 16 307 291 16 308 92 8 315 237 8 316 236 88 317 99 87 327 236 88 328 194 89 329 95 91 333 302 8 334 301 8 335 241 37 339 98 8 340 102 8 341 226 69 345 99 87 346 227 93 347 3 8 348 303 8 349 301 8 350 7 96 372 232 97 373 228 98 374 116 61 381 219 61 382 221 61 383 111 61 387 216 61 388 219 61 389 113 61 408 220 61 409 207 61 410 230 100 414 108 61 415 229 101 416 228 98 420 116 61 421 231 103 422 5 61 432 295 61 433 292 61 434 108 61 441 233 105 442 229 101 443 153 17 453 255 108 454 258 17 455 142 17 459 281 17 460 278 17 461 146 17 462 264 112 463 263 113 464 148 107 477 256 117 478 255 108 479 140 17 483 247 119 484 243 120 485 150 17 492 257 17 493 254 17 494 245 122 498 140 17 499 243 120 500 244 123 504 153 17 505 246 124 506 42 16 543 196 16 544 188 16 545 46 148 561 209 149 562 182 150 563 217 3 576 66 3 577 56 74 578 217 3 579 61 3 580 50 3 581 215 0 582 63 0 583 28 0 584 214 0 585 28 0 586 27 0 587 207 61 588 138 61 589 113 61 590 207 61 591 293 61 592 292 61 593 219 61 594 299 61 595 298 61 596 221 61 597 298 61 598 294 61 599 75 38 603 205 163 604 80 16 605 234 62 606 289 61 607 300 164 608 211 40 609 295 165 610 290 166 611 297 22 612 201 34 613 296 167 614 199 33 615 127 0 616 21 0 617 229 101 624 139 170 625 131 99 626 7 96 627 231 103 628 133 102 629 132 171 630 229 101 631 131 99 632 228 98 633 124 61 634 123 61 635 103 67 636 227 93 637 105 92 638 67 3 639 224 66 640 208 79 641 226 69 642 110 8 643 87 8 644 224 66 645 135 172 646 52 13 647 194 89 657 89 90 658 98 8 659 236 88 660 100 175 661 89 90 662 225 0 663 91 0 664 29 0 665 225 0 666 26 176 667 18 0 668 263 113 669 246 124 670 269 177 671 268 178 672 243 120 673 267 179 674 243 120 675 270 180 676 267 179 677 244 123 678 160 17 679 159 17 680 261 181 681 192 182 682 241 37 683 66 3 684 239 183 685 48 3 686 265 184 687 260 55 688 272 185 689 266 186 690 245 45 691 268 187 692 261 181 693 248 36 694 264 188 695 239 183 696 168 3 697 48 3 698 235 3 699 153 3 700 39 3 701 272 185 702 283 189 703 288 190 704 254 17 705 279 17 706 278 17 707 255 108 708 286 191 709 285 192 710 254 17 711 157 17 712 150 17 713 258 17 714 285 192 715 280 17 716 202 193 717 252 16 718 277 194 719 251 16 720 280 16 721 273 16 722 260 55 723 273 17 724 283 189 725 26 176 726 242 195 727 20 0 728 252 16 729 281 16 730 277 194 731 250 0 732 171 0 733 38 0 734 242 195 735 164 0 736 20 0 737 250 17 738 288 190 739 275 17 740 261 181 741 167 8 742 86 8 743 266 186 744 170 8 745 36 8 746 38 17 747 272 185 748 250 17 749 86 8 750 271 196 751 261 181 752 267 179 753 174 17 754 169 17 755 170 17 756 267 179 757 169 17 758 146 17 759 269 177 760 171 17 761 263 113 762 248 197 763 244 123 764 240 198 765 262 32 766 239 183 767 262 32 768 247 199 769 239 183 770 265 19 771 246 200 772 235 3 773 274 16 774 85 16 775 78 16 776 1 16 777 198 16 778 76 201 779 206 76 780 54 3 781 59 3 782 249 4 783 83 3 784 54 3 785 275 17 786 266 202 787 36 17 788 277 194 789 161 16 790 68 16 791 283 189 792 37 17 793 238 203 794 273 16 795 152 16 796 37 16 797 76 201 798 277 194 799 68 16 800 280 17 801 151 116 802 152 17 803 285 192 804 166 204 805 151 116 806 278 17 807 170 17 808 142 17 809 288 190 810 238 203 811 266 202 812 278 17 813 259 17 814 254 17 815 213 205 816 282 1 817 242 195 818 275 0 819 257 0 820 250 0 821 282 1 822 256 0 823 242 195 824 25 21 828 296 167 829 30 0 830 290 166 831 121 207 832 69 23 833 300 164 834 33 61 835 212 206 836 294 61 840 114 61 841 115 61 842 298 61 843 130 61 844 114 61 845 292 61 846 132 171 847 5 61 848 292 61 849 222 61 850 207 61 851 205 163 852 290 166 853 200 86 854 297 22 855 216 0 856 199 33 857 301 8 861 106 8 862 95 91 863 301 8 864 104 8 865 3 8 866 291 16 867 107 16 868 71 16 869 77 16 870 291 16 871 71 16 872 23 0 873 166 0 874 286 0 875 57 2 876 85 3 877 276 3 878 36 0 906 170 0 907 279 0 908 38 3 936 171 3 937 269 18 938 184 3 939 198 3 940 76 3 941 73 16 948 157 16 949 259 16 950 25 21 951 130 0 952 299 0 953 64 3 981 174 3 982 270 31 983 199 33 1002 21 0 1003 31 0 1004 287 35 1005 27 0 1006 23 0 1007 29 0 1011 30 0 1012 210 0 1013 31 0 1017 16 0 1018 215 0 1019 102 8 1038 160 8 1039 248 36 1040 75 38 1044 138 70 1045 222 39 1046 16 0 1062 61 0 1063 218 0 1064 37 8 1065 152 8 1066 245 45 1067 235 54 1095 39 17 1096 251 17 1097 223 60 1107 35 61 1108 193 61 1109 65 3 1113 124 3 1114 232 65 1115 103 67 1116 139 94 1117 233 68 1118 18 0 1128 100 0 1129 237 0 1130 60 73 1149 57 2 1150 249 4 1151 56 74 1152 63 75 1153 218 77 1154 50 3 1158 67 3 1159 209 3 1160 204 78 1164 59 3 1165 64 3 1166 208 79 1170 224 66 1171 52 13 1172 39 16 1185 153 16 1186 258 16 1187 200 86 1221 290 166 1222 69 23 1223 253 16 1224 77 16 1225 73 16 1226 274 16 1230 78 16 1231 80 16 1232 203 16 1236 81 16 1237 79 16 1238 1 16 1242 83 16 1243 276 16 1244 79 16 1281 106 16 1282 303 16 1283 92 8 1290 91 8 1291 237 8 1292 99 87 1302 92 8 1303 236 88 1304 95 91 1308 105 92 1309 302 8 1310 241 37 1314 192 182 1315 98 8 1316 226 69 1320 87 8 1321 99 87 1322 3 8 1323 107 8 1324 303 8 1325 7 96 1353 135 104 1354 232 97 1355 116 61 1362 111 61 1363 219 61 1364 111 61 1368 127 61 1369 216 61 1370 113 61 1389 133 102 1390 220 61 1391 230 100 1395 115 61 1396 108 61 1397 228 98 1401 123 61 1402 116 61 1403 5 61 1413 121 61 1414 295 61 1415 108 61 1422 110 61 1423 233 105 1424 153 17 1434 148 107 1435 255 108 1436 142 17 1440 161 17 1441 281 17 1442 146 17 1443 167 17 1444 264 112 1445 148 107 1458 164 118 1459 256 117 1460 140 17 1464 168 17 1465 247 119 1466 150 17 1473 171 17 1474 257 17 1475 245 122 1479 152 17 1480 140 17 1481 244 123 1485 159 17 1486 153 17 1487 42 16 1512 105 16 1513 196 16 1514 190 61 1518 197 61 1519 105 61 1520 46 148 1545 67 0 1546 209 149 1547 217 3 1566 209 3 1567 66 3 1568 217 3 1569 218 77 1570 61 3 1571 215 0 1572 218 0 1573 63 0 1574 214 0 1575 215 0 1576 28 0 1577 207 61 1578 222 61 1579 138 61 1580 207 61 1581 220 61 1582 293 61 1583 219 61 1584 216 61 1585 299 61 1586 221 61 1587 219 61 1588 298 61 1589 75 38 1593 211 40 1594 205 163 1595 234 62 1596 193 61 1597 289 61 1598 211 40 1599 222 39 1600 295 165 1601 297 22 1602 199 33 1603 201 34 1604 199 33 1605 216 0 1606 127 0 1607 229 101 1614 233 105 1615 139 170 1616 7 96 1617 228 98 1618 231 103 1619 132 171 1620 230 100 1621 229 101 1622 228 98 1623 232 97 1624 124 61 1625 103 67 1626 226 69 1627 227 93 1628 67 3 1629 65 3 1630 224 66 1631 226 69 1632 233 68 1633 110 8 1634 224 66 1635 232 65 1636 135 172 1637 194 89 1647 236 88 1648 89 90 1649 236 88 1650 237 8 1651 100 175 1652 225 0 1653 237 0 1654 91 0 1655 225 0 1656 210 0 1657 26 176 1658 263 113 1659 244 123 1660 246 124 1661 268 178 1662 245 122 1663 243 120 1664 243 120 1665 247 119 1666 270 180 1667 244 123 1668 248 197 1669 160 17 1670 261 181 1671 271 196 1672 192 182 1673 66 3 1674 240 198 1675 239 183 1676 265 184 1677 235 54 1678 260 55 1679 266 186 1680 238 8 1681 245 45 1682 261 181 1683 241 37 1684 248 36 1685 239 183 1686 247 199 1687 168 3 1688 235 3 1689 246 200 1690 153 3 1691 272 185 1692 260 55 1693 283 189 1694 254 17 1695 257 17 1696 279 17 1697 255 108 1698 256 117 1699 286 191 1700 254 17 1701 259 17 1702 157 17 1703 258 17 1704 255 108 1705 285 192 1706 202 193 1707 253 16 1708 252 16 1709 251 16 1710 258 16 1711 280 16 1712 260 55 1713 251 17 1714 273 17 1715 26 176 1716 213 205 1717 242 195 1718 252 16 1719 259 16 1720 281 16 1721 250 0 1722 257 0 1723 171 0 1724 242 195 1725 256 0 1726 164 0 1727 250 17 1728 272 185 1729 288 190 1730 261 181 1731 264 188 1732 167 8 1733 266 186 1734 268 187 1735 170 8 1736 38 17 1737 265 184 1738 272 185 1739 86 8 1740 104 8 1741 271 196 1742 267 179 1743 270 180 1744 174 17 1745 170 17 1746 268 178 1747 267 179 1748 146 17 1749 263 113 1750 269 177 1751 263 113 1752 264 112 1753 248 197 1754 240 198 1755 204 78 1756 262 32 1757 262 32 1758 270 31 1759 247 199 1760 265 19 1761 269 18 1762 246 200 1763 274 16 1764 276 16 1765 85 16 1766 1 16 1767 274 16 1768 198 16 1769 206 76 1770 249 4 1771 54 3 1772 249 4 1773 276 3 1774 83 3 1775 275 17 1776 288 190 1777 266 202 1778 277 194 1779 281 16 1780 161 16 1781 283 189 1782 273 17 1783 37 17 1784 273 16 1785 280 16 1786 152 16 1787 76 201 1788 202 193 1789 277 194 1790 280 17 1791 285 192 1792 151 116 1793 285 192 1794 286 191 1795 166 204 1796 278 17 1797 279 17 1798 170 17 1799 288 190 1800 283 189 1801 238 203 1802 278 17 1803 281 17 1804 259 17 1805 213 205 1806 287 35 1807 282 1 1808 275 0 1809 279 0 1810 257 0 1811 282 1 1812 286 0 1813 256 0 1814 25 21 1818 297 22 1819 296 167 1820 290 166 1821 295 165 1822 121 207 1823 300 164 1824 289 61 1825 33 61 1826 294 61 1830 298 61 1831 114 61 1832 298 61 1833 299 61 1834 130 61 1835 292 61 1836 293 61 1837 132 171 1838 292 61 1839 295 61 1840 222 61 1841 205 163 1842 211 40 1843 290 166 1844 297 22 1845 299 0 1846 216 0 1847 301 8 1851 303 8 1852 106 8 1853 301 8 1854 302 8 1855 104 8 1856 291 16 1857 303 16 1858 107 16 1859 77 16 1860 203 16 1861 291 16 1862</p>
        </triangles>
        <triangles material="kiste-material" count="120">
          <input semantic="VERTEX" source="#Cube_006-mesh-vertices" offset="0"/>
          <input semantic="NORMAL" source="#Cube_006-mesh-normals" offset="1"/>
          <input semantic="TEXCOORD" source="#Cube_006-mesh-map-0" offset="2" set="0"/>
          <p>188 0 6 104 0 7 302 0 8 32 0 18 293 0 19 284 0 20 177 17 33 296 17 34 201 17 35 187 3 36 81 3 37 203 3 38 178 25 63 287 26 64 213 27 65 34 28 72 231 29 73 223 30 74 206 0 81 59 0 82 181 0 83 182 16 111 66 16 112 209 16 113 210 3 114 30 3 115 176 3 116 214 41 126 27 42 127 179 43 128 208 46 144 60 47 145 180 48 146 190 49 147 105 50 148 227 51 149 33 3 177 230 63 178 212 64 179 183 80 249 204 81 250 240 82 251 189 83 255 192 84 256 271 85 257 186 61 294 253 61 295 202 61 296 185 17 300 205 17 301 200 17 302 194 16 360 98 16 361 191 16 362 35 16 363 221 16 364 193 16 365 182 126 525 204 127 526 183 128 527 197 129 534 194 130 535 196 131 536 189 132 537 196 133 538 192 134 539 190 136 546 194 137 547 197 138 548 202 139 549 200 140 550 203 141 551 185 142 552 198 143 553 184 144 554 186 145 555 203 146 556 187 147 557 208 3 558 206 3 559 209 3 560 180 151 564 206 152 565 208 153 566 213 154 567 201 155 568 214 156 569 178 157 570 214 158 571 179 159 572 177 160 573 210 161 574 176 162 575 193 16 600 294 16 601 289 16 602 195 0 618 133 0 619 34 0 620 212 64 648 132 173 649 32 3 650 223 30 654 116 8 655 35 8 656 289 16 837 115 16 838 33 16 839 284 0 858 220 0 859 195 0 860 105 0 879 42 0 880 302 0 881 42 0 882 188 0 883 302 0 884 188 0 885 40 0 886 104 0 887 32 0 897 132 0 898 293 0 899 31 17 912 10 17 913 201 17 914 10 17 915 177 17 916 201 17 917 177 17 918 8 17 919 296 17 920 8 17 921 30 17 922 296 17 923 77 3 924 15 208 925 203 209 926 15 208 927 187 210 928 203 209 929 187 3 930 14 3 931 81 3 932 26 211 957 9 212 958 213 213 959 9 212 960 178 214 961 213 213 962 178 25 963 11 215 964 287 26 965 11 215 966 27 216 967 287 26 968 34 28 975 133 217 976 231 29 977 59 0 984 45 0 985 181 0 986 181 0 987 47 0 988 206 0 989 47 0 990 60 0 991 206 0 992 67 218 1020 46 16 1021 182 219 1022 182 16 1023 44 16 1024 66 16 1025 209 220 1026 67 218 1027 182 219 1028 30 3 1029 8 3 1030 176 3 1031 176 221 1032 9 222 1033 210 223 1034 9 222 1035 26 3 1036 210 223 1037 27 42 1047 11 224 1048 179 43 1049 179 8 1050 10 8 1051 214 8 1052 10 8 1053 31 8 1054 214 8 1055 60 47 1068 47 225 1069 180 48 1070 180 17 1071 46 17 1072 208 17 1073 46 17 1074 67 17 1075 208 17 1076 99 17 1077 43 226 1078 227 51 1079 43 226 1080 190 49 1081 227 51 1082 190 17 1083 42 17 1084 105 17 1085 33 3 1110 115 3 1111 230 63 1112 80 8 1173 12 227 1174 198 228 1175 12 227 1176 184 229 1177 198 228 1178 66 61 1188 44 230 1189 240 82 1190 44 230 1191 183 80 1192 240 82 1193 183 61 1194 45 61 1195 59 61 1196 183 61 1197 59 61 1198 204 61 1199 104 61 1203 40 231 1204 271 85 1205 40 231 1206 189 83 1207 271 85 1208 189 61 1209 41 61 1210 192 61 1211 41 61 1212 98 61 1213 192 61 1214 76 61 1251 13 61 1252 202 61 1253 13 61 1254 186 61 1255 202 61 1256 186 61 1257 15 61 1258 253 61 1259 15 61 1260 77 61 1261 253 61 1262 81 17 1266 14 17 1267 185 17 1268 185 17 1269 12 17 1270 205 17 1271 12 17 1272 80 17 1273 205 17 1274 200 17 1275 81 17 1276 185 17 1277 98 16 1335 41 16 1336 191 16 1337 191 232 1338 43 233 1339 194 234 1340 43 233 1341 99 16 1342 194 234 1343 35 16 1344 116 16 1345 221 16 1346 182 126 1497 209 236 1498 204 127 1499 98 8 1500 192 8 1501 194 130 1502 192 8 1503 196 131 1504 194 130 1505 196 131 1506 105 8 1507 197 129 1508 189 132 1509 188 237 1510 196 133 1511 190 136 1515 191 238 1516 194 137 1517 202 139 1521 76 16 1522 198 239 1523 198 239 1524 200 140 1525 202 139 1526 200 140 1527 81 16 1528 203 141 1529 185 142 1530 200 240 1531 198 143 1532 186 145 1533 202 241 1534 203 146 1535 59 3 1536 204 3 1537 206 3 1538 204 3 1539 209 3 1540 206 3 1541 209 3 1542 67 3 1543 208 3 1544 180 151 1548 181 242 1549 206 152 1550 213 154 1551 26 0 1552 210 0 1553 210 0 1554 201 155 1555 213 154 1556 201 155 1557 31 0 1558 214 156 1559 178 157 1560 213 243 1561 214 158 1562 177 160 1563 201 244 1564 210 161 1565 193 16 1590 221 16 1591 294 16 1592 195 0 1608 220 0 1609 133 0 1610 212 64 1638 230 63 1639 132 173 1640 223 30 1644 231 29 1645 116 8 1646 289 16 1827 294 16 1828 115 16 1829 284 0 1848 293 0 1849 220 0 1850</p>
        </triangles>
        <triangles material="baumstamm-material" count="14">
          <input semantic="VERTEX" source="#Cube_006-mesh-vertices" offset="0"/>
          <input semantic="NORMAL" source="#Cube_006-mesh-normals" offset="1"/>
          <input semantic="TEXCOORD" source="#Cube_006-mesh-map-0" offset="2" set="0"/>
          <p>44 3 138 182 3 139 183 3 140 40 8 150 188 8 151 189 8 152 177 0 516 176 0 517 8 0 518 178 0 519 179 0 520 11 0 521 181 125 522 180 125 523 47 125 524 185 16 528 184 16 529 12 16 530 186 16 531 187 16 532 15 16 533 191 135 540 190 135 541 43 135 542 195 168 621 300 164 622 284 169 623 34 174 651 234 62 652 195 168 653 284 169 825 212 206 826 32 169 827 195 168 1611 234 62 1612 300 164 1613 34 174 1641 223 60 1642 234 62 1643 284 169 1815 300 164 1816 212 206 1817</p>
        </triangles>
        <triangles material="metal-material" count="192">
          <input semantic="VERTEX" source="#Cube_006-mesh-vertices" offset="0"/>
          <input semantic="NORMAL" source="#Cube_006-mesh-normals" offset="1"/>
          <input semantic="TEXCOORD" source="#Cube_006-mesh-map-0" offset="2" set="0"/>
          <p>70 5 9 117 6 10 94 7 11 86 8 12 172 9 13 2 10 14 94 11 15 125 8 16 93 12 17 52 13 21 119 14 22 53 15 23 96 16 24 156 16 25 72 16 26 71 16 30 96 16 31 72 16 32 22 0 39 166 0 40 23 0 41 57 2 48 84 20 49 85 3 50 88 8 51 134 8 52 97 8 53 69 23 60 118 24 61 70 5 62 51 3 66 136 3 67 122 3 68 24 0 69 130 0 70 25 21 71 20 0 75 145 0 76 19 0 77 87 8 84 126 8 85 88 8 86 21 0 87 16 0 88 31 0 89 24 0 90 30 0 91 29 0 92 18 0 99 20 0 100 19 0 101 27 0 105 22 0 106 23 0 107 72 16 120 157 16 121 73 16 122 55 3 129 174 3 130 64 3 131 90 44 132 160 8 133 102 8 134 82 3 153 154 3 154 55 3 155 19 0 156 144 0 157 101 0 158 90 44 159 144 52 160 158 53 161 0 16 165 155 16 166 82 16 167 96 56 168 172 9 169 175 8 170 84 57 171 137 58 172 74 59 173 74 59 186 138 70 187 75 38 188 62 0 189 165 0 190 22 0 191 48 3 192 163 71 193 49 72 194 29 0 198 97 0 199 24 0 200 28 0 201 62 0 202 22 0 203 68 16 204 162 16 205 0 16 206 52 13 207 57 2 208 60 73 209 56 74 210 62 3 211 63 75 212 59 3 213 55 3 214 64 3 215 50 3 222 58 3 223 51 3 224 56 74 228 48 3 229 49 72 230 51 3 234 67 3 235 50 3 236 17 0 240 61 0 241 16 0 242 21 0 243 128 0 244 17 0 245 84 20 252 119 14 253 120 3 254 69 23 258 79 16 259 81 16 260 74 59 261 80 16 262 78 16 263 1 16 270 68 16 271 0 16 272 77 16 276 72 16 277 73 16 278 78 16 282 84 57 283 74 59 284 0 16 288 83 16 289 1 16 290 17 0 291 136 0 292 58 0 293 65 3 297 122 3 298 124 3 299 55 3 303 83 3 304 82 3 305 97 0 309 129 0 310 24 0 311 87 8 312 92 8 313 99 87 314 2 10 318 107 8 319 3 8 320 88 8 321 91 8 322 92 8 323 98 8 324 90 44 325 102 8 326 89 90 330 101 8 331 90 44 332 3 8 336 86 8 337 2 10 338 93 12 342 105 92 343 95 91 344 95 91 351 94 11 352 93 12 353 19 0 354 100 0 355 18 0 356 93 12 357 139 94 358 103 67 359 70 5 366 106 16 367 79 16 368 49 72 369 173 95 370 62 3 371 123 61 375 111 61 376 116 61 377 115 61 378 109 61 379 108 61 380 4 61 384 121 61 385 5 61 386 112 61 390 127 61 391 111 61 392 114 61 393 129 61 394 109 61 395 109 61 396 110 61 397 108 61 398 4 61 399 117 61 400 118 61 401 123 61 402 122 61 403 112 61 404 129 61 405 126 61 406 109 61 407 5 61 411 131 99 412 4 61 413 6 61 417 133 102 418 113 61 419 112 61 423 136 61 424 128 61 425 6 61 426 135 104 427 7 96 428 113 61 429 137 61 430 6 61 431 6 61 435 120 61 436 119 61 437 131 99 438 125 61 439 4 61 440 141 106 444 168 17 445 140 17 446 159 17 447 148 107 448 153 17 449 152 17 450 141 106 451 140 17 452 149 109 456 144 110 457 145 111 458 154 17 465 162 17 466 143 17 467 150 17 468 156 17 469 147 17 470 165 114 471 163 115 472 141 106 473 151 116 474 165 114 475 141 106 476 149 109 480 164 118 481 148 107 482 159 17 486 158 121 487 149 109 488 147 17 489 167 17 490 146 17 491 142 17 495 169 17 496 143 17 497 147 17 501 171 17 502 150 17 503 169 17 507 154 17 508 143 17 509 143 17 510 161 17 511 142 17 512 156 17 513 172 17 514 147 17 515 70 5 888 118 24 889 117 6 890 86 8 891 167 8 892 172 9 893 94 11 894 117 8 895 125 8 896 52 13 900 135 172 901 119 14 902 96 16 903 175 16 904 156 16 905 71 16 909 107 16 910 96 16 911 22 0 933 165 0 934 166 0 935 57 2 942 53 15 943 84 20 944 88 8 945 126 8 946 134 8 947 69 23 954 121 207 955 118 24 956 51 3 969 58 3 970 136 3 971 24 0 972 129 0 973 130 0 974 20 0 978 164 0 979 145 0 980 87 8 993 110 8 994 126 8 995 21 0 996 17 0 997 16 0 998 24 0 999 25 21 1000 30 0 1001 18 0 1008 26 176 1009 20 0 1010 27 0 1014 28 0 1015 22 0 1016 72 16 1041 156 16 1042 157 16 1043 55 3 1056 154 3 1057 174 3 1058 90 44 1059 158 53 1060 160 8 1061 82 3 1086 155 3 1087 154 3 1088 19 0 1089 145 0 1090 144 0 1091 90 44 1092 101 8 1093 144 52 1094 0 16 1098 162 16 1099 155 16 1100 96 56 1101 2 10 1102 172 9 1103 84 57 1104 120 16 1105 137 58 1106 74 59 1119 137 58 1120 138 70 1121 62 0 1122 173 0 1123 165 0 1124 48 3 1125 168 3 1126 163 71 1127 29 0 1131 91 0 1132 97 0 1133 28 0 1134 63 0 1135 62 0 1136 68 16 1137 161 16 1138 162 16 1139 52 13 1140 53 15 1141 57 2 1142 56 74 1143 49 72 1144 62 3 1145 59 3 1146 54 3 1147 55 3 1148 50 3 1155 61 3 1156 58 3 1157 56 74 1161 66 3 1162 48 3 1163 51 3 1167 65 3 1168 67 3 1169 17 0 1179 58 0 1180 61 0 1181 21 0 1182 127 0 1183 128 0 1184 84 20 1200 53 15 1201 119 14 1202 69 23 1215 70 5 1216 79 16 1217 74 59 1218 75 38 1219 80 16 1220 1 16 1227 76 201 1228 68 16 1229 77 16 1233 71 16 1234 72 16 1235 78 16 1239 85 16 1240 84 57 1241 0 16 1245 82 16 1246 83 16 1247 17 0 1248 128 0 1249 136 0 1250 65 3 1263 51 3 1264 122 3 1265 55 3 1278 54 3 1279 83 3 1280 97 0 1284 134 0 1285 129 0 1286 87 8 1287 88 8 1288 92 8 1289 2 10 1293 96 56 1294 107 8 1295 88 8 1296 97 8 1297 91 8 1298 98 8 1299 89 90 1300 90 44 1301 89 90 1305 100 175 1306 101 8 1307 3 8 1311 104 8 1312 86 8 1313 93 12 1317 103 67 1318 105 92 1319 95 91 1326 106 8 1327 94 11 1328 19 0 1329 101 0 1330 100 0 1331 93 12 1332 125 8 1333 139 94 1334 70 5 1347 94 7 1348 106 16 1349 49 72 1350 163 71 1351 173 95 1352 123 61 1356 112 61 1357 111 61 1358 115 61 1359 114 61 1360 109 61 1361 4 61 1365 118 61 1366 121 61 1367 112 61 1371 128 61 1372 127 61 1373 114 61 1374 130 61 1375 129 61 1376 109 61 1377 126 61 1378 110 61 1379 4 61 1380 125 61 1381 117 61 1382 123 61 1383 124 61 1384 122 61 1385 129 61 1386 134 61 1387 126 61 1388 5 61 1392 132 171 1393 131 99 1394 6 61 1398 7 96 1399 133 102 1400 112 61 1404 122 61 1405 136 61 1406 6 61 1407 119 61 1408 135 104 1409 113 61 1410 138 61 1411 137 61 1412 6 61 1416 137 61 1417 120 61 1418 131 99 1419 139 170 1420 125 61 1421 141 106 1425 163 115 1426 168 17 1427 159 17 1428 149 109 1429 148 107 1430 152 17 1431 151 116 1432 141 106 1433 149 109 1437 158 121 1438 144 110 1439 154 17 1446 155 17 1447 162 17 1448 150 17 1449 157 17 1450 156 17 1451 165 114 1452 173 235 1453 163 115 1454 151 116 1455 166 204 1456 165 114 1457 149 109 1461 145 111 1462 164 118 1463 159 17 1467 160 17 1468 158 121 1469 147 17 1470 172 17 1471 167 17 1472 142 17 1476 170 17 1477 169 17 1478 147 17 1482 146 17 1483 171 17 1484 169 17 1488 174 17 1489 154 17 1490 143 17 1491 162 17 1492 161 17 1493 156 17 1494 175 17 1495 172 17 1496</p>
        </triangles>
      </mesh>
    </geometry>
    <geometry id="Cube_002-mesh" name="Cube.002">
      <mesh>
        <source id="Cube_002-mesh-positions">
          <float_array id="Cube_002-mesh-positions-array" count="3201">-0.3 -0.8284862 0 -0.3 -0.8284862 1 0.7000001 -0.5715139 0 0.7000001 -0.5715139 1 -0.3 -0.5715139 0 -0.3 -0.5715139 1 -0.1333332 -0.8284862 0 0.03333342 -0.8284861 0 0.2 -0.8284861 0 0.3666667 -0.8284861 0 0.5333334 -0.8284861 0 0.5333334 -0.8284861 1 0.3666667 -0.8284861 1 0.2 -0.8284861 1 0.03333336 -0.8284861 1 -0.1333333 -0.8284862 1 -0.3 -0.8284862 0.8333333 -0.3 -0.8284862 0.6666666 -0.3 -0.8284862 0.5 -0.3 -0.8284862 0.3333333 -0.3 -0.8284862 0.1666666 -0.3 -0.6143427 0 -0.3 -0.6571714 0 -0.3 -0.7000001 0 -0.3 -0.7428287 0 -0.3 -0.7856575 0 -0.3 -0.7856575 1 -0.3 -0.7428287 1 -0.3 -0.7000001 1 -0.3 -0.6571714 1 -0.3 -0.6143427 1 -0.3 -0.5715139 0.8333333 -0.3 -0.5715139 0.6666666 -0.3 -0.5715139 0.5 -0.3 -0.5715139 0.3333333 -0.3 -0.5715139 0.1666666 0.5333334 -0.5715139 0 0.3666667 -0.5715139 0 0.2 -0.5715139 0 0.03333336 -0.5715139 0 -0.1333333 -0.5715139 0 -0.1333332 -0.5715139 1 0.03333342 -0.5715139 1 0.2 -0.5715139 1 0.3666667 -0.5715139 1 0.5333334 -0.5715139 1 0.7000001 -0.5715139 0.8333333 0.7000001 -0.5715139 0.6666666 0.7000001 -0.5715139 0.5 0.7000001 -0.5715139 0.3333333 0.7000001 -0.5715139 0.1666666 0.7000001 -0.7856574 0 0.7000001 -0.7428287 0 0.7000001 -0.7000001 0 0.7000001 -0.6571714 0 0.7000001 -0.6143426 0 0.7000001 -0.6143426 1 0.7000001 -0.6571714 1 0.7000001 -0.7000001 1 0.7000001 -0.7428287 1 0.7000001 -0.7856574 1 -0.1333332 -0.6143427 1 0.03333342 -0.6143427 1 0.2 -0.6143427 1 0.3666667 -0.6143427 1 0.5333334 -0.6143427 1 -0.1333332 -0.6571714 1 0.03333342 -0.6571714 1 0.2 -0.6571714 1 0.3666667 -0.6571714 1 0.5333334 -0.6571714 1 -0.1333332 -0.7000001 1 0.03333342 -0.7000001 1 0.2 -0.7000001 1 0.3666667 -0.7000001 1 0.5333334 -0.7000001 1 -0.1333332 -0.7428287 1 0.03333342 -0.7428287 1 0.2 -0.7428287 1 0.3666667 -0.7428287 1 0.5333334 -0.7428287 1 -0.1333332 -0.7856574 1 0.03333342 -0.7856574 1 0.2 -0.7856574 1 0.3666667 -0.7856574 1 0.5333334 -0.7856574 1 -0.1333332 -0.7856575 0 0.03333342 -0.7856574 0 0.2 -0.7856574 0 0.3666667 -0.7856574 0 0.5333334 -0.7856574 0 -0.1333332 -0.7428287 0 0.03333342 -0.7428287 0 0.2 -0.7428287 0 0.3666667 -0.7428287 0 0.5333334 -0.7428287 0 -0.1333332 -0.7000001 0 0.03333342 -0.7000001 0 0.2 -0.7000001 0 0.3666667 -0.7000001 0 0.5333334 -0.7000001 0 -0.1333332 -0.6571714 0 0.03333342 -0.6571714 0 0.2 -0.6571714 0 0.3666667 -0.6571714 0 0.5333334 -0.6571714 0 -0.1333332 -0.6143427 0 0.03333342 -0.6143427 0 0.2 -0.6143427 0 0.3666667 -0.6143427 0 0.5333334 -0.6143427 0 0.7000001 -0.6143426 0.1666666 0.7000001 -0.6571714 0.1666666 0.7000001 -0.7000001 0.1666666 0.7000001 -0.7428287 0.1666666 0.7000001 -0.7856574 0.1666666 0.7000001 -0.6143426 0.3333333 0.7000001 -0.6571714 0.3333333 0.7000001 -0.7000001 0.3333333 0.7000001 -0.7428287 0.3333333 0.7000001 -0.7856574 0.3333333 0.7000001 -0.6143426 0.5 0.7000001 -0.6571714 0.5 0.7000001 -0.7000001 0.5 0.7000001 -0.7428287 0.5 0.7000001 -0.7856574 0.5 0.7000001 -0.6143426 0.6666666 0.7000001 -0.6571714 0.6666666 0.7000001 -0.7000001 0.6666666 0.7000001 -0.7428287 0.6666667 0.7000001 -0.7856574 0.6666667 0.7000001 -0.6143426 0.8333333 0.7000001 -0.6571714 0.8333333 0.7000001 -0.7000001 0.8333333 0.7000001 -0.7428287 0.8333333 0.7000001 -0.7856574 0.8333333 -0.1333332 -0.5715139 0.1666666 0.03333342 -0.5715139 0.1666666 0.2 -0.5715139 0.1666666 0.3666667 -0.5715139 0.1666666 0.5333334 -0.5715139 0.1666666 -0.1333332 -0.5715139 0.3333333 0.03333342 -0.5715139 0.3333333 0.2 -0.5715139 0.3333333 0.3666667 -0.5715139 0.3333333 0.5333334 -0.5715139 0.3333333 -0.1333332 -0.5715139 0.5 0.03333342 -0.5715139 0.5 0.2 -0.5715139 0.5 0.3666667 -0.5715139 0.5 0.5333334 -0.5715139 0.5 -0.1333332 -0.5715139 0.6666666 0.03333342 -0.5715139 0.6666666 0.2 -0.5715139 0.6666666 0.3666667 -0.5715139 0.6666666 0.5333334 -0.5715139 0.6666666 -0.1333332 -0.5715139 0.8333333 0.03333342 -0.5715139 0.8333333 0.2 -0.5715139 0.8333333 0.3666667 -0.5715139 0.8333333 0.5333334 -0.5715139 0.8333333 -0.3 -0.7856575 0.1666666 -0.3 -0.7428287 0.1666666 -0.3 -0.7000001 0.1666666 -0.3 -0.6571714 0.1666666 -0.3 -0.6143427 0.1666666 -0.3 -0.7856575 0.3333333 -0.3 -0.7428287 0.3333333 -0.3 -0.7000001 0.3333333 -0.3 -0.6571714 0.3333333 -0.3 -0.6143427 0.3333333 -0.3 -0.7856575 0.5 -0.3 -0.7428287 0.5 -0.3 -0.7000001 0.5 -0.3 -0.6571714 0.5 -0.3 -0.6143427 0.5 -0.3 -0.7856575 0.6666666 -0.3 -0.7428287 0.6666666 -0.3 -0.7000001 0.6666666 -0.3 -0.6571714 0.6666666 -0.3 -0.6143427 0.6666666 -0.3 -0.7856575 0.8333333 -0.3 -0.7428287 0.8333333 -0.3 -0.7000001 0.8333333 -0.3 -0.6571714 0.8333333 -0.3 -0.6143427 0.8333333 0.5333334 -0.8284861 0.1666666 0.3666667 -0.8284861 0.1666666 0.2 -0.8284861 0.1666666 0.03333336 -0.8284861 0.1666666 -0.1333333 -0.8284862 0.1666666 0.5333334 -0.8284861 0.3333333 0.3666667 -0.8284861 0.3333333 0.2 -0.8284861 0.3333333 0.03333336 -0.8284861 0.3333333 -0.1333333 -0.8284862 0.3333333 0.5333334 -0.8284861 0.5 0.3666667 -0.8284861 0.5 0.2 -0.8284861 0.5 0.03333336 -0.8284861 0.5 -0.1333333 -0.8284862 0.5 0.5333334 -0.8284861 0.6666667 0.3666667 -0.8284861 0.6666667 0.2 -0.8284861 0.6666666 0.03333336 -0.8284861 0.6666666 -0.1333333 -0.8284862 0.6666666 0.5333334 -0.8284861 0.8333334 0.3666667 -0.8284861 0.8333334 0.2 -0.8284861 0.8333334 0.03333336 -0.8284861 0.8333334 -0.1333333 -0.8284862 0.8333333 0.5333334 -1.628486 0 0.7000001 -1.628486 0 0.7000001 -1.628486 0.8333334 0.7000001 -1.628486 1 0.7000001 -1.585657 1 0.7000001 -1.628486 0.1666666 0.7000001 -1.628486 0.3333334 0.7000001 -1.628486 0.5 0.7000001 -1.628486 0.6666667 0.5333334 -1.628486 1 0.7000001 -1.585657 0 0.5333334 -1.585657 1 0.5333334 -1.585657 0 0.7000001 -1.585657 0.1666666 0.7000001 -1.585657 0.3333333 0.7000001 -1.585657 0.5 0.7000001 -1.585657 0.6666667 0.7000001 -1.585657 0.8333333 0.5333334 -1.628486 0.1666666 0.5333334 -1.628486 0.3333333 0.5333334 -1.628486 0.5 0.5333334 -1.628486 0.6666667 0.5333334 -1.628486 0.8333334 0.7000001 0.4715139 0 0.7000001 0.4715139 1 -0.3 0.4715139 0 -0.3 0.4715139 1 0.7000001 0.7284861 0 0.7000001 0.7284861 1 -0.3 0.7284861 0 -0.3 0.7284861 1 -0.1333332 0.4715139 0 0.03333342 0.4715139 0 0.2 0.4715139 0 0.3666667 0.4715139 0 0.5333334 0.4715139 0 0.7000001 0.4715139 0.1666666 0.7000001 0.4715139 0.3333334 0.7000001 0.4715139 0.5 0.7000001 0.4715139 0.6666667 0.7000001 0.4715139 0.8333334 0.5333334 0.4715139 1 0.3666667 0.4715139 1 0.2 0.4715139 1 0.03333336 0.4715139 1 -0.1333333 0.4715139 1 -0.3 0.4715139 0.8333333 -0.3 0.4715139 0.6666666 -0.3 0.4715139 0.5 -0.3 0.4715139 0.3333333 -0.3 0.4715139 0.1666666 -0.3 0.6856574 0 -0.3 0.6428287 0 -0.3 0.6 0 -0.3 0.5571713 0 -0.3 0.5143426 0 -0.3 0.5143426 1 -0.3 0.5571713 1 -0.3 0.6 1 -0.3 0.6428287 1 -0.3 0.6856574 1 -0.3 0.7284861 0.8333333 -0.3 0.7284861 0.6666666 -0.3 0.7284861 0.5 -0.3 0.7284861 0.3333333 -0.3 0.7284861 0.1666666 0.5333334 0.7284861 0 0.3666667 0.7284861 0 0.2 0.7284861 0 0.03333336 0.7284861 0 -0.1333333 0.7284861 0 -0.1333332 0.7284861 1 0.03333342 0.7284861 1 0.2 0.7284861 1 0.3666667 0.7284861 1 0.5333334 0.7284861 1 0.7000001 0.7284861 0.8333333 0.7000001 0.7284861 0.6666666 0.7000001 0.7284861 0.5 0.7000001 0.7284861 0.3333333 0.7000001 0.7284861 0.1666666 0.7000001 0.5143427 0 0.7000001 0.5571714 0 0.7000001 0.6 0 0.7000001 0.6428287 0 0.7000001 0.6856575 0 0.7000001 0.6856574 1 0.7000001 0.6428287 1 0.7000001 0.6 1 0.7000001 0.5571714 1 0.7000001 0.5143426 1 -0.1333332 0.6856574 1 0.03333342 0.6856574 1 0.2 0.6856574 1 0.3666667 0.6856574 1 0.5333334 0.6856574 1 -0.1333332 0.6428287 1 0.03333342 0.6428287 1 0.2 0.6428287 1 0.3666667 0.6428287 1 0.5333334 0.6428287 1 -0.1333332 0.6 1 0.03333342 0.6 1 0.2 0.6 1 0.3666667 0.6 1 0.5333334 0.6 1 -0.1333332 0.5571713 1 0.03333342 0.5571713 1 0.2 0.5571714 1 0.3666667 0.5571714 1 0.5333334 0.5571714 1 -0.1333332 0.5143426 1 0.03333342 0.5143426 1 0.2 0.5143426 1 0.3666667 0.5143426 1 0.5333334 0.5143426 1 -0.1333332 0.5143426 0 0.03333342 0.5143426 0 0.2 0.5143426 0 0.3666667 0.5143426 0 0.5333334 0.5143426 0 -0.1333332 0.5571713 0 0.03333342 0.5571713 0 0.2 0.5571714 0 0.3666667 0.5571714 0 0.5333334 0.5571714 0 -0.1333332 0.6 0 0.03333342 0.6 0 0.2 0.6 0 0.3666667 0.6 0 0.5333334 0.6 0 -0.1333332 0.6428287 0 0.03333342 0.6428287 0 0.2 0.6428287 0 0.3666667 0.6428287 0 0.5333334 0.6428287 0 -0.1333332 0.6856574 0 0.03333342 0.6856574 0 0.2 0.6856574 0 0.3666667 0.6856574 0 0.5333334 0.6856574 0 0.7000001 0.6856574 0.1666666 0.7000001 0.6428287 0.1666666 0.7000001 0.6 0.1666666 0.7000001 0.5571714 0.1666666 0.7000001 0.5143426 0.1666666 0.7000001 0.6856574 0.3333333 0.7000001 0.6428287 0.3333333 0.7000001 0.6 0.3333333 0.7000001 0.5571714 0.3333333 0.7000001 0.5143426 0.3333333 0.7000001 0.6856574 0.5 0.7000001 0.6428287 0.5 0.7000001 0.6 0.5 0.7000001 0.5571714 0.5 0.7000001 0.5143426 0.5 0.7000001 0.6856574 0.6666666 0.7000001 0.6428287 0.6666666 0.7000001 0.6 0.6666666 0.7000001 0.5571714 0.6666667 0.7000001 0.5143426 0.6666667 0.7000001 0.6856574 0.8333333 0.7000001 0.6428287 0.8333333 0.7000001 0.6 0.8333333 0.7000001 0.5571714 0.8333333 0.7000001 0.5143426 0.8333333 -0.1333332 0.7284861 0.1666666 0.03333342 0.7284861 0.1666666 0.2 0.7284861 0.1666666 0.3666667 0.7284861 0.1666666 0.5333334 0.7284861 0.1666666 -0.1333332 0.7284861 0.3333333 0.03333342 0.7284861 0.3333333 0.2 0.7284861 0.3333333 0.3666667 0.7284861 0.3333333 0.5333334 0.7284861 0.3333333 -0.1333332 0.7284861 0.5 0.03333342 0.7284861 0.5 0.2 0.7284861 0.5 0.3666667 0.7284861 0.5 0.5333334 0.7284861 0.5 -0.1333332 0.7284861 0.6666666 0.03333342 0.7284861 0.6666666 0.2 0.7284861 0.6666666 0.3666667 0.7284861 0.6666666 0.5333334 0.7284861 0.6666666 -0.1333332 0.7284861 0.8333333 0.03333342 0.7284861 0.8333333 0.2 0.7284861 0.8333333 0.3666667 0.7284861 0.8333333 0.5333334 0.7284861 0.8333333 -0.3 0.5143426 0.1666666 -0.3 0.5571713 0.1666666 -0.3 0.6 0.1666666 -0.3 0.6428287 0.1666666 -0.3 0.6856574 0.1666666 -0.3 0.5143426 0.3333333 -0.3 0.5571713 0.3333333 -0.3 0.6 0.3333333 -0.3 0.6428287 0.3333333 -0.3 0.6856574 0.3333333 -0.3 0.5143426 0.5 -0.3 0.5571713 0.5 -0.3 0.6 0.5 -0.3 0.6428287 0.5 -0.3 0.6856574 0.5 -0.3 0.5143426 0.6666666 -0.3 0.5571713 0.6666666 -0.3 0.6 0.6666666 -0.3 0.6428287 0.6666666 -0.3 0.6856574 0.6666666 -0.3 0.5143426 0.8333333 -0.3 0.5571713 0.8333333 -0.3 0.6 0.8333333 -0.3 0.6428287 0.8333333 -0.3 0.6856574 0.8333333 0.5333334 0.4715139 0.1666666 0.3666667 0.4715139 0.1666666 0.2 0.4715139 0.1666666 0.03333336 0.4715139 0.1666666 -0.1333333 0.4715139 0.1666666 0.5333334 0.4715139 0.3333333 0.3666667 0.4715139 0.3333333 0.2 0.4715139 0.3333333 0.03333336 0.4715139 0.3333333 -0.1333333 0.4715139 0.3333333 0.5333334 0.4715139 0.5 0.3666667 0.4715139 0.5 0.2 0.4715139 0.5 0.03333336 0.4715139 0.5 -0.1333333 0.4715139 0.5 0.5333334 0.4715139 0.6666667 0.3666667 0.4715139 0.6666667 0.2 0.4715139 0.6666666 0.03333336 0.4715139 0.6666666 -0.1333333 0.4715139 0.6666666 0.5333334 0.4715139 0.8333334 0.3666667 0.4715139 0.8333334 0.2 0.4715139 0.8333334 0.03333336 0.4715139 0.8333334 -0.1333333 0.4715139 0.8333333 0.5333334 1.728486 1 0.7000001 1.728486 1 0.7000001 1.728486 0.1666666 0.7000001 1.728486 0 0.7000001 1.685657 0 0.5333333 1.728486 0 0.7000001 1.728486 0.8333333 0.7000001 1.728486 0.6666666 0.7000001 1.728486 0.5 0.7000001 1.728486 0.3333333 0.7000001 1.685657 1 0.5333334 1.685657 1 0.5333334 1.685657 0 0.5333334 1.728486 0.1666666 0.5333334 1.728486 0.3333333 0.5333334 1.728486 0.5 0.5333334 1.728486 0.6666666 0.5333334 1.728486 0.8333333 0.5333334 2.528486 1 0.7000001 2.528486 1 0.7000001 2.528486 0.1666666 0.7000001 2.528486 0 0.7000001 2.485657 0 0.5333333 2.528486 0 0.7000001 2.528486 0.8333333 0.7000001 2.528486 0.6666666 0.7000001 2.528486 0.5 0.7000001 2.528486 0.3333333 0.7000001 2.485657 1 0.5333334 2.485657 1 0.5333334 2.485657 0 0.5333334 2.528486 0.1666666 0.5333334 2.528486 0.3333333 0.5333334 2.528486 0.5 0.5333334 2.528486 0.6666666 0.5333334 2.528486 0.8333333 2.7 -0.8284861 0 2.7 -0.8284861 1 1.7 -0.8284862 0 1.7 -0.8284862 1 2.7 -0.5715139 0 2.7 -0.5715139 1 1.7 -0.5715139 0 1.7 -0.5715139 1 1.866667 -0.8284862 0 2.033333 -0.8284861 0 2.2 -0.8284861 0 2.366667 -0.8284861 0 2.533333 -0.8284861 0 2.7 -0.8284861 0.1666666 2.7 -0.8284861 0.3333334 2.7 -0.8284861 0.5 2.7 -0.8284861 0.6666667 2.7 -0.8284861 0.8333334 2.533333 -0.8284861 1 2.366667 -0.8284861 1 2.2 -0.8284861 1 2.033333 -0.8284861 1 1.866667 -0.8284862 1 1.7 -0.8284862 0.8333333 1.7 -0.8284862 0.6666666 1.7 -0.8284862 0.5 1.7 -0.8284862 0.3333333 1.7 -0.8284862 0.1666666 1.7 -0.6143427 0 1.7 -0.6571714 0 1.7 -0.7000001 0 1.7 -0.7428287 0 1.7 -0.7856575 0 1.7 -0.7856575 1 1.7 -0.7428287 1 1.7 -0.7000001 1 1.7 -0.6571714 1 1.7 -0.6143427 1 1.7 -0.5715139 0.8333333 1.7 -0.5715139 0.6666666 1.7 -0.5715139 0.5 1.7 -0.5715139 0.3333333 1.7 -0.5715139 0.1666666 2.533333 -0.5715139 0 2.366667 -0.5715139 0 2.2 -0.5715139 0 2.033333 -0.5715139 0 1.866667 -0.5715139 0 1.866667 -0.5715139 1 2.033333 -0.5715139 1 2.2 -0.5715139 1 2.366667 -0.5715139 1 2.533333 -0.5715139 1 2.7 -0.5715139 0.8333333 2.7 -0.5715139 0.6666666 2.7 -0.5715139 0.5 2.7 -0.5715139 0.3333333 2.7 -0.5715139 0.1666666 2.7 -0.7856574 0 2.7 -0.7428287 0 2.7 -0.7000001 0 2.7 -0.6571714 0 2.7 -0.6143426 0 2.7 -0.6143426 1 2.7 -0.6571714 1 2.7 -0.7000001 1 2.7 -0.7428287 1 2.7 -0.7856574 1 1.866667 -0.6143427 1 2.033333 -0.6143427 1 2.2 -0.6143427 1 2.366667 -0.6143427 1 2.533333 -0.6143427 1 1.866667 -0.6571714 1 2.033333 -0.6571714 1 2.2 -0.6571714 1 2.366667 -0.6571714 1 2.533333 -0.6571714 1 1.866667 -0.7000001 1 2.033333 -0.7000001 1 2.2 -0.7000001 1 2.366667 -0.7000001 1 2.533333 -0.7000001 1 1.866667 -0.7428287 1 2.033333 -0.7428287 1 2.2 -0.7428287 1 2.366667 -0.7428287 1 2.533333 -0.7428287 1 1.866667 -0.7856574 1 2.033333 -0.7856574 1 2.2 -0.7856574 1 2.366667 -0.7856574 1 2.533333 -0.7856574 1 1.866667 -0.7856575 0 2.033333 -0.7856574 0 2.2 -0.7856574 0 2.366667 -0.7856574 0 2.533333 -0.7856574 0 1.866667 -0.7428287 0 2.033333 -0.7428287 0 2.2 -0.7428287 0 2.366667 -0.7428287 0 2.533333 -0.7428287 0 1.866667 -0.7000001 0 2.033333 -0.7000001 0 2.2 -0.7000001 0 2.366667 -0.7000001 0 2.533333 -0.7000001 0 1.866667 -0.6571714 0 2.033333 -0.6571714 0 2.2 -0.6571714 0 2.366667 -0.6571714 0 2.533333 -0.6571714 0 1.866667 -0.6143427 0 2.033333 -0.6143427 0 2.2 -0.6143427 0 2.366667 -0.6143427 0 2.533333 -0.6143427 0 2.7 -0.6143426 0.1666666 2.7 -0.6571714 0.1666666 2.7 -0.7000001 0.1666666 2.7 -0.7428287 0.1666666 2.7 -0.7856574 0.1666666 2.7 -0.6143426 0.3333333 2.7 -0.6571714 0.3333333 2.7 -0.7000001 0.3333333 2.7 -0.7428287 0.3333333 2.7 -0.7856574 0.3333333 2.7 -0.6143426 0.5 2.7 -0.6571714 0.5 2.7 -0.7000001 0.5 2.7 -0.7428287 0.5 2.7 -0.7856574 0.5 2.7 -0.6143426 0.6666666 2.7 -0.6571714 0.6666666 2.7 -0.7000001 0.6666666 2.7 -0.7428287 0.6666667 2.7 -0.7856574 0.6666667 2.7 -0.6143426 0.8333333 2.7 -0.6571714 0.8333333 2.7 -0.7000001 0.8333333 2.7 -0.7428287 0.8333333 2.7 -0.7856574 0.8333333 1.866667 -0.5715139 0.1666666 2.033333 -0.5715139 0.1666666 2.2 -0.5715139 0.1666666 2.366667 -0.5715139 0.1666666 2.533333 -0.5715139 0.1666666 1.866667 -0.5715139 0.3333333 2.033333 -0.5715139 0.3333333 2.2 -0.5715139 0.3333333 2.366667 -0.5715139 0.3333333 2.533333 -0.5715139 0.3333333 1.866667 -0.5715139 0.5 2.033333 -0.5715139 0.5 2.2 -0.5715139 0.5 2.366667 -0.5715139 0.5 2.533333 -0.5715139 0.5 1.866667 -0.5715139 0.6666666 2.033333 -0.5715139 0.6666666 2.2 -0.5715139 0.6666666 2.366667 -0.5715139 0.6666666 2.533333 -0.5715139 0.6666666 1.866667 -0.5715139 0.8333333 2.033333 -0.5715139 0.8333333 2.2 -0.5715139 0.8333333 2.366667 -0.5715139 0.8333333 2.533333 -0.5715139 0.8333333 1.7 -0.7856575 0.1666666 1.7 -0.7428287 0.1666666 1.7 -0.7000001 0.1666666 1.7 -0.6571714 0.1666666 1.7 -0.6143427 0.1666666 1.7 -0.7856575 0.3333333 1.7 -0.7428287 0.3333333 1.7 -0.7000001 0.3333333 1.7 -0.6571714 0.3333333 1.7 -0.6143427 0.3333333 1.7 -0.7856575 0.5 1.7 -0.7428287 0.5 1.7 -0.7000001 0.5 1.7 -0.6571714 0.5 1.7 -0.6143427 0.5 1.7 -0.7856575 0.6666666 1.7 -0.7428287 0.6666666 1.7 -0.7000001 0.6666666 1.7 -0.6571714 0.6666666 1.7 -0.6143427 0.6666666 1.7 -0.7856575 0.8333333 1.7 -0.7428287 0.8333333 1.7 -0.7000001 0.8333333 1.7 -0.6571714 0.8333333 1.7 -0.6143427 0.8333333 2.533333 -0.8284861 0.1666666 2.366667 -0.8284861 0.1666666 2.2 -0.8284861 0.1666666 2.033333 -0.8284861 0.1666666 1.866667 -0.8284862 0.1666666 2.533333 -0.8284861 0.3333333 2.366667 -0.8284861 0.3333333 2.2 -0.8284861 0.3333333 2.033333 -0.8284861 0.3333333 1.866667 -0.8284862 0.3333333 2.533333 -0.8284861 0.5 2.366667 -0.8284861 0.5 2.2 -0.8284861 0.5 2.033333 -0.8284861 0.5 1.866667 -0.8284862 0.5 2.533333 -0.8284861 0.6666667 2.366667 -0.8284861 0.6666667 2.2 -0.8284861 0.6666666 2.033333 -0.8284861 0.6666666 1.866667 -0.8284862 0.6666666 2.533333 -0.8284861 0.8333334 2.366667 -0.8284861 0.8333334 2.2 -0.8284861 0.8333334 2.033333 -0.8284861 0.8333334 1.866667 -0.8284862 0.8333333 2.533333 0.4284861 1 2.7 0.4284861 1 2.7 0.4284861 0.1666666 2.7 0.4284861 0 2.7 0.3856573 0 2.533333 0.4284861 0 2.7 0.4284861 0.8333333 2.7 0.4284861 0.6666666 2.7 0.4284861 0.5 2.7 0.4284861 0.3333333 2.7 0.3856573 1 2.533333 0.3856573 1 2.533333 0.3856573 0 2.533333 0.4284861 0.1666666 2.533333 0.4284861 0.3333333 2.533333 0.4284861 0.5 2.533333 0.4284861 0.6666666 2.533333 0.4284861 0.8333333 1.866667 -1.628486 1 1.7 -1.628486 1 1.7 -1.628486 0.1666666 1.7 -1.628486 0 1.866667 -1.628486 0 1.7 -1.628486 0.8333333 1.7 -1.628486 0.6666666 1.7 -1.628486 0.5 1.7 -1.628486 0.3333333 1.866667 -1.628486 0.1666666 1.866667 -1.628486 0.3333333 1.866667 -1.628486 0.5 1.866667 -1.628486 0.6666666 1.866667 -1.628486 0.8333333 2.7 0.7284862 1 2.7 0.7284863 1.78814e-7 1.7 0.7284862 0.9999999 1.7 0.7284862 -1.78814e-7 2.7 0.4715141 1 2.7 0.4715141 1.49012e-7 1.7 0.4715139 0.9999998 1.7 0.471514 -1.78814e-7 1.866667 0.7284862 0.9999999 2.033333 0.7284862 1 2.2 0.7284862 1 2.366667 0.7284862 1 2.533333 0.7284862 1 2.7 0.7284862 0.8333335 2.7 0.7284863 0.6666668 2.7 0.7284863 0.5000002 2.7 0.7284863 0.3333335 2.7 0.7284863 0.1666668 2.533334 0.7284863 1.19209e-7 2.366667 0.7284862 0 2.2 0.7284862 0 2.033334 0.7284862 0 1.866667 0.7284862 -1.19209e-7 1.7 0.7284862 0.1666665 1.7 0.7284862 0.3333332 1.7 0.7284862 0.4999998 1.7 0.7284862 0.6666665 1.7 0.7284862 0.8333332 1.7 0.5143427 0.9999998 1.7 0.5571714 0.9999998 1.7 0.6 0.9999999 1.7 0.6428288 0.9999999 1.7 0.6856575 0.9999999 1.7 0.6856575 -1.78814e-7 1.7 0.6428288 -1.78814e-7 1.7 0.6000001 -1.78814e-7 1.7 0.5571714 -1.78814e-7 1.7 0.5143427 -1.78814e-7 1.7 0.471514 0.1666665 1.7 0.471514 0.3333332 1.7 0.471514 0.4999998 1.7 0.471514 0.6666665 1.7 0.4715139 0.8333331 2.533333 0.4715141 1 2.366667 0.471514 1 2.2 0.471514 1 2.033333 0.471514 1 1.866667 0.471514 0.9999999 1.866667 0.471514 -1.19209e-7 2.033334 0.471514 0 2.2 0.4715141 0 2.366667 0.4715141 0 2.533334 0.4715141 0 2.7 0.4715141 0.1666668 2.7 0.4715141 0.3333335 2.7 0.4715141 0.5000002 2.7 0.4715141 0.6666669 2.7 0.4715141 0.8333335 2.7 0.6856575 1 2.7 0.6428288 1 2.7 0.6000002 1 2.7 0.5571714 1 2.7 0.5143427 1 2.7 0.5143428 1.49012e-7 2.7 0.5571715 1.49012e-7 2.7 0.6000002 1.49012e-7 2.7 0.6428289 1.78814e-7 2.7 0.6856576 1.78814e-7 1.866667 0.5143427 -1.19209e-7 2.033334 0.5143427 0 2.2 0.5143427 0 2.366667 0.5143427 0 2.533334 0.5143428 1.19209e-7 1.866667 0.5571714 -1.19209e-7 2.033334 0.5571714 0 2.2 0.5571715 0 2.366667 0.5571715 0 2.533334 0.5571715 1.19209e-7 1.866667 0.6000002 -1.19209e-7 2.033334 0.6000002 0 2.2 0.6000002 0 2.366667 0.6000002 0 2.533334 0.6000002 1.19209e-7 1.866667 0.6428288 -1.19209e-7 2.033334 0.6428288 0 2.2 0.6428288 0 2.366667 0.6428288 0 2.533334 0.6428289 1.19209e-7 1.866667 0.6856575 -1.19209e-7 2.033334 0.6856575 0 2.2 0.6856575 0 2.366667 0.6856575 0 2.533334 0.6856576 1.19209e-7 1.866667 0.6856575 0.9999999 2.033333 0.6856575 1 2.2 0.6856575 1 2.366667 0.6856575 1 2.533333 0.6856575 1 1.866667 0.6428288 0.9999999 2.033333 0.6428288 1 2.2 0.6428288 1 2.366667 0.6428288 1 2.533333 0.6428288 1 1.866667 0.6000001 0.9999999 2.033333 0.6000001 1 2.2 0.6000001 1 2.366667 0.6000001 1 2.533333 0.6000002 1 1.866667 0.5571714 0.9999999 2.033333 0.5571714 1 2.2 0.5571714 1 2.366667 0.5571714 1 2.533333 0.5571714 1 1.866667 0.5143427 0.9999999 2.033333 0.5143427 1 2.2 0.5143427 1 2.366667 0.5143427 1 2.533333 0.5143427 1 2.7 0.5143427 0.8333335 2.7 0.5571715 0.8333335 2.7 0.6000002 0.8333335 2.7 0.6428288 0.8333335 2.7 0.6856575 0.8333335 2.7 0.5143427 0.6666669 2.7 0.5571715 0.6666669 2.7 0.6000002 0.6666668 2.7 0.6428288 0.6666668 2.7 0.6856575 0.6666668 2.7 0.5143428 0.5000002 2.7 0.5571715 0.5000002 2.7 0.6000002 0.5000002 2.7 0.6428288 0.5000002 2.7 0.6856576 0.5000002 2.7 0.5143428 0.3333335 2.7 0.5571715 0.3333335 2.7 0.6000002 0.3333335 2.7 0.6428289 0.3333335 2.7 0.6856576 0.3333335 2.7 0.5143428 0.1666668 2.7 0.5571715 0.1666668 2.7 0.6000002 0.1666668 2.7 0.6428289 0.1666668 2.7 0.6856576 0.1666668 1.866667 0.471514 0.8333333 2.033333 0.471514 0.8333333 2.2 0.471514 0.8333334 2.366667 0.471514 0.8333334 2.533333 0.4715141 0.8333334 1.866667 0.471514 0.6666666 2.033333 0.471514 0.6666666 2.2 0.471514 0.6666667 2.366667 0.4715141 0.6666668 2.533333 0.4715141 0.6666668 1.866667 0.471514 0.4999999 2.033334 0.471514 0.5 2.2 0.471514 0.5 2.366667 0.4715141 0.5000001 2.533333 0.4715141 0.5000001 1.866667 0.471514 0.3333333 2.033334 0.471514 0.3333333 2.2 0.471514 0.3333334 2.366667 0.4715141 0.3333334 2.533334 0.4715141 0.3333334 1.866667 0.471514 0.1666665 2.033334 0.471514 0.1666666 2.2 0.4715141 0.1666666 2.366667 0.4715141 0.1666667 2.533334 0.4715141 0.1666668 1.7 0.6856575 0.8333332 1.7 0.6428288 0.8333332 1.7 0.6 0.8333332 1.7 0.5571714 0.8333331 1.7 0.5143427 0.8333331 1.7 0.6856575 0.6666665 1.7 0.6428288 0.6666665 1.7 0.6000001 0.6666665 1.7 0.5571714 0.6666665 1.7 0.5143427 0.6666665 1.7 0.6856575 0.4999998 1.7 0.6428288 0.4999998 1.7 0.6000001 0.4999998 1.7 0.5571714 0.4999998 1.7 0.5143427 0.4999998 1.7 0.6856575 0.3333332 1.7 0.6428288 0.3333332 1.7 0.6000001 0.3333332 1.7 0.5571714 0.3333332 1.7 0.5143427 0.3333332 1.7 0.6856575 0.1666665 1.7 0.6428288 0.1666665 1.7 0.6000001 0.1666665 1.7 0.5571714 0.1666665 1.7 0.5143427 0.1666665 2.533333 0.7284862 0.8333334 2.366667 0.7284862 0.8333334 2.2 0.7284862 0.8333333 2.033333 0.7284862 0.8333333 1.866667 0.7284862 0.8333333 2.533333 0.7284862 0.6666668 2.366667 0.7284862 0.6666668 2.2 0.7284862 0.6666666 2.033333 0.7284862 0.6666666 1.866667 0.7284862 0.6666666 2.533333 0.7284862 0.5000001 2.366667 0.7284862 0.5000001 2.2 0.7284862 0.5 2.033333 0.7284862 0.5 1.866667 0.7284862 0.4999999 2.533334 0.7284862 0.3333334 2.366667 0.7284862 0.3333334 2.2 0.7284862 0.3333333 2.033333 0.7284862 0.3333333 1.866667 0.7284862 0.3333333 2.533334 0.7284863 0.1666668 2.366667 0.7284862 0.1666667 2.2 0.7284862 0.1666666 2.033334 0.7284862 0.1666666 1.866667 0.7284862 0.1666666 2.533334 0.3711998 0 2.7 0.3711998 0 2.7 0.3711998 0.8333335 2.7 0.3711998 1 2.7 0.4140286 1 2.533333 0.3711998 1 2.7 0.3711998 0.1666668 2.7 0.3711998 0.3333334 2.7 0.3711998 0.5000001 2.7 0.3711998 0.6666668 2.7 0.4140286 0 2.533334 0.4140286 0 2.533333 0.4140285 1 2.533334 0.3711998 0.8333334 2.533334 0.3711998 0.6666668 2.533334 0.3711998 0.5000001 2.533334 0.3711998 0.3333334 2.533334 0.3711998 0.1666667 1.866667 1.528486 0 1.7 1.528486 -1.19209e-7 1.7 1.528486 0.8333333 1.7 1.528486 0.9999999 1.866667 1.528486 1 1.7 1.528486 0.1666665 1.7 1.528486 0.3333333 1.7 1.528486 0.4999999 1.7 1.528486 0.6666666 1.866667 1.528486 0.8333333 1.866667 1.528486 0.6666666 1.866667 1.528486 0.5 1.866667 1.528486 0.3333333 1.866667 1.528486 0.1666666 1.866667 2.528486 0 1.7 2.528486 -1.19209e-7 1.7 2.528486 0.8333333 1.7 2.528486 0.9999999 1.866667 2.528486 1 1.7 2.528486 0.1666665 1.7 2.528486 0.3333333 1.7 2.528486 0.4999999 1.7 2.528486 0.6666666 1.866667 2.528486 0.8333333 1.866667 2.528486 0.6666666 1.866667 2.528486 0.5 1.866667 2.528486 0.3333333 1.866667 2.528486 0.1666666 1.837003 -1.628486 0.8333334 1.837003 -1.628486 1 1.837003 -1.585657 1 1.837003 -1.628486 0 1.837003 -1.628486 0.1666666 1.837003 -1.628486 0.3333334 1.837003 -1.628486 0.5 1.837003 -1.628486 0.6666667 1.837003 -1.585657 0 1.837003 -1.585657 0.1666666 1.837003 -1.585657 0.3333333 1.837003 -1.585657 0.5 1.837003 -1.585657 0.6666667 1.837003 -1.585657 0.8333333 0.5333334 2.491514 0 0.7000001 2.491514 0 0.7000001 2.491514 0.8333334 0.7000001 2.491514 1 0.7000001 2.534342 1 0.7000001 2.491514 0.1666666 0.7000001 2.491514 0.3333334 0.7000001 2.491514 0.5 0.7000001 2.491514 0.6666667 0.5333334 2.491514 1 0.7000001 2.534342 0 0.5333334 2.534342 1 0.5333334 2.534342 0 0.7000001 2.534342 0.1666666 0.7000001 2.534342 0.3333333 0.7000001 2.534342 0.5 0.7000001 2.534342 0.6666667 0.7000001 2.534342 0.8333333 0.5333334 2.491514 0.1666666 0.5333334 2.491514 0.3333333 0.5333334 2.491514 0.5 0.5333334 2.491514 0.6666667 0.5333334 2.491514 0.8333334 1.866667 2.491514 1 1.7 2.491514 1 1.7 2.491514 0.1666666 1.7 2.491514 0 1.866667 2.491514 0 1.7 2.491514 0.8333333 1.7 2.491514 0.6666666 1.7 2.491514 0.5 1.7 2.491514 0.3333333 1.866667 2.491514 0.1666666 1.866667 2.491514 0.3333333 1.866667 2.491514 0.5 1.866667 2.491514 0.6666666 1.866667 2.491514 0.8333333 1.837003 2.491514 0.8333334 1.837003 2.491514 1 1.837003 2.534342 1 1.837003 2.491514 0 1.837003 2.491514 0.1666666 1.837003 2.491514 0.3333334 1.837003 2.491514 0.5 1.837003 2.491514 0.6666667 1.837003 2.534342 0 1.837003 2.534342 0.1666666 1.837003 2.534342 0.3333333 1.837003 2.534342 0.5 1.837003 2.534342 0.6666667 1.837003 2.534342 0.8333333</float_array>
          <technique_common>
            <accessor source="#Cube_002-mesh-positions-array" count="1067" stride="3">
              <param name="X" type="float"/>
              <param name="Y" type="float"/>
              <param name="Z" type="float"/>
            </accessor>
          </technique_common>
        </source>
        <source id="Cube_002-mesh-normals">
          <float_array id="Cube_002-mesh-normals-array" count="6216">0 -1 0 -1 0 0 0 1 0 0 0 -1 0 0 -1 0 0 1 0 0 1 0 0 1 0 0 1 0 0 1 0 0 1 0 0 1 0 0 1 0 0 1 0 0 1 0 0 1 0 0 1 0 0 1 0 0 1 0 0 1 0 0 1 0 0 1 0 0 1 0 0 1 0 0 1 0 0 1 0 0 1 0 0 1 0 0 1 0 0 1 0 0 1 0 0 1 0 0 1 0 0 1 0 0 1 0 0 1 0 0 1 0 0 1 0 0 1 0 0 1 0 0 1 -1 0 0 0 0 -1 0 0 -1 0 0 -1 0 0 -1 0 0 -1 0 0 -1 0 0 -1 0 0 -1 0 0 -1 0 0 -1 0 0 -1 0 0 -1 0 0 -1 0 0 -1 0 0 -1 0 0 -1 0 0 -1 0 0 -1 0 0 -1 0 0 -1 0 0 -1 0 0 -1 0 0 -1 0 0 -1 0 0 -1 0 0 -1 0 0 -1 0 0 -1 0 0 -1 0 0 -1 0 0 -1 0 0 -1 0 0 -1 0 0 -1 -1 0 0 1 0 0 1 0 0 0 0 1 -1 0 0 1 0 0 1 0 0 1 0 0 1 0 0 1 0 0 1 0 0 1 0 0 1 0 0 1 0 0 1 0 0 1 0 0 1 0 0 1 0 0 1 0 0 1 0 0 1 0 0 1 0 0 1 0 0 1 0 0 1 0 0 1 0 0 1 0 0 1 0 0 1 0 0 1 0 0 1 0 0 1 0 0 1 0 0 1 0 0 1 0 0 0 1 0 0 1 0 0 1 0 0 1 0 0 1 0 0 1 0 0 1 0 0 1 0 0 1 0 0 1 0 0 1 0 0 1 0 0 1 0 0 1 0 0 1 0 0 1 0 0 1 0 0 1 0 0 1 0 0 1 0 0 1 0 0 1 0 0 1 0 0 1 0 0 1 0 0 1 0 0 1 0 0 1 0 0 1 0 0 1 0 0 1 0 0 1 0 0 1 0 0 1 0 0 1 0 -1 0 0 -1 0 0 -1 0 0 -1 0 0 -1 0 0 -1 0 0 -1 0 0 -1 0 0 -1 0 0 -1 0 0 -1 0 0 -1 0 0 -1 0 0 -1 0 0 -1 0 0 -1 0 0 -1 0 0 -1 0 0 -1 0 0 -1 0 0 -1 0 0 -1 0 0 -1 0 0 -1 0 0 -1 0 0 -1 0 0 -1 0 0 -1 0 0 -1 0 0 -1 0 0 -1 0 0 -1 0 0 -1 0 0 -1 0 0 -1 0 0 0 -1 0 0 -1 0 0 -1 0 0 -1 0 0 -1 0 -1 0 -3.57628e-7 0 -1 0 0 -1 0 0 -1 0 7.15256e-7 -1 0 1 0 0 0 -1 0 0 -1 0 0 -1 0 7.15256e-7 -1 0 1 0 0 0 -1 0 0 -1 0 0 -1 0 7.15256e-7 -1 0 -1 0 0 0 -1 0 0 -1 0 0 -1 0 7.15256e-7 -1 0 -1 0 0 0 -1 0 0 -1 0 0 -1 0 7.15256e-7 -1 0 0 0 1 0 -1 0 0 -1 0 0 -1 0 7.15256e-7 -1 0 0 -1 0 0 0 1 0 0 -1 0 0 1 0 1 0 0 0 -1 0 -1 0 0 1 0 0 -1 0 0 -1 0 0 -1 0 0 -1 0 0 -1 0 0 -1 0 1 0 0 1 0 0 0 -1 0 -1 0 0 0 0 1 1 0 0 1 0 0 0 0 1 -1 0 0 0 0 1 0 0 1 0 0 1 0 0 1 0 0 1 0 0 1 0 0 1 0 0 1 0 0 1 0 0 1 0 0 1 0 0 1 0 0 1 0 0 1 0 0 1 0 0 1 0 0 1 0 0 1 0 0 1 0 0 1 0 0 1 0 0 1 0 0 1 0 0 1 0 0 1 0 0 1 0 0 1 0 0 1 0 0 1 0 0 1 0 0 1 0 0 1 0 0 1 0 0 1 0 0 -1 0 0 -1 0 0 -1 0 0 -1 0 0 -1 0 0 -1 0 0 -1 0 0 -1 0 0 -1 0 0 -1 0 0 -1 0 0 -1 0 0 -1 0 0 -1 0 0 -1 0 0 -1 0 0 -1 0 0 -1 0 0 -1 0 0 -1 0 0 -1 0 0 -1 0 0 -1 0 0 -1 0 0 -1 0 0 -1 0 0 -1 0 0 -1 0 0 -1 0 0 -1 0 0 -1 0 0 -1 0 0 -1 0 0 -1 0 0 -1 1 0 0 1 0 0 1 0 0 1 0 0 1 0 0 1 0 0 1 0 0 1 0 0 1 0 0 1 0 0 1 0 0 1 0 0 1 0 0 1 0 0 1 0 0 1 0 0 1 0 0 1 0 0 1 0 0 1 0 0 1 0 0 1 0 0 1 0 0 1 0 0 1 0 0 1 0 0 1 0 0 1 0 0 1 0 0 1 0 0 1 0 0 1 0 0 1 0 0 1 0 0 1 0 0 -1 0 3.57628e-7 0 0 1 -1 0 0 0 0 -1 -1 0 0 0 1 0 0 1 0 0 1 0 0 1 0 -3.57628e-7 1 0 0 1 0 0 1 0 0 1 0 0 1 0 -3.57628e-7 1 0 0 1 0 0 1 0 0 1 0 0 1 0 -3.57628e-7 1 0 0 1 0 0 1 0 0 1 0 0 1 0 -3.57628e-7 1 0 0 1 0 0 1 0 0 1 0 0 1 0 -3.57628e-7 1 0 0 1 0 0 1 0 0 1 0 0 1 0 -3.57628e-7 1 0 -1 0 0 -1 0 0 -1 0 0 -1 0 0 -1 0 0 -1 0 0 -1 0 0 -1 0 0 -1 0 0 -1 0 0 -1 0 0 -1 0 0 -1 0 0 -1 0 0 -1 0 0 -1 0 0 -1 0 0 -1 0 0 -1 0 0 -1 0 0 -1 0 0 -1 0 0 -1 0 0 -1 0 0 -1 0 0 -1 0 0 -1 0 0 -1 0 0 -1 0 0 -1 0 0 -1 0 0 -1 0 0 -1 0 0 -1 0 0 -1 0 0 0 -1 0 0 -1 0 0 -1 0 0 -1 0 0 -1 0 0 -1 0 0 -1 0 0 -1 0 0 -1 0 1.78814e-7 -1 0 0 -1 0 0 -1 0 0 -1 0 0 -1 0 1.78814e-7 -1 0 0 -1 0 0 -1 0 0 -1 0 0 -1 0 1.78814e-7 -1 0 0 -1 0 0 -1 0 0 -1 0 0 -1 0 1.78814e-7 -1 0 0 -1 0 0 -1 0 0 -1 0 0 -1 0 1.78814e-7 -1 0 0 -1 0 0 -1 0 0 -1 0 0 -1 0 1.78814e-7 -1 0 1 0 0 0 0 -1 -1 0 0 1 0 0 0 0 -1 -1 0 3.57628e-7 1 0 0 0 0 1 0 0 -1 1 0 0 1 0 0 -1 0 0 -1 0 0 0 0 1 0 0 -1 1 0 0 1 0 0 1 0 0 0 1 0 0 0 -1 0 0 1 0 1 0 0 1 0 0 1 0 0 1 0 0 1 0 -1 0 0 1 0 0 -1 0 0 1 0 0 -1 0 0 1 0 0 0 0 1 -1 0 0 0 0 1 0 0 1 1 0 0 -1 0 0 0 0 1 1 0 0 1 0 0 0 0 1 -1 0 0 0 0 1 0 0 1 0 0 1 0 0 1 0 0 1 0 0 1 0 0 1 0 0 1 0 0 1 0 0 1 0 0 1 0 0 1 0 0 1 0 0 1 0 0 1 0 0 1 0 0 1 0 0 1 0 0 1 0 0 1 0 0 1 0 0 1 0 0 1 0 0 1 0 0 1 0 0 1 0 0 1 0 0 1 0 0 1 0 0 1 0 0 1 0 0 1 0 0 1 0 0 1 0 0 -1 0 0 -1 0 0 -1 0 0 -1 0 0 -1 0 0 -1 0 0 -1 0 0 -1 0 0 -1 0 0 -1 0 0 -1 0 0 -1 0 0 -1 0 0 -1 0 0 -1 0 0 -1 0 0 -1 0 0 -1 0 0 -1 0 0 -1 0 0 -1 0 0 -1 0 0 -1 0 0 -1 0 0 -1 0 0 -1 0 0 -1 0 0 -1 0 0 -1 0 0 -1 0 0 -1 0 0 -1 0 0 -1 0 0 -1 0 0 -1 1 0 0 1 0 0 1 0 0 1 0 0 1 0 0 1 0 0 1 0 0 1 0 0 1 0 0 1 0 0 1 0 0 1 0 0 1 0 0 1 0 0 1 0 0 1 0 0 1 0 0 1 0 0 1 0 0 1 0 0 1 0 0 1 0 0 1 0 0 1 0 0 1 0 0 1 0 0 1 0 0 1 0 0 1 0 0 1 0 0 1 0 0 1 0 0 1 0 0 1 0 0 1 0 0 -1 0 0 0 0 1 -1 0 0 0 0 1 -1 0 0 0 1 0 0 1 0 0 1 0 0 1 0 0 1 0 0 1 0 0 1 0 0 1 0 0 1 0 0 1 0 0 1 0 0 1 0 0 1 0 0 1 0 0 1 0 0 1 0 0 1 0 0 1 0 0 1 0 0 1 0 0 1 0 0 1 0 0 1 0 0 1 0 0 1 0 0 1 0 0 1 0 0 1 0 0 1 0 0 1 0 -1 0 0 -1 0 0 -1 0 0 -1 0 0 -1 0 0 -1 0 0 -1 0 0 -1 0 0 -1 0 0 -1 0 0 -1 0 0 -1 0 0 -1 0 0 -1 0 0 -1 0 0 -1 0 0 -1 0 0 -1 0 0 -1 0 0 -1 0 0 -1 0 0 -1 0 0 -1 0 0 -1 0 0 -1 0 0 -1 0 0 -1 0 0 -1 0 0 -1 0 0 -1 0 0 -1 0 0 -1 0 0 -1 0 0 -1 0 0 -1 0 0 -1 0 0 -1 0 0 0 0 -1 1 0 0 1 0 0 0 -1 0 0 -1 0 0 -1 0 0 -1 0 7.15256e-7 -1 0 0 -1 0 0 -1 0 0 -1 0 0 -1 0 7.15256e-7 -1 0 0 -1 0 0 -1 0 0 -1 0 0 -1 0 7.15256e-7 -1 0 0 -1 0 0 -1 0 0 -1 0 0 -1 0 7.15256e-7 -1 0 0 -1 0 0 -1 0 0 -1 0 0 -1 0 7.15256e-7 -1 0 0 -1 0 0 -1 0 0 -1 0 0 -1 0 7.15256e-7 -1 0 0 1 0 0 0 -1 0 0 1 0 1 0 0 1 0 0 1 0 0 1 0 0 1 0 0 0 1 1 0 0 1 0 0 -1 0 0 -1 0 0 0 0 1 0 0 -1 1 0 0 1 0 0 1 0 0 0 -1 0 0 -1 0 0 -1 0 0 -1 0 0 -1 0 0 -1 0 1 0 0 -1 0 0 -1 0 0 -1 0 0 1 0 0 1 0 0 0 0 1 -1 0 0 1 0 0 -1 0 -1.43051e-6 1.78814e-7 8.91269e-7 -1 1 0 1.43051e-6 1 0 0 3.57628e-7 0 -1 -1 -2.37672e-6 -1.43051e-6 1.78814e-7 0 -1 1.78814e-7 0 -1 1.78814e-7 0 -1 3.57628e-7 0 -1 3.57628e-7 0 -1 3.57628e-7 0 -1 3.57628e-7 0 -1 3.57628e-7 0 -1 1.78814e-7 6.95849e-7 -1 3.57628e-7 0 -1 3.57628e-7 0 -1 3.57628e-7 0 -1 3.57628e-7 0 -1 3.57628e-7 0 -1 3.57628e-7 0 -1 3.57628e-7 0 -1 3.57628e-7 0 -1 3.57628e-7 0 -1 3.57628e-7 0 -1 3.57628e-7 0 -1 3.57628e-7 0 -1 3.57628e-7 0 -1 3.57628e-7 0 -1 3.57628e-7 0 -1 3.57628e-7 0 -1 3.57628e-7 0 -1 3.57628e-7 0 -1 3.57628e-7 0 -1 3.57628e-7 0 -1 3.57628e-7 0 -1 3.57628e-7 0 -1 3.57628e-7 0 -1 3.57628e-7 0 -1 3.57628e-7 0 -1 -7.15256e-7 0 1 -7.15256e-7 0 1 -7.15256e-7 0 1 -7.15256e-7 0 1 -7.15256e-7 0 1 0 0 1 -3.57628e-7 0 1 -3.57628e-7 0 1 0 0 1 -7.15255e-7 0 1 0 0 1 -3.57628e-7 0 1 -3.57628e-7 0 1 0 0 1 -7.15255e-7 0 1 0 0 1 -3.57628e-7 0 1 -3.57628e-7 0 1 0 0 1 -7.15255e-7 0 1 0 0 1 -3.57628e-7 0 1 -3.57628e-7 0 1 0 0 1 -7.15255e-7 0 1 -3.57628e-7 0 1 -3.57628e-7 0 1 -3.57628e-7 0 1 0 0 1 -7.15255e-7 0 1 -3.57628e-7 0 1 -3.57628e-7 0 1 -3.57628e-7 0 1 0 0 1 -7.15255e-7 0 1 1 0 1.43051e-6 1 0 0 1 0 0 1 0 0 1 0 0 1 0 1.43051e-6 1 0 1.43051e-6 1 0 1.43051e-6 1 0 1.43051e-6 1 0 1.43051e-6 1 0 0 1 0 0 1 0 0 1 0 0 1 0 0 1 0 0 1 0 0 1 0 0 1 0 0 1 0 0 1 0 0 1 0 0 1 0 0 1 0 0 1 0 0 1 0 0 1 0 0 1 0 0 1 0 0 1 0 0 1 0 1.43051e-6 1 0 1.43051e-6 1 0 1.43051e-6 1 0 1.43051e-6 1 0 1.43051e-6 -1 0 0 -0.4472136 0 -0.8944272 -1 0 0 -0.18311 -1.01933e-6 0.9830924 -1 -2.37672e-6 0 1.78814e-7 -1 0 0 -1 0 0 -1 0 1.78814e-7 -1 0 1.78814e-7 -1 0 1.78814e-7 -1 0 0 -1 0 0 -1 -1.78814e-7 1.78814e-7 -1 -1.78814e-7 1.78814e-7 -1 -1.78814e-7 0 -1 0 0 -1 0 1.78814e-7 -1 0 1.78814e-7 -1 0 0 -1 0 0 -1 0 0 -1 0 1.78814e-7 -1 0 1.78814e-7 -1 0 0 -1 0 0 -1 0 0 -1 -1.78814e-7 1.78814e-7 -1 -1.78814e-7 1.78814e-7 -1 -1.78814e-7 0 -1 0 0 -1 0 1.78814e-7 -1 0 1.78814e-7 -1 0 0 -1 0 0 -1 0 -1 0 -7.15256e-7 -1 0 -7.15256e-7 -1 0 0 -1 0 0 -1 0 0 -1 0 -7.15256e-7 -1 0 -7.15256e-7 -1 0 -7.15256e-7 -1 0 -7.15256e-7 -1 0 -7.15256e-7 -1 0 -7.15256e-7 -1 0 -7.15256e-7 -1 0 -7.15256e-7 -1 0 -7.15256e-7 -1 0 -7.15256e-7 -1 0 0 -1 0 0 -1 0 0 -1 0 0 -1 0 0 -1 0 0 -1 0 0 -1 0 0 -1 0 0 -1 0 0 -1 0 0 -1 0 0 -1 0 0 -1 0 0 -1 0 0 -1 0 -1.43051e-6 -1 0 -1.43051e-6 -1 0 -1.43051e-6 -1 0 -1.43051e-6 -1 0 -1.43051e-6 -1 0 0 -1 -2.98023e-7 -1.43051e-6 0 0 1 1 0 0 1 0 0 -3.57628e-7 1 0 0 1 0 0 1 0 0 1 0 0 1 0 -3.57628e-7 1 3.57628e-7 0 1 3.57628e-7 0 1 0 0 1 0 0 1 0 -3.57628e-7 1 0 -3.57628e-7 1 0 0 1 0 0 1 0 0 1 0 -3.57628e-7 1 0 -3.57628e-7 1 0 0 1 0 0 1 0 0 1 0 -3.57628e-7 1 0 -3.57628e-7 1 3.57628e-7 0 1 3.57628e-7 0 1 0 0 1 0 0 1 0 -3.57628e-7 1 0 -3.57628e-7 1 0 0 1 0 0 1 0 1.78814e-7 -1 0 -7.15255e-7 0 1 3.57628e-7 0 -1 0 -1 0 0 -1 0 0 -1 0 0 -1 0 0 -1 -1.78814e-7 1 0 0 1 2.37672e-6 0 1 2.37672e-6 1.43051e-6 -1 -2.37672e-6 0 -1 0 0 1 0 0 -7.15255e-7 -1.18836e-6 1 1 0 0 1 0 0 1 0 0 -1 0 0 -1 0 0 1 0 0 -1 0 0 1 0 0 -3.57628e-7 0 1 1 2.98023e-7 0 -1 0 0 -1 0 0 -1 -1.49012e-7 -7.15256e-7 1 0 1.43051e-6 1 0 0 3.57628e-7 0 -1 -1 -1.49012e-7 -7.15256e-7 0 1 0 0 1 0 0 1 0 0 1 0 0 1 0 0 1 0 1 0 0 -1 0 -7.15256e-7 1 0 0 -1 0 -7.15256e-7 3.57628e-7 0 -1 1 0 0 -1 0 0 1 0 1.43051e-6 1 0 0 1 0 0 1 0 0 1 0 0 1 0 0 1 0 0 0 -1 0 0 1 0 0 -1 0 0 1 0 0 -1 0 0 1 0 0 -1 0 0 1 0 0 -1 0 0 0 1 0 0 -1 0 0 1 0 1 0 0 0 -1 0 -1 0 0 1 0 0 -1 0 0 -1 0 0 -1 0 0 -1 0 0 -1 0 0 -1 0 0 -1 0 0 -1 0 0 -1 0 0 -1 0 0 -1 0 0 -1 0 0 -1 0 0 1 0 0 -1 0 0 1 0 0 -1 0 0 1 0 0 -1 0 0 1 0 0 -1 0 -1 0 0 0 1 0 0 0 -1 0 0 -1 0 0 1 0 0 1 0 0 1 0 0 1 0 0 1 0 0 1 0 0 1 0 0 1 0 0 1 0 0 1 0 0 1 0 0 1 0 0 1 0 0 1 0 0 1 0 0 1 0 0 1 0 0 1 0 0 1 0 0 1 0 0 1 0 0 1 0 0 1 0 0 1 0 0 1 0 0 1 0 0 1 0 0 1 0 0 1 0 0 1 0 0 1 0 0 1 0 0 1 0 0 1 0 0 1 0 0 1 -1 0 0 0 0 -1 0 0 -1 0 0 -1 0 0 -1 0 0 -1 0 0 -1 0 0 -1 0 0 -1 0 0 -1 0 0 -1 0 0 -1 0 0 -1 0 0 -1 0 0 -1 0 0 -1 0 0 -1 0 0 -1 0 0 -1 0 0 -1 0 0 -1 0 0 -1 0 0 -1 0 0 -1 0 0 -1 0 0 -1 0 0 -1 0 0 -1 0 0 -1 0 0 -1 0 0 -1 0 0 -1 0 0 -1 0 0 -1 0 0 -1 -1 0 0 1 0 0 1 0 0 0 0 1 -1 0 0 1 0 0 1 0 0 1 0 0 1 0 0 1 0 0 1 0 0 1 0 0 1 0 0 1 0 0 1 0 0 1 0 0 1 0 0 1 0 0 1 0 0 1 0 0 1 0 0 1 0 0 1 0 0 1 0 0 1 0 0 1 0 0 1 0 0 1 0 0 1 0 0 1 0 0 1 0 0 1 0 0 1 0 0 1 0 0 1 0 0 0 1 0 0 1 0 0 1 0 0 1 0 0 1 0 0 1 0 0 1 0 0 1 0 0 1 0 0 1 0 0 1 0 0 1 0 0 1 0 0 1 0 0 1 0 0 1 0 0 1 0 0 1 0 0 1 0 0 1 0 0 1 0 0 1 0 0 1 0 0 1 0 0 1 0 0 1 0 0 1 0 0 1 0 0 1 0 0 1 0 0 1 0 0 1 0 0 1 0 0 1 0 0 1 0 -1 0 0 -1 0 0 -1 0 0 -1 0 0 -1 0 0 -1 0 0 -1 0 0 -1 0 0 -1 0 0 -1 0 0 -1 0 0 -1 0 0 -1 0 0 -1 0 0 -1 0 0 -1 0 0 -1 0 0 -1 0 0 -1 0 0 -1 0 0 -1 0 0 -1 0 0 -1 0 0 -1 0 0 -1 0 0 -1 0 0 -1 0 0 -1 0 0 -1 0 0 -1 0 0 -1 0 0 -1 0 0 -1 0 0 -1 0 0 -1 0 0 0 -1 0 0 -1 0 0 -1 0 0 -1 0 0 -1 0 -1 0 -3.57628e-7 0 -1 0 0 -1 0 0 -1 0 7.15256e-7 -1 0 1 0 0 0 -1 0 0 -1 0 0 -1 0 7.15256e-7 -1 0 1 0 0 0 -1 0 0 -1 0 0 -1 0 7.15256e-7 -1 0 -1 0 0 0 -1 0 0 -1 0 0 -1 0 7.15256e-7 -1 0 -1 0 0 0 -1 0 0 -1 0 0 -1 0 7.15256e-7 -1 0 0 0 1 0 -1 0 0 -1 0 0 -1 0 7.15256e-7 -1 0 0 -1 0 0 0 1 0 0 -1 0 0 1 0 1 0 0 0 -1 0 -1 0 0 1 0 0 -1 0 0 -1 0 0 -1 0 0 -1 0 0 -1 0 0 -1 0 1 0 0 1 0 0 0 -1 0 -1 0 0 0 0 1 1 0 0 1 0 0 0 0 1 -1 0 0 0 0 1 0 0 1 0 0 1 0 0 1 0 0 1 0 0 1 0 0 1 0 0 1 0 0 1 0 0 1 0 0 1 0 0 1 0 0 1 0 0 1 0 0 1 0 0 1 0 0 1 0 0 1 0 0 1 0 0 1 0 0 1 0 0 1 0 0 1 0 0 1 0 0 1 0 0 1 0 0 1 0 0 1 0 0 1 0 0 1 0 0 1 0 0 1 0 0 1 0 0 1 0 0 -1 0 0 -1 0 0 -1 0 0 -1 0 0 -1 0 0 -1 0 0 -1 0 0 -1 0 0 -1 0 0 -1 0 0 -1 0 0 -1 0 0 -1 0 0 -1 0 0 -1 0 0 -1 0 0 -1 0 0 -1 0 0 -1 0 0 -1 0 0 -1 0 0 -1 0 0 -1 0 0 -1 0 0 -1 0 0 -1 0 0 -1 0 0 -1 0 0 -1 0 0 -1 0 0 -1 0 0 -1 0 0 -1 0 0 -1 0 0 -1 1 0 0 1 0 0 1 0 0 1 0 0 1 0 0 1 0 0 1 0 0 1 0 0 1 0 0 1 0 0 1 0 0 1 0 0 1 0 0 1 0 0 1 0 0 1 0 0 1 0 0 1 0 0 1 0 0 1 0 0 1 0 0 1 0 0 1 0 0 1 0 0 1 0 0 1 0 0 1 0 0 1 0 0 1 0 0 1 0 0 1 0 0 1 0 0 1 0 0 1 0 0 1 0 0 -1 0 3.57628e-7 0 0 1 -1 0 0 0 0 -1 -1 0 0 0 1 0 0 1 0 0 1 0 0 1 0 -3.57628e-7 1 0 0 1 0 0 1 0 0 1 0 0 1 0 -3.57628e-7 1 0 0 1 0 0 1 0 0 1 0 0 1 0 -3.57628e-7 1 0 0 1 0 0 1 0 0 1 0 0 1 0 -3.57628e-7 1 0 0 1 0 0 1 0 0 1 0 0 1 0 -3.57628e-7 1 0 0 1 0 0 1 0 0 1 0 0 1 0 -3.57628e-7 1 0 -1 0 0 -1 0 0 -1 0 0 -1 0 0 -1 0 0 -1 0 0 -1 0 0 -1 0 0 -1 0 0 -1 0 0 -1 0 0 -1 0 0 -1 0 0 -1 0 0 -1 0 0 -1 0 0 -1 0 0 -1 0 0 -1 0 0 -1 0 0 -1 0 0 -1 0 0 -1 0 0 -1 0 0 -1 0 0 -1 0 0 -1 0 0 -1 0 0 -1 0 0 -1 0 0 -1 0 0 -1 0 0 -1 0 0 -1 0 0 -1 0 0 0 -1 0 0 -1 0 0 -1 0 0 -1 0 0 -1 0 0 -1 0 0 -1 0 0 -1 0 0 -1 0 1.78814e-7 -1 0 0 -1 0 0 -1 0 0 -1 0 0 -1 0 1.78814e-7 -1 0 0 -1 0 0 -1 0 0 -1 0 0 -1 0 1.78814e-7 -1 0 0 -1 0 0 -1 0 0 -1 0 0 -1 0 1.78814e-7 -1 0 0 -1 0 0 -1 0 0 -1 0 0 -1 0 1.78814e-7 -1 0 0 -1 0 0 -1 0 0 -1 0 0 -1 0 1.78814e-7 -1 0 1 0 0 0 0 -1 -1 0 0 1 0 0 0 0 -1 -1 0 3.57628e-7 1 0 0 0 0 1 0 0 -1 1 0 0 1 0 0 -1 0 0 -1 0 0 0 0 1 0 0 -1 1 0 0 1 0 0 1 0 0 0 1 0 0 0 -1 0 0 1 0 1 0 0 1 0 0 1 0 0 1 0 0 1 0 -1 0 0 1 0 0 -1 0 0 1 0 0 -1 0 0 1 0 0 0 0 1 -1 0 0 0 0 1 0 0 1 1 0 0 -1 0 0 0 0 1 1 0 0 1 0 0 0 0 1 -1 0 0 0 0 1 0 0 1 0 0 1 0 0 1 0 0 1 0 0 1 0 0 1 0 0 1 0 0 1 0 0 1 0 0 1 0 0 1 0 0 1 0 0 1 0 0 1 0 0 1 0 0 1 0 0 1 0 0 1 0 0 1 0 0 1 0 0 1 0 0 1 0 0 1 0 0 1 0 0 1 0 0 1 0 0 1 0 0 1 0 0 1 0 0 1 0 0 1 0 0 1 0 0 1 0 0 -1 0 0 -1 0 0 -1 0 0 -1 0 0 -1 0 0 -1 0 0 -1 0 0 -1 0 0 -1 0 0 -1 0 0 -1 0 0 -1 0 0 -1 0 0 -1 0 0 -1 0 0 -1 0 0 -1 0 0 -1 0 0 -1 0 0 -1 0 0 -1 0 0 -1 0 0 -1 0 0 -1 0 0 -1 0 0 -1 0 0 -1 0 0 -1 0 0 -1 0 0 -1 0 0 -1 0 0 -1 0 0 -1 0 0 -1 0 0 -1 1 0 0 1 0 0 1 0 0 1 0 0 1 0 0 1 0 0 1 0 0 1 0 0 1 0 0 1 0 0 1 0 0 1 0 0 1 0 0 1 0 0 1 0 0 1 0 0 1 0 0 1 0 0 1 0 0 1 0 0 1 0 0 1 0 0 1 0 0 1 0 0 1 0 0 1 0 0 1 0 0 1 0 0 1 0 0 1 0 0 1 0 0 1 0 0 1 0 0 1 0 0 1 0 0 -1 0 0 0 0 1 -1 0 0 0 0 1 -1 0 0 0 1 0 0 1 0 0 1 0 0 1 0 0 1 0 0 1 0 0 1 0 0 1 0 0 1 0 0 1 0 0 1 0 0 1 0 0 1 0 0 1 0 0 1 0 0 1 0 0 1 0 0 1 0 0 1 0 0 1 0 0 1 0 0 1 0 0 1 0 0 1 0 0 1 0 0 1 0 0 1 0 0 1 0 0 1 0 0 1 0 -1 0 0 -1 0 0 -1 0 0 -1 0 0 -1 0 0 -1 0 0 -1 0 0 -1 0 0 -1 0 0 -1 0 0 -1 0 0 -1 0 0 -1 0 0 -1 0 0 -1 0 0 -1 0 0 -1 0 0 -1 0 0 -1 0 0 -1 0 0 -1 0 0 -1 0 0 -1 0 0 -1 0 0 -1 0 0 -1 0 0 -1 0 0 -1 0 0 -1 0 0 -1 0 0 -1 0 0 -1 0 0 -1 0 0 -1 0 0 -1 0 0 -1 0 0 -1 0 0 0 0 -1 1 0 0 1 0 0 0 -1 0 0 -1 0 0 -1 0 0 -1 0 7.15256e-7 -1 0 0 -1 0 0 -1 0 0 -1 0 0 -1 0 7.15256e-7 -1 0 0 -1 0 0 -1 0 0 -1 0 0 -1 0 7.15256e-7 -1 0 0 -1 0 0 -1 0 0 -1 0 0 -1 0 7.15256e-7 -1 0 0 -1 0 0 -1 0 0 -1 0 0 -1 0 7.15256e-7 -1 0 0 -1 0 0 -1 0 0 -1 0 0 -1 0 7.15256e-7 -1 0 0 1 0 0 0 -1 0 0 1 0 1 0 0 1 0 0 1 0 0 1 0 0 1 0 0 0 1 1 0 0 1 0 0 -1 0 0 -1 0 0 0 0 1 0 0 -1 1 0 0 1 0 0 1 0 0 0 -1 0 0 -1 0 0 -1 0 0 -1 0 0 -1 0 0 -1 0 1 0 0 -1 0 0 -1 0 0 -1 0 0 1 0 0 1 0 0 0 0 1 -1 0 0 1 0 0 -1 0 -1.43051e-6 3.57628e-7 5.9418e-7 -1 1 0 1.43051e-6 1 2.37672e-6 1.43051e-6 3.57628e-7 0 -1 -1 0 0 1.78814e-7 0 -1 1.78814e-7 0 -1 3.57628e-7 6.95849e-7 -1 3.57628e-7 0 -1 3.57628e-7 0 -1 3.57628e-7 0 -1 3.57628e-7 0 -1 3.57628e-7 0 -1 3.57628e-7 0 -1 3.57628e-7 0 -1 3.57628e-7 0 -1 3.57628e-7 0 -1 3.57628e-7 0 -1 3.57628e-7 0 -1 3.57628e-7 0 -1 3.57628e-7 0 -1 3.57628e-7 0 -1 3.57628e-7 0 -1 3.57628e-7 0 -1 3.57628e-7 0 -1 3.57628e-7 0 -1 3.57628e-7 0 -1 3.57628e-7 0 -1 3.57628e-7 0 -1 3.57628e-7 0 -1 3.57628e-7 0 -1 3.57628e-7 0 -1 3.57628e-7 0 -1 3.57628e-7 0 -1 3.57628e-7 0 -1 3.57628e-7 0 -1 3.57628e-7 0 -1 3.57628e-7 0 -1 3.57628e-7 0 -1 -7.15256e-7 0 1 -7.15256e-7 0 1 -7.15256e-7 0 1 -7.15256e-7 0 1 -7.15256e-7 0 1 0 0 1 -3.57628e-7 0 1 -3.57628e-7 0 1 0 0 1 -7.15255e-7 0 1 0 0 1 -3.57628e-7 0 1 -3.57628e-7 0 1 0 0 1 -7.15255e-7 0 1 0 0 1 -3.57628e-7 0 1 -3.57628e-7 0 1 0 0 1 -7.15255e-7 0 1 -3.57628e-7 -1.3917e-6 1 -3.57628e-7 0 1 -3.57628e-7 0 1 0 0 1 -7.15255e-7 0 1 -3.57628e-7 0 1 -3.57628e-7 0 1 -3.57628e-7 0 1 0 0 1 -7.15255e-7 0 1 -3.57628e-7 0 1 -3.57628e-7 0 1 -3.57628e-7 0 1 0 0 1 -7.15255e-7 0 1 1 0 1.43051e-6 1 0 0 1 0 0 1 0 0 1 0 0 1 0 1.43051e-6 1 0 1.43051e-6 1 0 1.43051e-6 1 0 1.43051e-6 1 0 1.43051e-6 1 0 0 1 0 0 1 0 0 1 0 0 1 0 0 1 0 0 1 0 0 1 0 0 1 0 0 1 0 0 1 0 0 1 0 0 1 0 0 1 0 0 1 0 0 1 0 0 1 0 0 1 0 0 1 0 0 1 0 0 1 0 1.43051e-6 1 0 1.43051e-6 1 0 1.43051e-6 1 0 1.43051e-6 1 0 1.43051e-6 -1 -2.37672e-6 -1.43051e-6 -0.4472136 0 -0.8944272 -1 0 0 -1 0 0 -1 -2.37672e-6 0 1.78814e-7 -1 0 0 -1 0 0 -1 0 1.78814e-7 -1 0 1.78814e-7 -1 0 0 -1 -1.78814e-7 0 -1 0 1.78814e-7 -1 0 1.78814e-7 -1 -1.78814e-7 0 -1 0 0 -1 0 0 -1 0 1.78814e-7 -1 0 1.78814e-7 -1 0 0 -1 0 0 -1 0 0 -1 0 1.78814e-7 -1 0 1.78814e-7 -1 0 0 -1 0 0 -1 0 1.78814e-7 -1 0 1.78814e-7 -1 -1.78814e-7 0 -1 0 0 -1 0 0 -1 0 1.78814e-7 -1 0 1.78814e-7 -1 0 0 -1 0 0 -1 0 -1 0 -7.15256e-7 -1 0 -7.15256e-7 -1 0 0 -1 0 0 -1 0 0 -1 0 -7.15256e-7 -1 0 -7.15256e-7 -1 0 -7.15256e-7 -1 0 -7.15256e-7 -1 0 -7.15256e-7 -1 0 -7.15256e-7 -1 0 -7.15256e-7 -1 0 -7.15256e-7 -1 0 -7.15256e-7 -1 0 -7.15256e-7 -1 0 0 -1 0 0 -1 0 0 -1 0 0 -1 0 0 -1 0 0 -1 0 0 -1 0 0 -1 0 0 -1 0 0 -1 0 0 -1 0 0 -1 0 0 -1 0 0 -1 0 0 -1 0 -1.43051e-6 -1 0 -1.43051e-6 -1 0 -1.43051e-6 -1 0 -1.43051e-6 -1 0 -1.43051e-6 -1 0 0 -1 0 0 -3.57628e-7 0 1 1 0 0 1 0 0 -3.57628e-7 1 0 0 1 0 0 1 0 0 1 0 0 1 0 -3.57628e-7 1 3.57628e-7 -3.57628e-7 1 0 0 1 0 0 1 0 0 1 0 -3.57628e-7 1 0 -3.57628e-7 1 0 0 1 0 0 1 0 0 1 0 -3.57628e-7 1 0 -3.57628e-7 1 0 0 1 0 0 1 0 0 1 0 0 1 3.57628e-7 -3.57628e-7 1 3.57628e-7 -3.57628e-7 1 0 0 1 0 0 1 0 0 1 0 -3.57628e-7 1 0 -3.57628e-7 1 0 0 1 0 0 1 0 1.78814e-7 -1 0 -7.15255e-7 0 1 3.57628e-7 0 -1 0 -1 0 0 -1 0 0 -1 0 0 -1 0 1.78814e-7 -1 0 1 0 0 1 2.37672e-6 0 1 0 0 -1 -2.37672e-6 0 -1 -2.37672e-6 -1.43051e-6 1 0 0 -7.15256e-7 -1.18836e-6 1 1 0 0 1 2.37672e-6 1.43051e-6 1 0 0 -1 0 0 -1 0 0 1 0 0 -1 0 0 1 0 0 -3.57628e-7 0 1 1 0 1.43051e-6 -1 0 0 -1 -1.49012e-7 -7.15256e-7 -1 -1.49012e-7 -7.15256e-7 1 2.98023e-7 0 1 0 0 3.57628e-7 0 -1 -1 0 0 0 1 0 0 1 0 0 1 0 0 1 0 0 1 0 0 1 0 1 0 0 -1 0 -7.15256e-7 1 0 0 -1 0 -7.15256e-7 3.57628e-7 0 -1 1 0 0 -1 0 0 1 0 1.43051e-6 1 0 0 1 0 0 1 0 0 1 0 0 1 0 0 1 0 0 0 -1 0 0 1 0 0 -1 0 0 1 0 0 -1 0 0 1 0 0 -1 0 0 1 0 0 -1 0 0 0 1 0 0 -1 0 0 1 0 1 0 0 0 -1 0 -1 0 0 1 0 0 -1 0 0 -1 0 0 -1 0 0 -1 0 0 -1 0 0 -1 0 0 -1 0 0 -1 0 0 -1 0 0 -1 0 0 -1 0 0 -1 0 0 -1 0 0 1 0 0 -1 0 0 1 0 0 -1 0 0 1 0 0 -1 0 0 1 0</float_array>
          <technique_common>
            <accessor source="#Cube_002-mesh-normals-array" count="2072" stride="3">
              <param name="X" type="float"/>
              <param name="Y" type="float"/>
              <param name="Z" type="float"/>
            </accessor>
          </technique_common>
        </source>
        <source id="Cube_002-mesh-map-0">
          <float_array id="Cube_002-mesh-map-0-array" count="12432">0.625 0.2083333 0.5833333 0.25 0.5833333 0.2083333 0.625 0.4583333 0.5833333 0.5 0.5833333 0.4583333 0.625 0.7083333 0.5833333 0.75 0.5833333 0.7083333 0.1666666 0.75 0.1666666 0.7083333 0.1666666 0.7083333 0.3333333 0.7083333 0.375 0.75 0.3333333 0.75 0.875 0.7083333 0.8333333 0.7083333 0.8333333 0.7083333 0.625 0.7083333 0.6666666 0.75 0.625 0.75 0.6666666 0.7083333 0.7083333 0.75 0.6666666 0.75 0.75 0.7083333 0.7083333 0.75 0.7083333 0.7083333 0.7916666 0.7083333 0.75 0.75 0.75 0.7083333 0.8333333 0.7083333 0.7916666 0.75 0.7916666 0.7083333 0.6666666 0.5 0.625 0.5416666 0.625 0.5 0.6666666 0.5416666 0.625 0.5833333 0.625 0.5416666 0.6666666 0.5833333 0.625 0.625 0.625 0.5833333 0.6666666 0.625 0.625 0.6666666 0.625 0.625 0.6666666 0.6666666 0.625 0.7083333 0.625 0.6666666 0.7083333 0.5 0.6666666 0.5416666 0.6666666 0.5 0.7083333 0.5416666 0.6666666 0.5833333 0.6666666 0.5416666 0.7083333 0.5833333 0.6666666 0.625 0.6666666 0.5833333 0.7083333 0.625 0.6666666 0.6666666 0.6666666 0.625 0.7083333 0.6666666 0.6666666 0.7083333 0.6666666 0.6666666 0.75 0.5 0.7083333 0.5416666 0.7083333 0.5 0.75 0.5416666 0.7083333 0.5833333 0.7083333 0.5416666 0.75 0.5833333 0.7083333 0.625 0.7083333 0.5833333 0.75 0.625 0.7083333 0.6666666 0.7083333 0.625 0.75 0.6666666 0.7083333 0.7083333 0.7083333 0.6666666 0.7916667 0.5 0.75 0.5416666 0.75 0.5 0.7916666 0.5416666 0.75 0.5833333 0.75 0.5416666 0.7916666 0.5833333 0.75 0.625 0.75 0.5833333 0.7916666 0.625 0.75 0.6666666 0.75 0.625 0.7916666 0.6666666 0.75 0.7083333 0.75 0.6666666 0.7916667 0.5 0.8333333 0.5416666 0.7916666 0.5416666 0.8333333 0.5416666 0.7916666 0.5833333 0.7916666 0.5416666 0.8333334 0.5833333 0.7916666 0.625 0.7916666 0.5833333 0.8333333 0.625 0.7916666 0.6666666 0.7916666 0.625 0.8333333 0.6666666 0.7916666 0.7083333 0.7916666 0.6666666 0.8333333 0.5 0.875 0.5416666 0.8333333 0.5416666 0.8333333 0.5416666 0.875 0.5833333 0.8333334 0.5833333 0.8333334 0.5833333 0.875 0.625 0.8333333 0.625 0.8333333 0.625 0.875 0.6666667 0.8333333 0.6666666 0.8333333 0.6666666 0.875 0.7083333 0.8333333 0.7083333 0.5833333 0.04166662 0.625 0.04166662 0.625 0.04166662 0.2083333 0.7083333 0.1666666 0.75 0.1666666 0.7083333 0.25 0.7083333 0.2083333 0.75 0.2083333 0.7083333 0.2916667 0.7083333 0.25 0.75 0.25 0.7083333 0.3333333 0.7083333 0.2916666 0.75 0.2916667 0.7083333 0.1666666 0.5 0.125 0.5416666 0.125 0.5 0.1666666 0.5416666 0.125 0.5833333 0.125 0.5416666 0.1666666 0.5833333 0.125 0.625 0.125 0.5833333 0.1666666 0.625 0.125 0.6666666 0.125 0.625 0.1666666 0.6666666 0.125 0.7083333 0.125 0.6666666 0.2083333 0.5 0.1666666 0.5416666 0.1666666 0.5 0.2083333 0.5416666 0.1666666 0.5833333 0.1666666 0.5416666 0.2083333 0.5833333 0.1666666 0.625 0.1666666 0.5833333 0.2083333 0.625 0.1666666 0.6666666 0.1666666 0.625 0.2083333 0.6666666 0.1666666 0.7083333 0.1666666 0.6666666 0.25 0.5 0.2083333 0.5416666 0.2083333 0.5 0.25 0.5416666 0.2083333 0.5833333 0.2083333 0.5416666 0.25 0.5833333 0.2083333 0.625 0.2083333 0.5833333 0.25 0.625 0.2083333 0.6666666 0.2083333 0.625 0.25 0.6666666 0.2083333 0.7083333 0.2083333 0.6666666 0.2916667 0.5 0.25 0.5416666 0.25 0.5 0.2916667 0.5416666 0.25 0.5833333 0.25 0.5416666 0.2916667 0.5833333 0.25 0.625 0.25 0.5833333 0.2916667 0.625 0.25 0.6666666 0.25 0.625 0.2916667 0.6666666 0.25 0.7083333 0.25 0.6666666 0.3333333 0.5 0.2916667 0.5416666 0.2916667 0.5 0.3333333 0.5416666 0.2916667 0.5833333 0.2916667 0.5416666 0.3333333 0.5833333 0.2916667 0.625 0.2916667 0.5833333 0.3333333 0.625 0.2916667 0.6666666 0.2916667 0.625 0.3333333 0.6666666 0.2916667 0.7083333 0.2916667 0.6666666 0.3333333 0.5 0.375 0.5416666 0.3333333 0.5416666 0.3333333 0.5416666 0.375 0.5833333 0.3333333 0.5833333 0.3333333 0.5833333 0.375 0.625 0.3333333 0.625 0.3333333 0.625 0.375 0.6666667 0.3333333 0.6666666 0.3333333 0.6666666 0.375 0.7083333 0.3333333 0.7083333 0.4583333 0.04166662 0.5 0.04166662 0.5 0.04166662 0.5416666 0.9583333 0.5 0.9583333 0.5 0.9583333 0.4166667 0.9583333 0.375 0.9583333 0.375 0.9583333 0.125 0.7083333 0.1666666 0.7083333 0.125 0.7083333 0.5 0.04166662 0.5416666 0.04166662 0.5416666 0.04166662 0.4166666 0.75 0.375 0.7916666 0.375 0.75 0.4166666 0.7916667 0.375 0.8333333 0.375 0.7916666 0.4166667 0.8333334 0.375 0.875 0.375 0.8333333 0.4166667 0.875 0.375 0.9166666 0.375 0.875 0.4166666 0.9166666 0.375 0.9583333 0.375 0.9166666 0.4583333 0.75 0.4166666 0.7916667 0.4166666 0.75 0.4583333 0.7916667 0.4166667 0.8333334 0.4166666 0.7916667 0.4583333 0.8333334 0.4166667 0.875 0.4166667 0.8333334 0.4583333 0.875 0.4166666 0.9166666 0.4166667 0.875 0.4583333 0.9166666 0.4166667 0.9583333 0.4166666 0.9166666 0.5 0.75 0.4583333 0.7916667 0.4583333 0.75 0.5 0.7916667 0.4583333 0.8333334 0.4583333 0.7916667 0.5 0.8333334 0.4583333 0.875 0.4583333 0.8333334 0.5 0.875 0.4583333 0.9166666 0.4583333 0.875 0.5 0.9166666 0.4583333 0.9583333 0.4583333 0.9166666 0.5416667 0.75 0.5 0.7916667 0.5 0.75 0.5416667 0.7916667 0.5 0.8333334 0.5 0.7916667 0.5416667 0.8333334 0.5 0.875 0.5 0.8333334 0.5416666 0.875 0.5 0.9166666 0.5 0.875 0.5416666 0.9166666 0.5 0.9583333 0.5 0.9166666 0.5833333 0.75 0.5416667 0.7916667 0.5416667 0.75 0.5833333 0.7916667 0.5416667 0.8333334 0.5416667 0.7916667 0.5833333 0.8333334 0.5416666 0.875 0.5416667 0.8333334 0.5833333 0.875 0.5416666 0.9166666 0.5416666 0.875 0.5833333 0.9166666 0.5416666 0.9583333 0.5416666 0.9166666 0.625 0.75 0.5833333 0.7916667 0.5833333 0.75 0.625 0.7916667 0.5833333 0.8333334 0.5833333 0.7916667 0.625 0.8333334 0.5833333 0.875 0.5833333 0.8333334 0.625 0.875 0.5833333 0.9166666 0.5833333 0.875 0.625 0.9166666 0.5833333 0.9583333 0.5833333 0.9166666 0.4166666 0.7083333 0.375 0.75 0.375 0.7083333 0.4583333 0.7083333 0.4166666 0.75 0.4166666 0.7083333 0.5 0.7083333 0.4583333 0.75 0.4583333 0.7083333 0.5416667 0.7083333 0.5 0.75 0.5 0.7083333 0.5833333 0.7083333 0.5416667 0.75 0.5416667 0.7083333 0.4166666 0.5 0.375 0.5416666 0.375 0.5 0.4166666 0.5416666 0.375 0.5833333 0.375 0.5416666 0.4166667 0.5833333 0.375 0.625 0.375 0.5833333 0.4166666 0.625 0.375 0.6666667 0.375 0.625 0.4166666 0.6666666 0.375 0.7083333 0.375 0.6666667 0.4583333 0.5 0.4166666 0.5416666 0.4166666 0.5 0.4583333 0.5416666 0.4166667 0.5833333 0.4166666 0.5416666 0.4583333 0.5833333 0.4166666 0.625 0.4166667 0.5833333 0.4583333 0.625 0.4166666 0.6666666 0.4166666 0.625 0.4583333 0.6666666 0.4166666 0.7083333 0.4166666 0.6666666 0.5 0.5 0.4583333 0.5416666 0.4583333 0.5 0.5 0.5416666 0.4583333 0.5833333 0.4583333 0.5416666 0.5 0.5833333 0.4583333 0.625 0.4583333 0.5833333 0.5 0.625 0.4583333 0.6666666 0.4583333 0.625 0.5 0.6666666 0.4583333 0.7083333 0.4583333 0.6666666 0.5416667 0.5 0.5 0.5416666 0.5 0.5 0.5416667 0.5416666 0.5 0.5833333 0.5 0.5416666 0.5416667 0.5833333 0.5 0.625 0.5 0.5833333 0.5416667 0.625 0.5 0.6666666 0.5 0.625 0.5416667 0.6666666 0.5 0.7083333 0.5 0.6666666 0.5833333 0.5 0.5416667 0.5416666 0.5416667 0.5 0.5833333 0.5416666 0.5416667 0.5833333 0.5416667 0.5416666 0.5833333 0.5833333 0.5416667 0.625 0.5416667 0.5833333 0.5833333 0.625 0.5416667 0.6666666 0.5416667 0.625 0.5833333 0.6666666 0.5416667 0.7083333 0.5416667 0.6666666 0.625 0.5 0.5833333 0.5416666 0.5833333 0.5 0.625 0.5416666 0.5833333 0.5833333 0.5833333 0.5416666 0.625 0.5833333 0.5833333 0.625 0.5833333 0.5833333 0.625 0.625 0.5833333 0.6666666 0.5833333 0.625 0.625 0.6666666 0.5833333 0.7083333 0.5833333 0.6666666 0.4166666 0.4583333 0.375 0.5 0.375 0.4583333 0.4583333 0.4583333 0.4166666 0.5 0.4166666 0.4583333 0.5 0.4583333 0.4583333 0.5 0.4583333 0.4583333 0.5416667 0.4583333 0.5 0.5 0.5 0.4583333 0.5833333 0.4583333 0.5416667 0.5 0.5416667 0.4583333 0.4166666 0.25 0.375 0.2916666 0.375 0.25 0.4166666 0.2916666 0.375 0.3333333 0.375 0.2916666 0.4166667 0.3333333 0.375 0.375 0.375 0.3333333 0.4166666 0.375 0.375 0.4166666 0.375 0.375 0.4166666 0.4166666 0.375 0.4583333 0.375 0.4166666 0.4583333 0.25 0.4166666 0.2916666 0.4166666 0.25 0.4583333 0.2916666 0.4166667 0.3333333 0.4166666 0.2916666 0.4583333 0.3333333 0.4166666 0.375 0.4166667 0.3333333 0.4583333 0.375 0.4166666 0.4166666 0.4166666 0.375 0.4583333 0.4166666 0.4166666 0.4583333 0.4166666 0.4166666 0.5 0.25 0.4583333 0.2916666 0.4583333 0.25 0.5 0.2916666 0.4583333 0.3333333 0.4583333 0.2916666 0.5 0.3333333 0.4583333 0.375 0.4583333 0.3333333 0.5 0.375 0.4583333 0.4166666 0.4583333 0.375 0.5 0.4166666 0.4583333 0.4583333 0.4583333 0.4166666 0.5416667 0.25 0.5 0.2916666 0.5 0.25 0.5416667 0.2916666 0.5 0.3333333 0.5 0.2916666 0.5416667 0.3333333 0.5 0.375 0.5 0.3333333 0.5416667 0.375 0.5 0.4166666 0.5 0.375 0.5416667 0.4166666 0.5 0.4583333 0.5 0.4166666 0.5833333 0.25 0.5416667 0.2916666 0.5416667 0.25 0.5833333 0.2916666 0.5416667 0.3333333 0.5416667 0.2916666 0.5833333 0.3333333 0.5416667 0.375 0.5416667 0.3333333 0.5833333 0.375 0.5416667 0.4166666 0.5416667 0.375 0.5833333 0.4166666 0.5416667 0.4583333 0.5416667 0.4166666 0.625 0.25 0.5833333 0.2916666 0.5833333 0.25 0.625 0.2916666 0.5833333 0.3333333 0.5833333 0.2916666 0.625 0.3333333 0.5833333 0.375 0.5833333 0.3333333 0.625 0.375 0.5833333 0.4166666 0.5833333 0.375 0.625 0.4166666 0.5833333 0.4583333 0.5833333 0.4166666 0.4166666 0.2083333 0.375 0.25 0.375 0.2083333 0.4166666 0.2083333 0.4583333 0.25 0.4166666 0.25 0.5 0.2083333 0.4583333 0.25 0.4583333 0.2083333 0.5416666 0.2083333 0.5 0.25 0.5 0.2083333 0.5833333 0.2083333 0.5416667 0.25 0.5416666 0.2083333 0.375 0.04166662 0.4166667 0.04166662 0.4166667 0.04166662 0.4166667 0.04166662 0.375 0.08333331 0.375 0.04166662 0.4166667 0.08333331 0.375 0.125 0.375 0.08333331 0.4166666 0.125 0.375 0.1666666 0.375 0.125 0.4166666 0.1666666 0.375 0.2083333 0.375 0.1666666 0.5833333 0.9583333 0.5416666 0.9583333 0.5416666 0.9583333 0.4583333 0.04166662 0.4166667 0.08333331 0.4166667 0.04166662 0.4583333 0.08333331 0.4166666 0.125 0.4166667 0.08333331 0.4166666 0.125 0.4583333 0.1666666 0.4166666 0.1666666 0.4583333 0.1666666 0.4166666 0.2083333 0.4166666 0.1666666 0.4583333 0.9583333 0.4166667 0.9583333 0.4166667 0.9583333 0.5 0.04166662 0.4583333 0.08333331 0.4583333 0.04166662 0.5 0.08333331 0.4583333 0.125 0.4583333 0.08333331 0.4583333 0.125 0.5 0.1666666 0.4583333 0.1666666 0.5 0.1666666 0.4583333 0.2083333 0.4583333 0.1666666 0.5416666 0.04166662 0.5833333 0.04166662 0.5833333 0.04166662 0.5416666 0.04166662 0.5 0.08333331 0.5 0.04166662 0.5 0.08333331 0.5416666 0.125 0.5 0.125 0.5416666 0.125 0.5 0.1666666 0.5 0.125 0.5416666 0.1666666 0.5 0.2083333 0.5 0.1666666 0.4166667 0.04166662 0.4583333 0.04166662 0.4583333 0.04166662 0.5833333 0.04166662 0.5416666 0.08333331 0.5416666 0.04166662 0.5416666 0.08333331 0.5833333 0.125 0.5416666 0.125 0.5833333 0.125 0.5416666 0.1666666 0.5416666 0.125 0.5416666 0.1666666 0.5833333 0.2083333 0.5416666 0.2083333 0.8333333 0.7083333 0.8333333 0.75 0.8333333 0.75 0.625 0.04166662 0.5833333 0.08333331 0.5833333 0.04166662 0.625 0.08333331 0.5833333 0.125 0.5833333 0.08333331 0.625 0.125 0.5833333 0.1666666 0.5833333 0.125 0.5833333 0.1666666 0.625 0.2083333 0.5833333 0.2083333 0.375 0 0.4166667 0 0.4166667 0 0.8333333 0.7083333 0.875 0.75 0.8333333 0.75 0.1666666 0.7083333 0.125 0.75 0.125 0.7083333 0.875 0.75 0.8333333 0.75 0.8333333 0.75 0.625 0.9583333 0.5833333 0.9583333 0.5833333 0.9583333 0.1666666 0.75 0.125 0.75 0.125 0.75 0.5833333 0 0.625 0 0.625 0 0.5833333 0.9583333 0.5416666 0.9583333 0.5416666 0.9583333 0.4166667 0 0.375 0.04166662 0.375 0 0.4166667 0 0.4583333 0.04166662 0.4166667 0.04166662 0.4583333 0 0.5 0.04166662 0.4583333 0.04166662 0.5416666 0 0.5 0.04166662 0.5 0 0.5833333 0 0.5416666 0.04166662 0.5416666 0 0.625 0 0.5833333 0.04166662 0.5833333 0 0.5 0.9583333 0.4583333 0.9583333 0.4583333 0.9583333 0.625 0.9583333 0.5833333 0.9583333 0.5833333 0.9583333 0.625 0.2083333 0.5833333 0.25 0.5833333 0.2083333 0.625 0.4583333 0.5833333 0.5 0.5833333 0.4583333 0.6666666 0.75 0.6666666 0.7083333 0.6666666 0.7083333 0.625 0.9583333 0.5833333 1 0.5833333 0.9583333 0.5833333 0.75 0.625 0.75 0.625 0.75 0.8333333 0.7083333 0.875 0.75 0.8333333 0.75 0.5416667 0.7083333 0.5 0.7083333 0.5 0.7083333 0.7083333 0.7083333 0.6666666 0.75 0.6666666 0.7083333 0.75 0.7083333 0.7083333 0.75 0.7083333 0.7083333 0.7916666 0.7083333 0.75 0.75 0.75 0.7083333 0.8333333 0.7083333 0.7916666 0.75 0.7916666 0.7083333 0.6666666 0.5 0.625 0.5416666 0.625 0.5 0.6666666 0.5416666 0.625 0.5833333 0.625 0.5416666 0.6666666 0.5833333 0.625 0.625 0.625 0.5833333 0.6666666 0.625 0.625 0.6666666 0.625 0.625 0.625 0.6666666 0.6666666 0.7083333 0.625 0.7083333 0.7083333 0.5 0.6666666 0.5416666 0.6666666 0.5 0.7083333 0.5416666 0.6666666 0.5833333 0.6666666 0.5416666 0.7083333 0.5833333 0.6666666 0.625 0.6666666 0.5833333 0.7083333 0.625 0.6666666 0.6666666 0.6666666 0.625 0.7083333 0.6666666 0.6666666 0.7083333 0.6666666 0.6666666 0.75 0.5 0.7083333 0.5416666 0.7083333 0.5 0.75 0.5416666 0.7083333 0.5833333 0.7083333 0.5416666 0.75 0.5833333 0.7083333 0.625 0.7083333 0.5833333 0.75 0.625 0.7083333 0.6666666 0.7083333 0.625 0.75 0.6666666 0.7083333 0.7083333 0.7083333 0.6666666 0.7916667 0.5 0.75 0.5416666 0.75 0.5 0.7916666 0.5416666 0.75 0.5833333 0.75 0.5416666 0.75 0.5833333 0.7916666 0.625 0.75 0.625 0.7916666 0.625 0.75 0.6666666 0.75 0.625 0.7916666 0.6666666 0.75 0.7083333 0.75 0.6666666 0.8333333 0.5 0.7916666 0.5416666 0.7916667 0.5 0.8333333 0.5416666 0.7916666 0.5833333 0.7916666 0.5416666 0.7916666 0.5833333 0.8333333 0.625 0.7916666 0.625 0.8333333 0.625 0.7916666 0.6666666 0.7916666 0.625 0.8333333 0.6666666 0.7916666 0.7083333 0.7916666 0.6666666 0.8333333 0.5 0.875 0.5416666 0.8333333 0.5416666 0.8333333 0.5416666 0.875 0.5833333 0.8333334 0.5833333 0.8333334 0.5833333 0.875 0.625 0.8333333 0.625 0.8333333 0.625 0.875 0.6666667 0.8333333 0.6666666 0.8333333 0.6666666 0.875 0.7083333 0.8333333 0.7083333 0.1666666 0.7083333 0.125 0.75 0.125 0.7083333 0.2083333 0.7083333 0.1666666 0.75 0.1666666 0.7083333 0.25 0.7083333 0.2083333 0.75 0.2083333 0.7083333 0.2916667 0.7083333 0.25 0.75 0.25 0.7083333 0.3333333 0.7083333 0.2916666 0.75 0.2916667 0.7083333 0.1666666 0.5 0.125 0.5416666 0.125 0.5 0.1666666 0.5416666 0.125 0.5833333 0.125 0.5416666 0.1666666 0.5833333 0.125 0.625 0.125 0.5833333 0.1666666 0.625 0.125 0.6666666 0.125 0.625 0.1666666 0.6666666 0.125 0.7083333 0.125 0.6666666 0.2083333 0.5 0.1666666 0.5416666 0.1666666 0.5 0.2083333 0.5416666 0.1666666 0.5833333 0.1666666 0.5416666 0.2083333 0.5833333 0.1666666 0.625 0.1666666 0.5833333 0.2083333 0.625 0.1666666 0.6666666 0.1666666 0.625 0.2083333 0.6666666 0.1666666 0.7083333 0.1666666 0.6666666 0.25 0.5 0.2083333 0.5416666 0.2083333 0.5 0.25 0.5416666 0.2083333 0.5833333 0.2083333 0.5416666 0.25 0.5833333 0.2083333 0.625 0.2083333 0.5833333 0.25 0.625 0.2083333 0.6666666 0.2083333 0.625 0.25 0.6666666 0.2083333 0.7083333 0.2083333 0.6666666 0.2916667 0.5 0.25 0.5416666 0.25 0.5 0.2916667 0.5416666 0.25 0.5833333 0.25 0.5416666 0.2916667 0.5833333 0.25 0.625 0.25 0.5833333 0.2916667 0.625 0.25 0.6666666 0.25 0.625 0.2916667 0.6666666 0.25 0.7083333 0.25 0.6666666 0.3333333 0.5 0.2916667 0.5416666 0.2916667 0.5 0.3333333 0.5416666 0.2916667 0.5833333 0.2916667 0.5416666 0.3333333 0.5833333 0.2916667 0.625 0.2916667 0.5833333 0.3333333 0.625 0.2916667 0.6666666 0.2916667 0.625 0.3333333 0.6666666 0.2916667 0.7083333 0.2916667 0.6666666 0.3333333 0.5 0.375 0.5416666 0.3333333 0.5416666 0.3333333 0.5416666 0.375 0.5833333 0.3333333 0.5833333 0.3333333 0.5833333 0.375 0.625 0.3333333 0.625 0.3333333 0.625 0.375 0.6666667 0.3333333 0.6666666 0.3333333 0.6666666 0.375 0.7083333 0.3333333 0.7083333 0.4166667 0.9583333 0.375 1 0.375 0.9583333 0.4583333 0.9583333 0.4166667 1 0.4166667 0.9583333 0.5 0.9583333 0.4583333 1 0.4583333 0.9583333 0.5416666 0.9583333 0.5 1 0.5 0.9583333 0.5833333 0.9583333 0.5416666 1 0.5416666 0.9583333 0.4166666 0.75 0.375 0.7916666 0.375 0.75 0.4166666 0.7916667 0.375 0.8333333 0.375 0.7916666 0.4166667 0.8333334 0.375 0.875 0.375 0.8333333 0.4166667 0.875 0.375 0.9166666 0.375 0.875 0.4166666 0.9166666 0.375 0.9583333 0.375 0.9166666 0.4583333 0.75 0.4166666 0.7916667 0.4166666 0.75 0.4583333 0.7916667 0.4166667 0.8333334 0.4166666 0.7916667 0.4583333 0.8333334 0.4166667 0.875 0.4166667 0.8333334 0.4583333 0.875 0.4166666 0.9166666 0.4166667 0.875 0.4583333 0.9166666 0.4166667 0.9583333 0.4166666 0.9166666 0.5 0.75 0.4583333 0.7916667 0.4583333 0.75 0.5 0.7916667 0.4583333 0.8333334 0.4583333 0.7916667 0.5 0.8333334 0.4583333 0.875 0.4583333 0.8333334 0.5 0.875 0.4583333 0.9166666 0.4583333 0.875 0.5 0.9166666 0.4583333 0.9583333 0.4583333 0.9166666 0.5416667 0.75 0.5 0.7916667 0.5 0.75 0.5416667 0.7916667 0.5 0.8333334 0.5 0.7916667 0.5416667 0.8333334 0.5 0.875 0.5 0.8333334 0.5416666 0.875 0.5 0.9166666 0.5 0.875 0.5416666 0.9166666 0.5 0.9583333 0.5 0.9166666 0.5833333 0.75 0.5416667 0.7916667 0.5416667 0.75 0.5833333 0.7916667 0.5416667 0.8333334 0.5416667 0.7916667 0.5833333 0.8333334 0.5416666 0.875 0.5416667 0.8333334 0.5833333 0.875 0.5416666 0.9166666 0.5416666 0.875 0.5833333 0.9166666 0.5416666 0.9583333 0.5416666 0.9166666 0.625 0.75 0.5833333 0.7916667 0.5833333 0.75 0.625 0.7916667 0.5833333 0.8333334 0.5833333 0.7916667 0.625 0.8333334 0.5833333 0.875 0.5833333 0.8333334 0.625 0.875 0.5833333 0.9166666 0.5833333 0.875 0.625 0.9166666 0.5833333 0.9583333 0.5833333 0.9166666 0.4166666 0.7083333 0.375 0.7083333 0.375 0.7083333 0.375 0.75 0.375 0.7916666 0.375 0.75 0.5833333 0.7083333 0.5416667 0.7083333 0.5416667 0.7083333 0.625 0.7083333 0.6666666 0.7083333 0.625 0.7083333 0.4583333 0.7083333 0.4166666 0.7083333 0.4166666 0.7083333 0.4166666 0.5 0.375 0.5416666 0.375 0.5 0.4166666 0.5416666 0.375 0.5833333 0.375 0.5416666 0.4166667 0.5833333 0.375 0.625 0.375 0.5833333 0.4166666 0.625 0.375 0.6666667 0.375 0.625 0.4166666 0.6666666 0.375 0.7083333 0.375 0.6666667 0.4583333 0.5 0.4166666 0.5416666 0.4166666 0.5 0.4583333 0.5416666 0.4166667 0.5833333 0.4166666 0.5416666 0.4583333 0.5833333 0.4166666 0.625 0.4166667 0.5833333 0.4583333 0.625 0.4166666 0.6666666 0.4166666 0.625 0.4583333 0.6666666 0.4166666 0.7083333 0.4166666 0.6666666 0.5 0.5 0.4583333 0.5416666 0.4583333 0.5 0.5 0.5416666 0.4583333 0.5833333 0.4583333 0.5416666 0.5 0.5833333 0.4583333 0.625 0.4583333 0.5833333 0.5 0.625 0.4583333 0.6666666 0.4583333 0.625 0.5 0.6666666 0.4583333 0.7083333 0.4583333 0.6666666 0.5416667 0.5 0.5 0.5416666 0.5 0.5 0.5416667 0.5416666 0.5 0.5833333 0.5 0.5416666 0.5416667 0.5833333 0.5 0.625 0.5 0.5833333 0.5416667 0.625 0.5 0.6666666 0.5 0.625 0.5416667 0.6666666 0.5 0.7083333 0.5 0.6666666 0.5833333 0.5 0.5416667 0.5416666 0.5416667 0.5 0.5833333 0.5416666 0.5416667 0.5833333 0.5416667 0.5416666 0.5833333 0.5833333 0.5416667 0.625 0.5416667 0.5833333 0.5833333 0.625 0.5416667 0.6666666 0.5416667 0.625 0.5833333 0.6666666 0.5416667 0.7083333 0.5416667 0.6666666 0.625 0.5 0.5833333 0.5416666 0.5833333 0.5 0.625 0.5416666 0.5833333 0.5833333 0.5833333 0.5416666 0.625 0.5833333 0.5833333 0.625 0.5833333 0.5833333 0.625 0.625 0.5833333 0.6666666 0.5833333 0.625 0.625 0.6666666 0.5833333 0.7083333 0.5833333 0.6666666 0.4166666 0.4583333 0.375 0.5 0.375 0.4583333 0.4583333 0.4583333 0.4166666 0.5 0.4166666 0.4583333 0.5 0.4583333 0.4583333 0.5 0.4583333 0.4583333 0.5416667 0.4583333 0.5 0.5 0.5 0.4583333 0.5833333 0.4583333 0.5416667 0.5 0.5416667 0.4583333 0.4166666 0.25 0.375 0.2916666 0.375 0.25 0.4166666 0.2916666 0.375 0.3333333 0.375 0.2916666 0.4166667 0.3333333 0.375 0.375 0.375 0.3333333 0.4166666 0.375 0.375 0.4166666 0.375 0.375 0.4166666 0.4166666 0.375 0.4583333 0.375 0.4166666 0.4583333 0.25 0.4166666 0.2916666 0.4166666 0.25 0.4583333 0.2916666 0.4166667 0.3333333 0.4166666 0.2916666 0.4583333 0.3333333 0.4166666 0.375 0.4166667 0.3333333 0.4583333 0.375 0.4166666 0.4166666 0.4166666 0.375 0.4583333 0.4166666 0.4166666 0.4583333 0.4166666 0.4166666 0.5 0.25 0.4583333 0.2916666 0.4583333 0.25 0.5 0.2916666 0.4583333 0.3333333 0.4583333 0.2916666 0.5 0.3333333 0.4583333 0.375 0.4583333 0.3333333 0.5 0.375 0.4583333 0.4166666 0.4583333 0.375 0.5 0.4166666 0.4583333 0.4583333 0.4583333 0.4166666 0.5416667 0.25 0.5 0.2916666 0.5 0.25 0.5416667 0.2916666 0.5 0.3333333 0.5 0.2916666 0.5416667 0.3333333 0.5 0.375 0.5 0.3333333 0.5416667 0.375 0.5 0.4166666 0.5 0.375 0.5416667 0.4166666 0.5 0.4583333 0.5 0.4166666 0.5833333 0.25 0.5416667 0.2916666 0.5416667 0.25 0.5833333 0.2916666 0.5416667 0.3333333 0.5416667 0.2916666 0.5833333 0.3333333 0.5416667 0.375 0.5416667 0.3333333 0.5833333 0.375 0.5416667 0.4166666 0.5416667 0.375 0.5833333 0.4166666 0.5416667 0.4583333 0.5416667 0.4166666 0.625 0.25 0.5833333 0.2916666 0.5833333 0.25 0.625 0.2916666 0.5833333 0.3333333 0.5833333 0.2916666 0.625 0.3333333 0.5833333 0.375 0.5833333 0.3333333 0.625 0.375 0.5833333 0.4166666 0.5833333 0.375 0.625 0.4166666 0.5833333 0.4583333 0.5833333 0.4166666 0.4166666 0.2083333 0.375 0.25 0.375 0.2083333 0.4166666 0.2083333 0.4583333 0.25 0.4166666 0.25 0.5 0.2083333 0.4583333 0.25 0.4583333 0.2083333 0.5416666 0.2083333 0.5 0.25 0.5 0.2083333 0.5833333 0.2083333 0.5416667 0.25 0.5416666 0.2083333 0.4166667 0 0.375 0.04166662 0.375 0 0.4166667 0.04166662 0.375 0.08333331 0.375 0.04166662 0.4166667 0.08333331 0.375 0.125 0.375 0.08333331 0.4166666 0.125 0.375 0.1666666 0.375 0.125 0.4166666 0.1666666 0.375 0.2083333 0.375 0.1666666 0.4166667 0 0.4583333 0.04166662 0.4166667 0.04166662 0.4583333 0.04166662 0.4166667 0.08333331 0.4166667 0.04166662 0.4583333 0.08333331 0.4166666 0.125 0.4166667 0.08333331 0.4166666 0.125 0.4583333 0.1666666 0.4166666 0.1666666 0.4583333 0.1666666 0.4166666 0.2083333 0.4166666 0.1666666 0.4583333 0 0.5 0.04166662 0.4583333 0.04166662 0.5 0.04166662 0.4583333 0.08333331 0.4583333 0.04166662 0.5 0.08333331 0.4583333 0.125 0.4583333 0.08333331 0.4583333 0.125 0.5 0.1666666 0.4583333 0.1666666 0.5 0.1666666 0.4583333 0.2083333 0.4583333 0.1666666 0.5416666 0 0.5 0.04166662 0.5 0 0.5416666 0.04166662 0.5 0.08333331 0.5 0.04166662 0.5 0.08333331 0.5416666 0.125 0.5 0.125 0.5416666 0.125 0.5 0.1666666 0.5 0.125 0.5416666 0.1666666 0.5 0.2083333 0.5 0.1666666 0.5833333 0 0.5416666 0.04166662 0.5416666 0 0.5833333 0.04166662 0.5416666 0.08333331 0.5416666 0.04166662 0.5416666 0.08333331 0.5833333 0.125 0.5416666 0.125 0.5833333 0.125 0.5416666 0.1666666 0.5416666 0.125 0.5416666 0.1666666 0.5833333 0.2083333 0.5416666 0.2083333 0.625 0 0.5833333 0.04166662 0.5833333 0 0.625 0.04166662 0.5833333 0.08333331 0.5833333 0.04166662 0.625 0.08333331 0.5833333 0.125 0.5833333 0.08333331 0.625 0.125 0.5833333 0.1666666 0.5833333 0.125 0.5833333 0.1666666 0.625 0.2083333 0.5833333 0.2083333 0.5 0.75 0.5416667 0.75 0.5416667 0.75 0.375 0.7083333 0.3333333 0.7083333 0.3333333 0.7083333 0.4583333 0.7083333 0.4166666 0.7083333 0.4166666 0.7083333 0.5416667 0.75 0.5833333 0.75 0.5833333 0.75 0.3333333 0.7083333 0.3333333 0.75 0.3333333 0.75 0.4166666 0.7083333 0.375 0.7083333 0.375 0.7083333 0.5833333 0.75 0.625 0.75 0.625 0.75 0.625 0.7083333 0.6666666 0.7083333 0.625 0.7083333 0.375 0.7083333 0.3333333 0.7083333 0.3333333 0.7083333 0.5416667 0.75 0.5833333 0.75 0.5833333 0.75 0.5 0.75 0.5416667 0.75 0.5416667 0.75 0.5 0.7083333 0.4583333 0.7083333 0.4583333 0.7083333 0.625 0.7083333 0.5833333 0.7083333 0.5833333 0.7083333 0.625 0.75 0.625 0.7916667 0.625 0.7916667 0.3333333 0.75 0.3333333 0.7083333 0.3333333 0.75 0.4583333 0.75 0.5 0.75 0.5 0.75 0.375 0.75 0.4166666 0.75 0.4166666 0.75 0.4166666 0.75 0.4583333 0.75 0.4583333 0.75 0.625 0.7083333 0.5833333 0.75 0.5833333 0.7083333 0.3333333 0.7083333 0.375 0.75 0.3333333 0.75 0.6666666 0.7083333 0.625 0.75 0.625 0.7083333 0.4166666 0.7083333 0.375 0.75 0.375 0.7083333 0.4583333 0.7083333 0.4166666 0.75 0.4166666 0.7083333 0.5 0.7083333 0.4583333 0.75 0.4583333 0.7083333 0.5416667 0.7083333 0.5 0.75 0.5 0.7083333 0.5833333 0.7083333 0.5416667 0.75 0.5416667 0.7083333 0.5 0.7083333 0.4583333 0.7083333 0.4583333 0.7083333 0.4583333 0.75 0.5 0.75 0.5 0.75 0.5416667 0.7083333 0.5 0.7083333 0.5 0.7083333 0.4166666 0.75 0.4583333 0.75 0.4583333 0.75 0.5833333 0.7083333 0.5416667 0.7083333 0.5416667 0.7083333 0.375 0.75 0.4166666 0.75 0.4166666 0.75 0.625 0.75 0.625 0.7916667 0.625 0.7916667 0.625 0.7083333 0.5833333 0.7083333 0.5833333 0.7083333 0.375 0.75 0.375 0.7916666 0.375 0.75 0.6666666 0.75 0.6666666 0.7083333 0.6666666 0.7083333 0.4166666 0.2083333 0.375 0.2083333 0.375 0.2083333 0.625 0.4583333 0.5833333 0.5 0.5833333 0.4583333 0.6666666 0.75 0.6666666 0.7083333 0.6666666 0.7083333 0.625 0.9583333 0.5833333 1 0.5833333 0.9583333 0.5833333 0.75 0.625 0.75 0.625 0.75 0.875 0.7083333 0.8333333 0.75 0.8333333 0.7083333 0.5416667 0.7083333 0.5 0.7083333 0.5 0.7083333 0.6666666 0.7083333 0.7083333 0.75 0.6666666 0.75 0.75 0.7083333 0.7083333 0.75 0.7083333 0.7083333 0.7916666 0.7083333 0.75 0.75 0.75 0.7083333 0.8333333 0.7083333 0.7916666 0.75 0.7916666 0.7083333 0.6666666 0.5 0.625 0.5416666 0.625 0.5 0.6666666 0.5416666 0.625 0.5833333 0.625 0.5416666 0.6666666 0.5833333 0.625 0.625 0.625 0.5833333 0.6666666 0.625 0.625 0.6666666 0.625 0.625 0.6666666 0.6666666 0.625 0.7083333 0.625 0.6666666 0.7083333 0.5 0.6666666 0.5416666 0.6666666 0.5 0.7083333 0.5416666 0.6666666 0.5833333 0.6666666 0.5416666 0.7083333 0.5833333 0.6666666 0.625 0.6666666 0.5833333 0.7083333 0.625 0.6666666 0.6666666 0.6666666 0.625 0.7083333 0.6666666 0.6666666 0.7083333 0.6666666 0.6666666 0.75 0.5 0.7083333 0.5416666 0.7083333 0.5 0.75 0.5416666 0.7083333 0.5833333 0.7083333 0.5416666 0.75 0.5833333 0.7083333 0.625 0.7083333 0.5833333 0.75 0.625 0.7083333 0.6666666 0.7083333 0.625 0.75 0.6666666 0.7083333 0.7083333 0.7083333 0.6666666 0.7916667 0.5 0.75 0.5416666 0.75 0.5 0.7916666 0.5416666 0.75 0.5833333 0.75 0.5416666 0.7916666 0.5833333 0.75 0.625 0.75 0.5833333 0.7916666 0.625 0.75 0.6666666 0.75 0.625 0.7916666 0.6666666 0.75 0.7083333 0.75 0.6666666 0.7916667 0.5 0.8333333 0.5416666 0.7916666 0.5416666 0.8333333 0.5416666 0.7916666 0.5833333 0.7916666 0.5416666 0.8333334 0.5833333 0.7916666 0.625 0.7916666 0.5833333 0.8333333 0.625 0.7916666 0.6666666 0.7916666 0.625 0.8333333 0.6666666 0.7916666 0.7083333 0.7916666 0.6666666 0.8333333 0.5 0.875 0.5416666 0.8333333 0.5416666 0.8333333 0.5416666 0.875 0.5833333 0.8333334 0.5833333 0.875 0.5833333 0.8333333 0.625 0.8333334 0.5833333 0.875 0.625 0.8333333 0.6666666 0.8333333 0.625 0.875 0.6666667 0.8333333 0.7083333 0.8333333 0.6666666 0.1666666 0.7083333 0.125 0.75 0.125 0.7083333 0.2083333 0.7083333 0.1666666 0.75 0.1666666 0.7083333 0.25 0.7083333 0.2083333 0.75 0.2083333 0.7083333 0.2916667 0.7083333 0.25 0.75 0.25 0.7083333 0.3333333 0.7083333 0.2916666 0.75 0.2916667 0.7083333 0.1666666 0.5 0.125 0.5416666 0.125 0.5 0.1666666 0.5416666 0.125 0.5833333 0.125 0.5416666 0.1666666 0.5833333 0.125 0.625 0.125 0.5833333 0.1666666 0.625 0.125 0.6666666 0.125 0.625 0.1666666 0.6666666 0.125 0.7083333 0.125 0.6666666 0.2083333 0.5 0.1666666 0.5416666 0.1666666 0.5 0.2083333 0.5416666 0.1666666 0.5833333 0.1666666 0.5416666 0.2083333 0.5833333 0.1666666 0.625 0.1666666 0.5833333 0.2083333 0.625 0.1666666 0.6666666 0.1666666 0.625 0.2083333 0.6666666 0.1666666 0.7083333 0.1666666 0.6666666 0.25 0.5 0.2083333 0.5416666 0.2083333 0.5 0.25 0.5416666 0.2083333 0.5833333 0.2083333 0.5416666 0.25 0.5833333 0.2083333 0.625 0.2083333 0.5833333 0.25 0.625 0.2083333 0.6666666 0.2083333 0.625 0.25 0.6666666 0.2083333 0.7083333 0.2083333 0.6666666 0.2916667 0.5 0.25 0.5416666 0.25 0.5 0.2916667 0.5416666 0.25 0.5833333 0.25 0.5416666 0.2916667 0.5833333 0.25 0.625 0.25 0.5833333 0.2916667 0.625 0.25 0.6666666 0.25 0.625 0.2916667 0.6666666 0.25 0.7083333 0.25 0.6666666 0.3333333 0.5 0.2916667 0.5416666 0.2916667 0.5 0.3333333 0.5416666 0.2916667 0.5833333 0.2916667 0.5416666 0.3333333 0.5833333 0.2916667 0.625 0.2916667 0.5833333 0.3333333 0.625 0.2916667 0.6666666 0.2916667 0.625 0.3333333 0.6666666 0.2916667 0.7083333 0.2916667 0.6666666 0.375 0.5 0.3333333 0.5416666 0.3333333 0.5 0.375 0.5416666 0.3333333 0.5833333 0.3333333 0.5416666 0.375 0.5833333 0.3333333 0.625 0.3333333 0.5833333 0.375 0.625 0.3333333 0.6666666 0.3333333 0.625 0.375 0.6666667 0.3333333 0.7083333 0.3333333 0.6666666 0.4166667 0.9583333 0.375 1 0.375 0.9583333 0.4583333 0.9583333 0.4166667 1 0.4166667 0.9583333 0.5 0.9583333 0.4583333 1 0.4583333 0.9583333 0.5416666 0.9583333 0.5 1 0.5 0.9583333 0.5833333 0.9583333 0.5416666 1 0.5416666 0.9583333 0.4166666 0.75 0.375 0.7916666 0.375 0.75 0.4166666 0.7916667 0.375 0.8333333 0.375 0.7916666 0.4166667 0.8333334 0.375 0.875 0.375 0.8333333 0.4166667 0.875 0.375 0.9166666 0.375 0.875 0.4166666 0.9166666 0.375 0.9583333 0.375 0.9166666 0.4583333 0.75 0.4166666 0.7916667 0.4166666 0.75 0.4583333 0.7916667 0.4166667 0.8333334 0.4166666 0.7916667 0.4583333 0.8333334 0.4166667 0.875 0.4166667 0.8333334 0.4583333 0.875 0.4166666 0.9166666 0.4166667 0.875 0.4583333 0.9166666 0.4166667 0.9583333 0.4166666 0.9166666 0.5 0.75 0.4583333 0.7916667 0.4583333 0.75 0.5 0.7916667 0.4583333 0.8333334 0.4583333 0.7916667 0.5 0.8333334 0.4583333 0.875 0.4583333 0.8333334 0.5 0.875 0.4583333 0.9166666 0.4583333 0.875 0.5 0.9166666 0.4583333 0.9583333 0.4583333 0.9166666 0.5416667 0.75 0.5 0.7916667 0.5 0.75 0.5416667 0.7916667 0.5 0.8333334 0.5 0.7916667 0.5416667 0.8333334 0.5 0.875 0.5 0.8333334 0.5416666 0.875 0.5 0.9166666 0.5 0.875 0.5416666 0.9166666 0.5 0.9583333 0.5 0.9166666 0.5833333 0.75 0.5416667 0.7916667 0.5416667 0.75 0.5833333 0.7916667 0.5416667 0.8333334 0.5416667 0.7916667 0.5833333 0.8333334 0.5416666 0.875 0.5416667 0.8333334 0.5833333 0.875 0.5416666 0.9166666 0.5416666 0.875 0.5833333 0.9166666 0.5416666 0.9583333 0.5416666 0.9166666 0.625 0.75 0.5833333 0.7916667 0.5833333 0.75 0.625 0.7916667 0.5833333 0.8333334 0.5833333 0.7916667 0.625 0.8333334 0.5833333 0.875 0.5833333 0.8333334 0.625 0.875 0.5833333 0.9166666 0.5833333 0.875 0.625 0.9166666 0.5833333 0.9583333 0.5833333 0.9166666 0.4166666 0.7083333 0.375 0.7083333 0.375 0.7083333 0.375 0.75 0.375 0.7916666 0.375 0.75 0.5833333 0.7083333 0.5416667 0.7083333 0.5416667 0.7083333 0.625 0.7083333 0.6666666 0.7083333 0.625 0.7083333 0.4583333 0.7083333 0.4166666 0.7083333 0.4166666 0.7083333 0.4166666 0.5 0.375 0.5416666 0.375 0.5 0.4166666 0.5416666 0.375 0.5833333 0.375 0.5416666 0.4166667 0.5833333 0.375 0.625 0.375 0.5833333 0.4166666 0.625 0.375 0.6666667 0.375 0.625 0.4166666 0.6666666 0.375 0.7083333 0.375 0.6666667 0.4583333 0.5 0.4166666 0.5416666 0.4166666 0.5 0.4583333 0.5416666 0.4166667 0.5833333 0.4166666 0.5416666 0.4583333 0.5833333 0.4166666 0.625 0.4166667 0.5833333 0.4583333 0.625 0.4166666 0.6666666 0.4166666 0.625 0.4583333 0.6666666 0.4166666 0.7083333 0.4166666 0.6666666 0.5 0.5 0.4583333 0.5416666 0.4583333 0.5 0.5 0.5416666 0.4583333 0.5833333 0.4583333 0.5416666 0.5 0.5833333 0.4583333 0.625 0.4583333 0.5833333 0.5 0.625 0.4583333 0.6666666 0.4583333 0.625 0.5 0.6666666 0.4583333 0.7083333 0.4583333 0.6666666 0.5416667 0.5 0.5 0.5416666 0.5 0.5 0.5416667 0.5416666 0.5 0.5833333 0.5 0.5416666 0.5416667 0.5833333 0.5 0.625 0.5 0.5833333 0.5416667 0.625 0.5 0.6666666 0.5 0.625 0.5416667 0.6666666 0.5 0.7083333 0.5 0.6666666 0.5833333 0.5 0.5416667 0.5416666 0.5416667 0.5 0.5833333 0.5416666 0.5416667 0.5833333 0.5416667 0.5416666 0.5833333 0.5833333 0.5416667 0.625 0.5416667 0.5833333 0.5833333 0.625 0.5416667 0.6666666 0.5416667 0.625 0.5833333 0.6666666 0.5416667 0.7083333 0.5416667 0.6666666 0.625 0.5 0.5833333 0.5416666 0.5833333 0.5 0.625 0.5416666 0.5833333 0.5833333 0.5833333 0.5416666 0.625 0.5833333 0.5833333 0.625 0.5833333 0.5833333 0.625 0.625 0.5833333 0.6666666 0.5833333 0.625 0.625 0.6666666 0.5833333 0.7083333 0.5833333 0.6666666 0.4166666 0.4583333 0.375 0.5 0.375 0.4583333 0.4583333 0.4583333 0.4166666 0.5 0.4166666 0.4583333 0.5 0.4583333 0.4583333 0.5 0.4583333 0.4583333 0.5416667 0.4583333 0.5 0.5 0.5 0.4583333 0.5833333 0.4583333 0.5416667 0.5 0.5416667 0.4583333 0.4166666 0.25 0.375 0.2916666 0.375 0.25 0.4166666 0.2916666 0.375 0.3333333 0.375 0.2916666 0.4166667 0.3333333 0.375 0.375 0.375 0.3333333 0.4166666 0.375 0.375 0.4166666 0.375 0.375 0.4166666 0.4166666 0.375 0.4583333 0.375 0.4166666 0.4583333 0.25 0.4166666 0.2916666 0.4166666 0.25 0.4583333 0.2916666 0.4166667 0.3333333 0.4166666 0.2916666 0.4583333 0.3333333 0.4166666 0.375 0.4166667 0.3333333 0.4583333 0.375 0.4166666 0.4166666 0.4166666 0.375 0.4583333 0.4166666 0.4166666 0.4583333 0.4166666 0.4166666 0.5 0.25 0.4583333 0.2916666 0.4583333 0.25 0.5 0.2916666 0.4583333 0.3333333 0.4583333 0.2916666 0.5 0.3333333 0.4583333 0.375 0.4583333 0.3333333 0.5 0.375 0.4583333 0.4166666 0.4583333 0.375 0.5 0.4166666 0.4583333 0.4583333 0.4583333 0.4166666 0.5416667 0.25 0.5 0.2916666 0.5 0.25 0.5416667 0.2916666 0.5 0.3333333 0.5 0.2916666 0.5416667 0.3333333 0.5 0.375 0.5 0.3333333 0.5416667 0.375 0.5 0.4166666 0.5 0.375 0.5416667 0.4166666 0.5 0.4583333 0.5 0.4166666 0.5833333 0.25 0.5416667 0.2916666 0.5416667 0.25 0.5833333 0.2916666 0.5416667 0.3333333 0.5416667 0.2916666 0.5833333 0.3333333 0.5416667 0.375 0.5416667 0.3333333 0.5833333 0.375 0.5416667 0.4166666 0.5416667 0.375 0.5833333 0.4166666 0.5416667 0.4583333 0.5416667 0.4166666 0.625 0.25 0.5833333 0.2916666 0.5833333 0.25 0.625 0.2916666 0.5833333 0.3333333 0.5833333 0.2916666 0.625 0.3333333 0.5833333 0.375 0.5833333 0.3333333 0.625 0.375 0.5833333 0.4166666 0.5833333 0.375 0.625 0.4166666 0.5833333 0.4583333 0.5833333 0.4166666 0.5416667 0.25 0.5833333 0.25 0.5833333 0.25 0.5833333 0.25 0.625 0.25 0.625 0.25 0.125 0.5416666 0.125 0.5 0.125 0.5 0.5833333 0.2083333 0.5416666 0.2083333 0.5416666 0.2083333 0.4583333 0.2083333 0.4166666 0.2083333 0.4166666 0.2083333 0.4166667 0 0.375 0.04166662 0.375 0 0.4166667 0.04166662 0.375 0.08333331 0.375 0.04166662 0.4166667 0.08333331 0.375 0.125 0.375 0.08333331 0.4166666 0.125 0.375 0.1666666 0.375 0.125 0.4166666 0.1666666 0.375 0.2083333 0.375 0.1666666 0.4166667 0 0.4583333 0.04166662 0.4166667 0.04166662 0.4583333 0.04166662 0.4166667 0.08333331 0.4166667 0.04166662 0.4583333 0.08333331 0.4166666 0.125 0.4166667 0.08333331 0.4166666 0.125 0.4583333 0.1666666 0.4166666 0.1666666 0.4583333 0.1666666 0.4166666 0.2083333 0.4166666 0.1666666 0.4583333 0 0.5 0.04166662 0.4583333 0.04166662 0.5 0.04166662 0.4583333 0.08333331 0.4583333 0.04166662 0.5 0.08333331 0.4583333 0.125 0.4583333 0.08333331 0.4583333 0.125 0.5 0.1666666 0.4583333 0.1666666 0.5 0.1666666 0.4583333 0.2083333 0.4583333 0.1666666 0.5416666 0 0.5 0.04166662 0.5 0 0.5416666 0.04166662 0.5 0.08333331 0.5 0.04166662 0.5 0.08333331 0.5416666 0.125 0.5 0.125 0.5416666 0.125 0.5 0.1666666 0.5 0.125 0.5416666 0.1666666 0.5 0.2083333 0.5 0.1666666 0.5833333 0 0.5416666 0.04166662 0.5416666 0 0.5833333 0.04166662 0.5416666 0.08333331 0.5416666 0.04166662 0.5416666 0.08333331 0.5833333 0.125 0.5416666 0.125 0.5833333 0.125 0.5416666 0.1666666 0.5416666 0.125 0.5416666 0.1666666 0.5833333 0.2083333 0.5416666 0.2083333 0.625 0 0.5833333 0.04166662 0.5833333 0 0.625 0.04166662 0.5833333 0.08333331 0.5833333 0.04166662 0.625 0.08333331 0.5833333 0.125 0.5833333 0.08333331 0.625 0.125 0.5833333 0.1666666 0.5833333 0.125 0.5833333 0.1666666 0.625 0.2083333 0.5833333 0.2083333 0.625 0.7083333 0.5833333 0.75 0.5833333 0.7083333 0.375 0.7083333 0.3333333 0.75 0.3333333 0.7083333 0.6666666 0.7083333 0.625 0.75 0.625 0.7083333 0.4166666 0.7083333 0.375 0.75 0.375 0.7083333 0.4583333 0.7083333 0.4166666 0.75 0.4166666 0.7083333 0.5 0.7083333 0.4583333 0.75 0.4583333 0.7083333 0.5416667 0.7083333 0.5 0.75 0.5 0.7083333 0.5833333 0.7083333 0.5416667 0.75 0.5416667 0.7083333 0.375 0.7083333 0.3333333 0.7083333 0.3333333 0.7083333 0.5416667 0.75 0.5833333 0.75 0.5833333 0.75 0.5 0.75 0.5416667 0.75 0.5416667 0.75 0.5 0.7083333 0.4583333 0.7083333 0.4583333 0.7083333 0.625 0.7083333 0.5833333 0.7083333 0.5833333 0.7083333 0.625 0.75 0.625 0.7916667 0.625 0.7916667 0.3333333 0.75 0.3333333 0.7083333 0.3333333 0.75 0.4583333 0.75 0.5 0.75 0.5 0.75 0.375 0.75 0.4166666 0.75 0.4166666 0.75 0.4166666 0.75 0.4583333 0.75 0.4583333 0.75 0.625 0.2083333 0.5833333 0.25 0.5833333 0.2083333 0.375 0.2083333 0.4166666 0.25 0.375 0.25 0.4166666 0.2083333 0.4583333 0.25 0.4166666 0.25 0.5 0.2083333 0.4583333 0.25 0.4583333 0.2083333 0.5416666 0.2083333 0.5 0.25 0.5 0.2083333 0.5833333 0.2083333 0.5416667 0.25 0.5416666 0.2083333 0.5416666 0.2083333 0.5 0.2083333 0.5 0.2083333 0.5 0.25 0.5416667 0.25 0.5416667 0.25 0.4583333 0.25 0.5 0.25 0.5 0.25 0.4166666 0.25 0.4583333 0.25 0.4583333 0.25 0.5 0.2083333 0.4583333 0.2083333 0.4583333 0.2083333 0.625 0.2083333 0.5833333 0.2083333 0.5833333 0.2083333 0.875 0.5 0.875 0.5416666 0.875 0.5416666 0.375 0.25 0.4166666 0.25 0.4166666 0.25 0.4166666 0.2083333 0.375 0.2083333 0.375 0.2083333 0.625 0.4583333 0.5833333 0.5 0.5833333 0.4583333 0.6666666 0.75 0.6666666 0.7083333 0.6666666 0.7083333 0.625 0.9583333 0.5833333 1 0.5833333 0.9583333 0.625 0.75 0.5833333 0.75 0.625 0.75 0.875 0.7083333 0.8333333 0.75 0.8333333 0.7083333 0.5416667 0.7083333 0.5 0.7083333 0.5 0.7083333 0.7083333 0.7083333 0.6666666 0.75 0.6666666 0.7083333 0.75 0.7083333 0.7083333 0.75 0.7083333 0.7083333 0.7916666 0.7083333 0.75 0.75 0.75 0.7083333 0.8333333 0.7083333 0.7916666 0.75 0.7916666 0.7083333 0.6666666 0.5 0.625 0.5416666 0.625 0.5 0.6666666 0.5416666 0.625 0.5833333 0.625 0.5416666 0.6666666 0.5833333 0.625 0.625 0.625 0.5833333 0.625 0.625 0.6666666 0.6666666 0.625 0.6666666 0.625 0.6666666 0.6666666 0.7083333 0.625 0.7083333 0.7083333 0.5 0.6666666 0.5416666 0.6666666 0.5 0.7083333 0.5416666 0.6666666 0.5833333 0.6666666 0.5416666 0.7083333 0.5833333 0.6666666 0.625 0.6666666 0.5833333 0.7083333 0.625 0.6666666 0.6666666 0.6666666 0.625 0.7083333 0.6666666 0.6666666 0.7083333 0.6666666 0.6666666 0.75 0.5 0.7083333 0.5416666 0.7083333 0.5 0.75 0.5416666 0.7083333 0.5833333 0.7083333 0.5416666 0.75 0.5833333 0.7083333 0.625 0.7083333 0.5833333 0.75 0.625 0.7083333 0.6666666 0.7083333 0.625 0.75 0.6666666 0.7083333 0.7083333 0.7083333 0.6666666 0.7916667 0.5 0.75 0.5416666 0.75 0.5 0.7916666 0.5416666 0.75 0.5833333 0.75 0.5416666 0.7916666 0.5833333 0.75 0.625 0.75 0.5833333 0.7916666 0.625 0.75 0.6666666 0.75 0.625 0.7916666 0.6666666 0.75 0.7083333 0.75 0.6666666 0.8333333 0.5 0.7916666 0.5416666 0.7916667 0.5 0.8333333 0.5416666 0.7916666 0.5833333 0.7916666 0.5416666 0.8333334 0.5833333 0.7916666 0.625 0.7916666 0.5833333 0.8333333 0.625 0.7916666 0.6666666 0.7916666 0.625 0.8333333 0.6666666 0.7916666 0.7083333 0.7916666 0.6666666 0.875 0.5 0.8333333 0.5416666 0.8333333 0.5 0.875 0.5416666 0.8333334 0.5833333 0.8333333 0.5416666 0.875 0.5833333 0.8333333 0.625 0.8333334 0.5833333 0.875 0.625 0.8333333 0.6666666 0.8333333 0.625 0.875 0.6666667 0.8333333 0.7083333 0.8333333 0.6666666 0.125 0.7083333 0.1666666 0.75 0.125 0.75 0.2083333 0.7083333 0.1666666 0.75 0.1666666 0.7083333 0.25 0.7083333 0.2083333 0.75 0.2083333 0.7083333 0.2916667 0.7083333 0.25 0.75 0.25 0.7083333 0.3333333 0.7083333 0.2916666 0.75 0.2916667 0.7083333 0.1666666 0.5 0.125 0.5416666 0.125 0.5 0.1666666 0.5416666 0.125 0.5833333 0.125 0.5416666 0.1666666 0.5833333 0.125 0.625 0.125 0.5833333 0.1666666 0.625 0.125 0.6666666 0.125 0.625 0.1666666 0.6666666 0.125 0.7083333 0.125 0.6666666 0.2083333 0.5 0.1666666 0.5416666 0.1666666 0.5 0.2083333 0.5416666 0.1666666 0.5833333 0.1666666 0.5416666 0.1666666 0.5833333 0.2083333 0.625 0.1666666 0.625 0.2083333 0.625 0.1666666 0.6666666 0.1666666 0.625 0.2083333 0.6666666 0.1666666 0.7083333 0.1666666 0.6666666 0.2083333 0.5 0.25 0.5416666 0.2083333 0.5416666 0.25 0.5416666 0.2083333 0.5833333 0.2083333 0.5416666 0.2083333 0.5833333 0.25 0.625 0.2083333 0.625 0.25 0.625 0.2083333 0.6666666 0.2083333 0.625 0.2083333 0.6666666 0.25 0.7083333 0.2083333 0.7083333 0.25 0.5 0.2916667 0.5416666 0.25 0.5416666 0.2916667 0.5416666 0.25 0.5833333 0.25 0.5416666 0.25 0.5833333 0.2916667 0.625 0.25 0.625 0.2916667 0.625 0.25 0.6666666 0.25 0.625 0.25 0.6666666 0.2916667 0.7083333 0.25 0.7083333 0.3333333 0.5 0.2916667 0.5416666 0.2916667 0.5 0.3333333 0.5416666 0.2916667 0.5833333 0.2916667 0.5416666 0.2916667 0.5833333 0.3333333 0.625 0.2916667 0.625 0.2916667 0.625 0.3333333 0.6666666 0.2916667 0.6666666 0.3333333 0.6666666 0.2916667 0.7083333 0.2916667 0.6666666 0.3333333 0.5 0.375 0.5416666 0.3333333 0.5416666 0.375 0.5416666 0.3333333 0.5833333 0.3333333 0.5416666 0.375 0.5833333 0.3333333 0.625 0.3333333 0.5833333 0.3333333 0.625 0.375 0.6666667 0.3333333 0.6666666 0.3333333 0.6666666 0.375 0.7083333 0.3333333 0.7083333 0.4166667 0.9583333 0.375 1 0.375 0.9583333 0.4583333 0.9583333 0.4166667 1 0.4166667 0.9583333 0.5 0.9583333 0.4583333 1 0.4583333 0.9583333 0.5416666 0.9583333 0.5 1 0.5 0.9583333 0.5833333 0.9583333 0.5416666 1 0.5416666 0.9583333 0.4166666 0.75 0.375 0.7916666 0.375 0.75 0.4166666 0.7916667 0.375 0.8333333 0.375 0.7916666 0.4166667 0.8333334 0.375 0.875 0.375 0.8333333 0.4166667 0.875 0.375 0.9166666 0.375 0.875 0.4166666 0.9166666 0.375 0.9583333 0.375 0.9166666 0.4583333 0.75 0.4166666 0.7916667 0.4166666 0.75 0.4583333 0.7916667 0.4166667 0.8333334 0.4166666 0.7916667 0.4583333 0.8333334 0.4166667 0.875 0.4166667 0.8333334 0.4583333 0.875 0.4166666 0.9166666 0.4166667 0.875 0.4583333 0.9166666 0.4166667 0.9583333 0.4166666 0.9166666 0.5 0.75 0.4583333 0.7916667 0.4583333 0.75 0.5 0.7916667 0.4583333 0.8333334 0.4583333 0.7916667 0.5 0.8333334 0.4583333 0.875 0.4583333 0.8333334 0.5 0.875 0.4583333 0.9166666 0.4583333 0.875 0.5 0.9166666 0.4583333 0.9583333 0.4583333 0.9166666 0.5416667 0.75 0.5 0.7916667 0.5 0.75 0.5416667 0.7916667 0.5 0.8333334 0.5 0.7916667 0.5416667 0.8333334 0.5 0.875 0.5 0.8333334 0.5416666 0.875 0.5 0.9166666 0.5 0.875 0.5416666 0.9166666 0.5 0.9583333 0.5 0.9166666 0.5833333 0.75 0.5416667 0.7916667 0.5416667 0.75 0.5833333 0.7916667 0.5416667 0.8333334 0.5416667 0.7916667 0.5833333 0.8333334 0.5416666 0.875 0.5416667 0.8333334 0.5416666 0.875 0.5833333 0.9166666 0.5416666 0.9166666 0.5833333 0.9166666 0.5416666 0.9583333 0.5416666 0.9166666 0.625 0.75 0.5833333 0.7916667 0.5833333 0.75 0.625 0.7916667 0.5833333 0.8333334 0.5833333 0.7916667 0.625 0.8333334 0.5833333 0.875 0.5833333 0.8333334 0.5833333 0.875 0.625 0.9166666 0.5833333 0.9166666 0.625 0.9166666 0.5833333 0.9583333 0.5833333 0.9166666 0.4166666 0.7083333 0.375 0.7083333 0.375 0.7083333 0.375 0.75 0.375 0.7916666 0.375 0.75 0.5833333 0.7083333 0.5416667 0.7083333 0.5416667 0.7083333 0.625 0.7083333 0.6666666 0.7083333 0.625 0.7083333 0.4583333 0.7083333 0.4166666 0.7083333 0.4166666 0.7083333 0.375 0.5 0.4166666 0.5416666 0.375 0.5416666 0.375 0.5416666 0.4166667 0.5833333 0.375 0.5833333 0.4166667 0.5833333 0.375 0.625 0.375 0.5833333 0.4166666 0.625 0.375 0.6666667 0.375 0.625 0.375 0.6666667 0.4166666 0.7083333 0.375 0.7083333 0.4166666 0.5 0.4583333 0.5416666 0.4166666 0.5416666 0.4166666 0.5416666 0.4583333 0.5833333 0.4166667 0.5833333 0.4166667 0.5833333 0.4583333 0.625 0.4166666 0.625 0.4583333 0.625 0.4166666 0.6666666 0.4166666 0.625 0.4583333 0.6666666 0.4166666 0.7083333 0.4166666 0.6666666 0.5 0.5 0.4583333 0.5416666 0.4583333 0.5 0.5 0.5416666 0.4583333 0.5833333 0.4583333 0.5416666 0.5 0.5833333 0.4583333 0.625 0.4583333 0.5833333 0.4583333 0.625 0.5 0.6666666 0.4583333 0.6666666 0.4583333 0.6666666 0.5 0.7083333 0.4583333 0.7083333 0.5 0.5 0.5416667 0.5416666 0.5 0.5416666 0.5 0.5416666 0.5416667 0.5833333 0.5 0.5833333 0.5 0.5833333 0.5416667 0.625 0.5 0.625 0.5 0.625 0.5416667 0.6666666 0.5 0.6666666 0.5416667 0.6666666 0.5 0.7083333 0.5 0.6666666 0.5416667 0.5 0.5833333 0.5416666 0.5416667 0.5416666 0.5416667 0.5416666 0.5833333 0.5833333 0.5416667 0.5833333 0.5833333 0.5833333 0.5416667 0.625 0.5416667 0.5833333 0.5833333 0.625 0.5416667 0.6666666 0.5416667 0.625 0.5416667 0.6666666 0.5833333 0.7083333 0.5416667 0.7083333 0.625 0.5 0.5833333 0.5416666 0.5833333 0.5 0.5833333 0.5416666 0.625 0.5833333 0.5833333 0.5833333 0.5833333 0.5833333 0.625 0.625 0.5833333 0.625 0.625 0.625 0.5833333 0.6666666 0.5833333 0.625 0.625 0.6666666 0.5833333 0.7083333 0.5833333 0.6666666 0.4166666 0.4583333 0.375 0.5 0.375 0.4583333 0.4166666 0.4583333 0.4583333 0.5 0.4166666 0.5 0.5 0.4583333 0.4583333 0.5 0.4583333 0.4583333 0.5416667 0.4583333 0.5 0.5 0.5 0.4583333 0.5833333 0.4583333 0.5416667 0.5 0.5416667 0.4583333 0.4166666 0.25 0.375 0.2916666 0.375 0.25 0.4166666 0.2916666 0.375 0.3333333 0.375 0.2916666 0.4166667 0.3333333 0.375 0.375 0.375 0.3333333 0.4166666 0.375 0.375 0.4166666 0.375 0.375 0.4166666 0.4166666 0.375 0.4583333 0.375 0.4166666 0.4583333 0.25 0.4166666 0.2916666 0.4166666 0.25 0.4583333 0.2916666 0.4166667 0.3333333 0.4166666 0.2916666 0.4166667 0.3333333 0.4583333 0.375 0.4166666 0.375 0.4583333 0.375 0.4166666 0.4166666 0.4166666 0.375 0.4583333 0.4166666 0.4166666 0.4583333 0.4166666 0.4166666 0.5 0.25 0.4583333 0.2916666 0.4583333 0.25 0.5 0.2916666 0.4583333 0.3333333 0.4583333 0.2916666 0.5 0.3333333 0.4583333 0.375 0.4583333 0.3333333 0.5 0.375 0.4583333 0.4166666 0.4583333 0.375 0.5 0.4166666 0.4583333 0.4583333 0.4583333 0.4166666 0.5416667 0.25 0.5 0.2916666 0.5 0.25 0.5416667 0.2916666 0.5 0.3333333 0.5 0.2916666 0.5416667 0.3333333 0.5 0.375 0.5 0.3333333 0.5416667 0.375 0.5 0.4166666 0.5 0.375 0.5416667 0.4166666 0.5 0.4583333 0.5 0.4166666 0.5833333 0.25 0.5416667 0.2916666 0.5416667 0.25 0.5416667 0.2916666 0.5833333 0.3333333 0.5416667 0.3333333 0.5416667 0.3333333 0.5833333 0.375 0.5416667 0.375 0.5833333 0.375 0.5416667 0.4166666 0.5416667 0.375 0.5416667 0.4166666 0.5833333 0.4583333 0.5416667 0.4583333 0.625 0.25 0.5833333 0.2916666 0.5833333 0.25 0.625 0.2916666 0.5833333 0.3333333 0.5833333 0.2916666 0.625 0.3333333 0.5833333 0.375 0.5833333 0.3333333 0.625 0.375 0.5833333 0.4166666 0.5833333 0.375 0.625 0.4166666 0.5833333 0.4583333 0.5833333 0.4166666 0.5416667 0.25 0.5833333 0.25 0.5833333 0.25 0.5833333 0.25 0.625 0.25 0.625 0.25 0.125 0.5416666 0.125 0.5 0.125 0.5 0.5833333 0.2083333 0.5416666 0.2083333 0.5416666 0.2083333 0.4583333 0.2083333 0.4166666 0.2083333 0.4166666 0.2083333 0.375 0 0.4166667 0.04166662 0.375 0.04166662 0.4166667 0.04166662 0.375 0.08333331 0.375 0.04166662 0.4166667 0.08333331 0.375 0.125 0.375 0.08333331 0.4166666 0.125 0.375 0.1666666 0.375 0.125 0.4166666 0.1666666 0.375 0.2083333 0.375 0.1666666 0.4583333 0 0.4166667 0.04166662 0.4166667 0 0.4583333 0.04166662 0.4166667 0.08333331 0.4166667 0.04166662 0.4166667 0.08333331 0.4583333 0.125 0.4166666 0.125 0.4166666 0.125 0.4583333 0.1666666 0.4166666 0.1666666 0.4583333 0.1666666 0.4166666 0.2083333 0.4166666 0.1666666 0.5 0 0.4583333 0.04166662 0.4583333 0 0.5 0.04166662 0.4583333 0.08333331 0.4583333 0.04166662 0.5 0.08333331 0.4583333 0.125 0.4583333 0.08333331 0.5 0.125 0.4583333 0.1666666 0.4583333 0.125 0.4583333 0.1666666 0.5 0.2083333 0.4583333 0.2083333 0.5 0 0.5416666 0.04166662 0.5 0.04166662 0.5 0.04166662 0.5416666 0.08333331 0.5 0.08333331 0.5 0.08333331 0.5416666 0.125 0.5 0.125 0.5416666 0.125 0.5 0.1666666 0.5 0.125 0.5416666 0.1666666 0.5 0.2083333 0.5 0.1666666 0.5833333 0 0.5416666 0.04166662 0.5416666 0 0.5833333 0.04166662 0.5416666 0.08333331 0.5416666 0.04166662 0.5833333 0.08333331 0.5416666 0.125 0.5416666 0.08333331 0.5416666 0.125 0.5833333 0.1666666 0.5416666 0.1666666 0.5416666 0.1666666 0.5833333 0.2083333 0.5416666 0.2083333 0.5833333 0 0.625 0.04166662 0.5833333 0.04166662 0.625 0.04166662 0.5833333 0.08333331 0.5833333 0.04166662 0.5833333 0.08333331 0.625 0.125 0.5833333 0.125 0.5833333 0.125 0.625 0.1666666 0.5833333 0.1666666 0.625 0.1666666 0.5833333 0.2083333 0.5833333 0.1666666 0.625 0.7083333 0.5833333 0.75 0.5833333 0.7083333 0.3333333 0.7083333 0.375 0.75 0.3333333 0.75 0.625 0.7083333 0.6666666 0.75 0.625 0.75 0.4166666 0.7083333 0.375 0.75 0.375 0.7083333 0.4166666 0.7083333 0.4583333 0.75 0.4166666 0.75 0.4583333 0.7083333 0.5 0.75 0.4583333 0.75 0.5416667 0.7083333 0.5 0.75 0.5 0.7083333 0.5416667 0.7083333 0.5833333 0.75 0.5416667 0.75 0.375 0.7083333 0.3333333 0.7083333 0.3333333 0.7083333 0.5833333 0.75 0.5416667 0.75 0.5833333 0.75 0.5416667 0.75 0.5 0.75 0.5416667 0.75 0.5 0.7083333 0.4583333 0.7083333 0.4583333 0.7083333 0.625 0.7083333 0.5833333 0.7083333 0.5833333 0.7083333 0.625 0.75 0.625 0.7916667 0.625 0.7916667 0.3333333 0.75 0.3333333 0.7083333 0.3333333 0.75 0.5 0.75 0.4583333 0.75 0.5 0.75 0.4166666 0.75 0.375 0.75 0.4166666 0.75 0.4583333 0.75 0.4166666 0.75 0.4583333 0.75 0.5 0.25 0.5416667 0.25 0.5416667 0.25 0.5416667 0.25 0.5833333 0.25 0.5833333 0.25 0.625 0.2083333 0.5833333 0.2083333 0.5833333 0.2083333 0.5833333 0.25 0.625 0.25 0.625 0.25 0.5833333 0.2083333 0.5416666 0.2083333 0.5416666 0.2083333 0.125 0.5416666 0.125 0.5 0.125 0.5 0.5416666 0.2083333 0.5 0.2083333 0.5 0.2083333 0.5 0.25 0.5416667 0.25 0.5416667 0.25 0.4583333 0.25 0.5 0.25 0.5 0.25 0.4166666 0.25 0.4583333 0.25 0.4583333 0.25 0.5 0.2083333 0.4583333 0.2083333 0.4583333 0.2083333 0.625 0.2083333 0.5833333 0.2083333 0.5833333 0.2083333 0.875 0.5 0.875 0.5416666 0.875 0.5416666 0.375 0.25 0.4166666 0.25 0.4166666 0.25 0.625 0.2083333 0.5833333 0.25 0.5833333 0.2083333 0.4166666 0.2083333 0.375 0.25 0.375 0.2083333 0.4166666 0.2083333 0.4583333 0.25 0.4166666 0.25 0.5 0.2083333 0.4583333 0.25 0.4583333 0.2083333 0.5 0.2083333 0.5416667 0.25 0.5 0.25 0.5833333 0.2083333 0.5416667 0.25 0.5416666 0.2083333 0.4166666 0.2083333 0.375 0.2083333 0.375 0.2083333 0.4583333 0.25 0.5 0.25 0.5 0.25 0.4583333 0.2083333 0.4166666 0.2083333 0.4166666 0.2083333 0.4166666 0.25 0.4583333 0.25 0.4583333 0.25 0.875 0.5 0.875 0.5416666 0.875 0.5416666 0.5 0.2083333 0.4583333 0.2083333 0.4583333 0.2083333 0.375 0.25 0.4166666 0.25 0.4166666 0.25 0.5416666 0.2083333 0.5 0.2083333 0.5 0.2083333 0.625 0.9583333 0.5833333 1 0.5833333 0.9583333 0.4166667 0.9583333 0.375 1 0.375 0.9583333 0.4583333 0.9583333 0.4166667 1 0.4166667 0.9583333 0.5 0.9583333 0.4583333 1 0.4583333 0.9583333 0.5416666 0.9583333 0.5 1 0.5 0.9583333 0.5833333 0.9583333 0.5416666 1 0.5416666 0.9583333 0.4166667 0 0.4583333 0 0.4583333 0 0.4166667 0.9583333 0.375 0.9583333 0.375 0.9583333 0.4583333 0 0.5 0 0.5 0 0.4583333 0.9583333 0.4166667 0.9583333 0.4166667 0.9583333 0.5 0 0.5416666 0 0.5416666 0 0.5 0.9583333 0.4583333 0.9583333 0.4583333 0.9583333 0.5416666 0 0.5833333 0 0.5833333 0 0.5416666 0.9583333 0.5 0.9583333 0.5 0.9583333 0.375 0 0.4166667 0 0.4166667 0 0.8333333 0.7083333 0.875 0.75 0.8333333 0.75 0.1666666 0.7083333 0.125 0.75 0.125 0.7083333 0.875 0.75 0.8333333 0.75 0.8333333 0.75 0.625 0.9583333 0.5833333 0.9583333 0.5833333 0.9583333 0.1666666 0.75 0.125 0.75 0.125 0.75 0.5833333 0 0.625 0 0.625 0 0.5833333 0.9583333 0.5416666 0.9583333 0.5416666 0.9583333 0.4166667 0 0.375 0.04166662 0.375 0 0.4166667 0 0.4583333 0.04166662 0.4166667 0.04166662 0.4583333 0 0.5 0.04166662 0.4583333 0.04166662 0.5416666 0 0.5 0.04166662 0.5 0 0.5833333 0 0.5416666 0.04166662 0.5416666 0 0.625 0 0.5833333 0.04166662 0.5833333 0 0.625 0.2083333 0.5833333 0.25 0.5833333 0.2083333 0.375 0.2083333 0.4166666 0.25 0.375 0.25 0.4166666 0.2083333 0.4583333 0.25 0.4166666 0.25 0.5 0.2083333 0.4583333 0.25 0.4583333 0.2083333 0.5416666 0.2083333 0.5 0.25 0.5 0.2083333 0.5833333 0.2083333 0.5416667 0.25 0.5416666 0.2083333 0.4166667 0 0.4583333 0 0.4583333 0 0.4166667 0.9583333 0.375 0.9583333 0.375 0.9583333 0.4583333 0 0.5 0 0.5 0 0.4583333 0.9583333 0.4166667 0.9583333 0.4166667 0.9583333 0.5 0 0.5416666 0 0.5416666 0 0.5 0.9583333 0.4583333 0.9583333 0.4583333 0.9583333 0.5416666 0 0.5833333 0 0.5833333 0 0.5416666 0.9583333 0.5 0.9583333 0.5 0.9583333 0.625 0.2083333 0.625 0.25 0.5833333 0.25 0.625 0.4583333 0.625 0.5 0.5833333 0.5 0.625 0.7083333 0.625 0.75 0.5833333 0.75 0.1666666 0.75 0.1666666 0.75 0.1666666 0.7083333 0.3333333 0.7083333 0.375 0.7083333 0.375 0.75 0.875 0.7083333 0.875 0.7083333 0.8333333 0.7083333 0.625 0.7083333 0.6666666 0.7083333 0.6666666 0.75 0.6666666 0.7083333 0.7083333 0.7083333 0.7083333 0.75 0.75 0.7083333 0.75 0.75 0.7083333 0.75 0.7916666 0.7083333 0.7916666 0.75 0.75 0.75 0.8333333 0.7083333 0.8333333 0.75 0.7916666 0.75 0.6666666 0.5 0.6666666 0.5416666 0.625 0.5416666 0.6666666 0.5416666 0.6666666 0.5833333 0.625 0.5833333 0.6666666 0.5833333 0.6666666 0.625 0.625 0.625 0.6666666 0.625 0.6666666 0.6666666 0.625 0.6666666 0.6666666 0.6666666 0.6666666 0.7083333 0.625 0.7083333 0.7083333 0.5 0.7083333 0.5416666 0.6666666 0.5416666 0.7083333 0.5416666 0.7083333 0.5833333 0.6666666 0.5833333 0.7083333 0.5833333 0.7083333 0.625 0.6666666 0.625 0.7083333 0.625 0.7083333 0.6666666 0.6666666 0.6666666 0.7083333 0.6666666 0.7083333 0.7083333 0.6666666 0.7083333 0.75 0.5 0.75 0.5416666 0.7083333 0.5416666 0.75 0.5416666 0.75 0.5833333 0.7083333 0.5833333 0.75 0.5833333 0.75 0.625 0.7083333 0.625 0.75 0.625 0.75 0.6666666 0.7083333 0.6666666 0.75 0.6666666 0.75 0.7083333 0.7083333 0.7083333 0.7916667 0.5 0.7916666 0.5416666 0.75 0.5416666 0.7916666 0.5416666 0.7916666 0.5833333 0.75 0.5833333 0.7916666 0.5833333 0.7916666 0.625 0.75 0.625 0.7916666 0.625 0.7916666 0.6666666 0.75 0.6666666 0.7916666 0.6666666 0.7916666 0.7083333 0.75 0.7083333 0.7916667 0.5 0.8333333 0.5 0.8333333 0.5416666 0.8333333 0.5416666 0.8333334 0.5833333 0.7916666 0.5833333 0.8333334 0.5833333 0.8333333 0.625 0.7916666 0.625 0.8333333 0.625 0.8333333 0.6666666 0.7916666 0.6666666 0.8333333 0.6666666 0.8333333 0.7083333 0.7916666 0.7083333 0.8333333 0.5 0.875 0.5 0.875 0.5416666 0.8333333 0.5416666 0.875 0.5416666 0.875 0.5833333 0.8333334 0.5833333 0.875 0.5833333 0.875 0.625 0.8333333 0.625 0.875 0.625 0.875 0.6666667 0.8333333 0.6666666 0.875 0.6666667 0.875 0.7083333 0.5833333 0.04166662 0.5833333 0.04166662 0.625 0.04166662 0.2083333 0.7083333 0.2083333 0.75 0.1666666 0.75 0.25 0.7083333 0.25 0.75 0.2083333 0.75 0.2916667 0.7083333 0.2916666 0.75 0.25 0.75 0.3333333 0.7083333 0.3333333 0.75 0.2916666 0.75 0.1666666 0.5 0.1666666 0.5416666 0.125 0.5416666 0.1666666 0.5416666 0.1666666 0.5833333 0.125 0.5833333 0.1666666 0.5833333 0.1666666 0.625 0.125 0.625 0.1666666 0.625 0.1666666 0.6666666 0.125 0.6666666 0.1666666 0.6666666 0.1666666 0.7083333 0.125 0.7083333 0.2083333 0.5 0.2083333 0.5416666 0.1666666 0.5416666 0.2083333 0.5416666 0.2083333 0.5833333 0.1666666 0.5833333 0.2083333 0.5833333 0.2083333 0.625 0.1666666 0.625 0.2083333 0.625 0.2083333 0.6666666 0.1666666 0.6666666 0.2083333 0.6666666 0.2083333 0.7083333 0.1666666 0.7083333 0.25 0.5 0.25 0.5416666 0.2083333 0.5416666 0.25 0.5416666 0.25 0.5833333 0.2083333 0.5833333 0.25 0.5833333 0.25 0.625 0.2083333 0.625 0.25 0.625 0.25 0.6666666 0.2083333 0.6666666 0.25 0.6666666 0.25 0.7083333 0.2083333 0.7083333 0.2916667 0.5 0.2916667 0.5416666 0.25 0.5416666 0.2916667 0.5416666 0.2916667 0.5833333 0.25 0.5833333 0.2916667 0.5833333 0.2916667 0.625 0.25 0.625 0.2916667 0.625 0.2916667 0.6666666 0.25 0.6666666 0.2916667 0.6666666 0.2916667 0.7083333 0.25 0.7083333 0.3333333 0.5 0.3333333 0.5416666 0.2916667 0.5416666 0.3333333 0.5416666 0.3333333 0.5833333 0.2916667 0.5833333 0.3333333 0.5833333 0.3333333 0.625 0.2916667 0.625 0.3333333 0.625 0.3333333 0.6666666 0.2916667 0.6666666 0.3333333 0.6666666 0.3333333 0.7083333 0.2916667 0.7083333 0.3333333 0.5 0.375 0.5 0.375 0.5416666 0.3333333 0.5416666 0.375 0.5416666 0.375 0.5833333 0.3333333 0.5833333 0.375 0.5833333 0.375 0.625 0.3333333 0.625 0.375 0.625 0.375 0.6666667 0.3333333 0.6666666 0.375 0.6666667 0.375 0.7083333 0.4583333 0.04166662 0.4583333 0.04166662 0.5 0.04166662 0.5416666 0.9583333 0.5416666 0.9583333 0.5 0.9583333 0.4166667 0.9583333 0.4166667 0.9583333 0.375 0.9583333 0.125 0.7083333 0.1666666 0.7083333 0.1666666 0.7083333 0.5 0.04166662 0.5 0.04166662 0.5416666 0.04166662 0.4166666 0.75 0.4166666 0.7916667 0.375 0.7916666 0.4166666 0.7916667 0.4166667 0.8333334 0.375 0.8333333 0.4166667 0.8333334 0.4166667 0.875 0.375 0.875 0.4166667 0.875 0.4166666 0.9166666 0.375 0.9166666 0.4166666 0.9166666 0.4166667 0.9583333 0.375 0.9583333 0.4583333 0.75 0.4583333 0.7916667 0.4166666 0.7916667 0.4583333 0.7916667 0.4583333 0.8333334 0.4166667 0.8333334 0.4583333 0.8333334 0.4583333 0.875 0.4166667 0.875 0.4583333 0.875 0.4583333 0.9166666 0.4166666 0.9166666 0.4583333 0.9166666 0.4583333 0.9583333 0.4166667 0.9583333 0.5 0.75 0.5 0.7916667 0.4583333 0.7916667 0.5 0.7916667 0.5 0.8333334 0.4583333 0.8333334 0.5 0.8333334 0.5 0.875 0.4583333 0.875 0.5 0.875 0.5 0.9166666 0.4583333 0.9166666 0.5 0.9166666 0.5 0.9583333 0.4583333 0.9583333 0.5416667 0.75 0.5416667 0.7916667 0.5 0.7916667 0.5416667 0.7916667 0.5416667 0.8333334 0.5 0.8333334 0.5416667 0.8333334 0.5416666 0.875 0.5 0.875 0.5416666 0.875 0.5416666 0.9166666 0.5 0.9166666 0.5416666 0.9166666 0.5416666 0.9583333 0.5 0.9583333 0.5833333 0.75 0.5833333 0.7916667 0.5416667 0.7916667 0.5833333 0.7916667 0.5833333 0.8333334 0.5416667 0.8333334 0.5833333 0.8333334 0.5833333 0.875 0.5416666 0.875 0.5833333 0.875 0.5833333 0.9166666 0.5416666 0.9166666 0.5833333 0.9166666 0.5833333 0.9583333 0.5416666 0.9583333 0.625 0.75 0.625 0.7916667 0.5833333 0.7916667 0.625 0.7916667 0.625 0.8333334 0.5833333 0.8333334 0.625 0.8333334 0.625 0.875 0.5833333 0.875 0.625 0.875 0.625 0.9166666 0.5833333 0.9166666 0.625 0.9166666 0.625 0.9583333 0.5833333 0.9583333 0.4166666 0.7083333 0.4166666 0.75 0.375 0.75 0.4583333 0.7083333 0.4583333 0.75 0.4166666 0.75 0.5 0.7083333 0.5 0.75 0.4583333 0.75 0.5416667 0.7083333 0.5416667 0.75 0.5 0.75 0.5833333 0.7083333 0.5833333 0.75 0.5416667 0.75 0.4166666 0.5 0.4166666 0.5416666 0.375 0.5416666 0.4166666 0.5416666 0.4166667 0.5833333 0.375 0.5833333 0.4166667 0.5833333 0.4166666 0.625 0.375 0.625 0.4166666 0.625 0.4166666 0.6666666 0.375 0.6666667 0.4166666 0.6666666 0.4166666 0.7083333 0.375 0.7083333 0.4583333 0.5 0.4583333 0.5416666 0.4166666 0.5416666 0.4583333 0.5416666 0.4583333 0.5833333 0.4166667 0.5833333 0.4583333 0.5833333 0.4583333 0.625 0.4166666 0.625 0.4583333 0.625 0.4583333 0.6666666 0.4166666 0.6666666 0.4583333 0.6666666 0.4583333 0.7083333 0.4166666 0.7083333 0.5 0.5 0.5 0.5416666 0.4583333 0.5416666 0.5 0.5416666 0.5 0.5833333 0.4583333 0.5833333 0.5 0.5833333 0.5 0.625 0.4583333 0.625 0.5 0.625 0.5 0.6666666 0.4583333 0.6666666 0.5 0.6666666 0.5 0.7083333 0.4583333 0.7083333 0.5416667 0.5 0.5416667 0.5416666 0.5 0.5416666 0.5416667 0.5416666 0.5416667 0.5833333 0.5 0.5833333 0.5416667 0.5833333 0.5416667 0.625 0.5 0.625 0.5416667 0.625 0.5416667 0.6666666 0.5 0.6666666 0.5416667 0.6666666 0.5416667 0.7083333 0.5 0.7083333 0.5833333 0.5 0.5833333 0.5416666 0.5416667 0.5416666 0.5833333 0.5416666 0.5833333 0.5833333 0.5416667 0.5833333 0.5833333 0.5833333 0.5833333 0.625 0.5416667 0.625 0.5833333 0.625 0.5833333 0.6666666 0.5416667 0.6666666 0.5833333 0.6666666 0.5833333 0.7083333 0.5416667 0.7083333 0.625 0.5 0.625 0.5416666 0.5833333 0.5416666 0.625 0.5416666 0.625 0.5833333 0.5833333 0.5833333 0.625 0.5833333 0.625 0.625 0.5833333 0.625 0.625 0.625 0.625 0.6666666 0.5833333 0.6666666 0.625 0.6666666 0.625 0.7083333 0.5833333 0.7083333 0.4166666 0.4583333 0.4166666 0.5 0.375 0.5 0.4583333 0.4583333 0.4583333 0.5 0.4166666 0.5 0.5 0.4583333 0.5 0.5 0.4583333 0.5 0.5416667 0.4583333 0.5416667 0.5 0.5 0.5 0.5833333 0.4583333 0.5833333 0.5 0.5416667 0.5 0.4166666 0.25 0.4166666 0.2916666 0.375 0.2916666 0.4166666 0.2916666 0.4166667 0.3333333 0.375 0.3333333 0.4166667 0.3333333 0.4166666 0.375 0.375 0.375 0.4166666 0.375 0.4166666 0.4166666 0.375 0.4166666 0.4166666 0.4166666 0.4166666 0.4583333 0.375 0.4583333 0.4583333 0.25 0.4583333 0.2916666 0.4166666 0.2916666 0.4583333 0.2916666 0.4583333 0.3333333 0.4166667 0.3333333 0.4583333 0.3333333 0.4583333 0.375 0.4166666 0.375 0.4583333 0.375 0.4583333 0.4166666 0.4166666 0.4166666 0.4583333 0.4166666 0.4583333 0.4583333 0.4166666 0.4583333 0.5 0.25 0.5 0.2916666 0.4583333 0.2916666 0.5 0.2916666 0.5 0.3333333 0.4583333 0.3333333 0.5 0.3333333 0.5 0.375 0.4583333 0.375 0.5 0.375 0.5 0.4166666 0.4583333 0.4166666 0.5 0.4166666 0.5 0.4583333 0.4583333 0.4583333 0.5416667 0.25 0.5416667 0.2916666 0.5 0.2916666 0.5416667 0.2916666 0.5416667 0.3333333 0.5 0.3333333 0.5416667 0.3333333 0.5416667 0.375 0.5 0.375 0.5416667 0.375 0.5416667 0.4166666 0.5 0.4166666 0.5416667 0.4166666 0.5416667 0.4583333 0.5 0.4583333 0.5833333 0.25 0.5833333 0.2916666 0.5416667 0.2916666 0.5833333 0.2916666 0.5833333 0.3333333 0.5416667 0.3333333 0.5833333 0.3333333 0.5833333 0.375 0.5416667 0.375 0.5833333 0.375 0.5833333 0.4166666 0.5416667 0.4166666 0.5833333 0.4166666 0.5833333 0.4583333 0.5416667 0.4583333 0.625 0.25 0.625 0.2916666 0.5833333 0.2916666 0.625 0.2916666 0.625 0.3333333 0.5833333 0.3333333 0.625 0.3333333 0.625 0.375 0.5833333 0.375 0.625 0.375 0.625 0.4166666 0.5833333 0.4166666 0.625 0.4166666 0.625 0.4583333 0.5833333 0.4583333 0.4166666 0.2083333 0.4166666 0.25 0.375 0.25 0.4166666 0.2083333 0.4583333 0.2083333 0.4583333 0.25 0.5 0.2083333 0.5 0.25 0.4583333 0.25 0.5416666 0.2083333 0.5416667 0.25 0.5 0.25 0.5833333 0.2083333 0.5833333 0.25 0.5416667 0.25 0.375 0.04166662 0.375 0.04166662 0.4166667 0.04166662 0.4166667 0.04166662 0.4166667 0.08333331 0.375 0.08333331 0.4166667 0.08333331 0.4166666 0.125 0.375 0.125 0.4166666 0.125 0.4166666 0.1666666 0.375 0.1666666 0.4166666 0.1666666 0.4166666 0.2083333 0.375 0.2083333 0.5833333 0.9583333 0.5833333 0.9583333 0.5416666 0.9583333 0.4583333 0.04166662 0.4583333 0.08333331 0.4166667 0.08333331 0.4583333 0.08333331 0.4583333 0.125 0.4166666 0.125 0.4166666 0.125 0.4583333 0.125 0.4583333 0.1666666 0.4583333 0.1666666 0.4583333 0.2083333 0.4166666 0.2083333 0.4583333 0.9583333 0.4583333 0.9583333 0.4166667 0.9583333 0.5 0.04166662 0.5 0.08333331 0.4583333 0.08333331 0.5 0.08333331 0.5 0.125 0.4583333 0.125 0.4583333 0.125 0.5 0.125 0.5 0.1666666 0.5 0.1666666 0.5 0.2083333 0.4583333 0.2083333 0.5416666 0.04166662 0.5416666 0.04166662 0.5833333 0.04166662 0.5416666 0.04166662 0.5416666 0.08333331 0.5 0.08333331 0.5 0.08333331 0.5416666 0.08333331 0.5416666 0.125 0.5416666 0.125 0.5416666 0.1666666 0.5 0.1666666 0.5416666 0.1666666 0.5416666 0.2083333 0.5 0.2083333 0.4166667 0.04166662 0.4166667 0.04166662 0.4583333 0.04166662 0.5833333 0.04166662 0.5833333 0.08333331 0.5416666 0.08333331 0.5416666 0.08333331 0.5833333 0.08333331 0.5833333 0.125 0.5833333 0.125 0.5833333 0.1666666 0.5416666 0.1666666 0.5416666 0.1666666 0.5833333 0.1666666 0.5833333 0.2083333 0.8333333 0.7083333 0.8333333 0.7083333 0.8333333 0.75 0.625 0.04166662 0.625 0.08333331 0.5833333 0.08333331 0.625 0.08333331 0.625 0.125 0.5833333 0.125 0.625 0.125 0.625 0.1666666 0.5833333 0.1666666 0.5833333 0.1666666 0.625 0.1666666 0.625 0.2083333 0.375 0 0.375 0 0.4166667 0 0.8333333 0.7083333 0.875 0.7083333 0.875 0.75 0.1666666 0.7083333 0.1666666 0.75 0.125 0.75 0.875 0.75 0.875 0.75 0.8333333 0.75 0.625 0.9583333 0.625 0.9583333 0.5833333 0.9583333 0.1666666 0.75 0.1666666 0.75 0.125 0.75 0.5833333 0 0.5833333 0 0.625 0 0.5833333 0.9583333 0.5833333 0.9583333 0.5416666 0.9583333 0.4166667 0 0.4166667 0.04166662 0.375 0.04166662 0.4166667 0 0.4583333 0 0.4583333 0.04166662 0.4583333 0 0.5 0 0.5 0.04166662 0.5416666 0 0.5416666 0.04166662 0.5 0.04166662 0.5833333 0 0.5833333 0.04166662 0.5416666 0.04166662 0.625 0 0.625 0.04166662 0.5833333 0.04166662 0.5 0.9583333 0.5 0.9583333 0.4583333 0.9583333 0.625 0.9583333 0.625 0.9583333 0.5833333 0.9583333 0.625 0.2083333 0.625 0.25 0.5833333 0.25 0.625 0.4583333 0.625 0.5 0.5833333 0.5 0.6666666 0.75 0.6666666 0.75 0.6666666 0.7083333 0.625 0.9583333 0.625 1 0.5833333 1 0.5833333 0.75 0.5833333 0.75 0.625 0.75 0.8333333 0.7083333 0.875 0.7083333 0.875 0.75 0.5416667 0.7083333 0.5416667 0.7083333 0.5 0.7083333 0.7083333 0.7083333 0.7083333 0.75 0.6666666 0.75 0.75 0.7083333 0.75 0.75 0.7083333 0.75 0.7916666 0.7083333 0.7916666 0.75 0.75 0.75 0.8333333 0.7083333 0.8333333 0.75 0.7916666 0.75 0.6666666 0.5 0.6666666 0.5416666 0.625 0.5416666 0.6666666 0.5416666 0.6666666 0.5833333 0.625 0.5833333 0.6666666 0.5833333 0.6666666 0.625 0.625 0.625 0.6666666 0.625 0.6666666 0.6666666 0.625 0.6666666 0.625 0.6666666 0.6666666 0.6666666 0.6666666 0.7083333 0.7083333 0.5 0.7083333 0.5416666 0.6666666 0.5416666 0.7083333 0.5416666 0.7083333 0.5833333 0.6666666 0.5833333 0.7083333 0.5833333 0.7083333 0.625 0.6666666 0.625 0.7083333 0.625 0.7083333 0.6666666 0.6666666 0.6666666 0.7083333 0.6666666 0.7083333 0.7083333 0.6666666 0.7083333 0.75 0.5 0.75 0.5416666 0.7083333 0.5416666 0.75 0.5416666 0.75 0.5833333 0.7083333 0.5833333 0.75 0.5833333 0.75 0.625 0.7083333 0.625 0.75 0.625 0.75 0.6666666 0.7083333 0.6666666 0.75 0.6666666 0.75 0.7083333 0.7083333 0.7083333 0.7916667 0.5 0.7916666 0.5416666 0.75 0.5416666 0.7916666 0.5416666 0.7916666 0.5833333 0.75 0.5833333 0.75 0.5833333 0.7916666 0.5833333 0.7916666 0.625 0.7916666 0.625 0.7916666 0.6666666 0.75 0.6666666 0.7916666 0.6666666 0.7916666 0.7083333 0.75 0.7083333 0.8333333 0.5 0.8333333 0.5416666 0.7916666 0.5416666 0.8333333 0.5416666 0.8333334 0.5833333 0.7916666 0.5833333 0.7916666 0.5833333 0.8333334 0.5833333 0.8333333 0.625 0.8333333 0.625 0.8333333 0.6666666 0.7916666 0.6666666 0.8333333 0.6666666 0.8333333 0.7083333 0.7916666 0.7083333 0.8333333 0.5 0.875 0.5 0.875 0.5416666 0.8333333 0.5416666 0.875 0.5416666 0.875 0.5833333 0.8333334 0.5833333 0.875 0.5833333 0.875 0.625 0.8333333 0.625 0.875 0.625 0.875 0.6666667 0.8333333 0.6666666 0.875 0.6666667 0.875 0.7083333 0.1666666 0.7083333 0.1666666 0.75 0.125 0.75 0.2083333 0.7083333 0.2083333 0.75 0.1666666 0.75 0.25 0.7083333 0.25 0.75 0.2083333 0.75 0.2916667 0.7083333 0.2916666 0.75 0.25 0.75 0.3333333 0.7083333 0.3333333 0.75 0.2916666 0.75 0.1666666 0.5 0.1666666 0.5416666 0.125 0.5416666 0.1666666 0.5416666 0.1666666 0.5833333 0.125 0.5833333 0.1666666 0.5833333 0.1666666 0.625 0.125 0.625 0.1666666 0.625 0.1666666 0.6666666 0.125 0.6666666 0.1666666 0.6666666 0.1666666 0.7083333 0.125 0.7083333 0.2083333 0.5 0.2083333 0.5416666 0.1666666 0.5416666 0.2083333 0.5416666 0.2083333 0.5833333 0.1666666 0.5833333 0.2083333 0.5833333 0.2083333 0.625 0.1666666 0.625 0.2083333 0.625 0.2083333 0.6666666 0.1666666 0.6666666 0.2083333 0.6666666 0.2083333 0.7083333 0.1666666 0.7083333 0.25 0.5 0.25 0.5416666 0.2083333 0.5416666 0.25 0.5416666 0.25 0.5833333 0.2083333 0.5833333 0.25 0.5833333 0.25 0.625 0.2083333 0.625 0.25 0.625 0.25 0.6666666 0.2083333 0.6666666 0.25 0.6666666 0.25 0.7083333 0.2083333 0.7083333 0.2916667 0.5 0.2916667 0.5416666 0.25 0.5416666 0.2916667 0.5416666 0.2916667 0.5833333 0.25 0.5833333 0.2916667 0.5833333 0.2916667 0.625 0.25 0.625 0.2916667 0.625 0.2916667 0.6666666 0.25 0.6666666 0.2916667 0.6666666 0.2916667 0.7083333 0.25 0.7083333 0.3333333 0.5 0.3333333 0.5416666 0.2916667 0.5416666 0.3333333 0.5416666 0.3333333 0.5833333 0.2916667 0.5833333 0.3333333 0.5833333 0.3333333 0.625 0.2916667 0.625 0.3333333 0.625 0.3333333 0.6666666 0.2916667 0.6666666 0.3333333 0.6666666 0.3333333 0.7083333 0.2916667 0.7083333 0.3333333 0.5 0.375 0.5 0.375 0.5416666 0.3333333 0.5416666 0.375 0.5416666 0.375 0.5833333 0.3333333 0.5833333 0.375 0.5833333 0.375 0.625 0.3333333 0.625 0.375 0.625 0.375 0.6666667 0.3333333 0.6666666 0.375 0.6666667 0.375 0.7083333 0.4166667 0.9583333 0.4166667 1 0.375 1 0.4583333 0.9583333 0.4583333 1 0.4166667 1 0.5 0.9583333 0.5 1 0.4583333 1 0.5416666 0.9583333 0.5416666 1 0.5 1 0.5833333 0.9583333 0.5833333 1 0.5416666 1 0.4166666 0.75 0.4166666 0.7916667 0.375 0.7916666 0.4166666 0.7916667 0.4166667 0.8333334 0.375 0.8333333 0.4166667 0.8333334 0.4166667 0.875 0.375 0.875 0.4166667 0.875 0.4166666 0.9166666 0.375 0.9166666 0.4166666 0.9166666 0.4166667 0.9583333 0.375 0.9583333 0.4583333 0.75 0.4583333 0.7916667 0.4166666 0.7916667 0.4583333 0.7916667 0.4583333 0.8333334 0.4166667 0.8333334 0.4583333 0.8333334 0.4583333 0.875 0.4166667 0.875 0.4583333 0.875 0.4583333 0.9166666 0.4166666 0.9166666 0.4583333 0.9166666 0.4583333 0.9583333 0.4166667 0.9583333 0.5 0.75 0.5 0.7916667 0.4583333 0.7916667 0.5 0.7916667 0.5 0.8333334 0.4583333 0.8333334 0.5 0.8333334 0.5 0.875 0.4583333 0.875 0.5 0.875 0.5 0.9166666 0.4583333 0.9166666 0.5 0.9166666 0.5 0.9583333 0.4583333 0.9583333 0.5416667 0.75 0.5416667 0.7916667 0.5 0.7916667 0.5416667 0.7916667 0.5416667 0.8333334 0.5 0.8333334 0.5416667 0.8333334 0.5416666 0.875 0.5 0.875 0.5416666 0.875 0.5416666 0.9166666 0.5 0.9166666 0.5416666 0.9166666 0.5416666 0.9583333 0.5 0.9583333 0.5833333 0.75 0.5833333 0.7916667 0.5416667 0.7916667 0.5833333 0.7916667 0.5833333 0.8333334 0.5416667 0.8333334 0.5833333 0.8333334 0.5833333 0.875 0.5416666 0.875 0.5833333 0.875 0.5833333 0.9166666 0.5416666 0.9166666 0.5833333 0.9166666 0.5833333 0.9583333 0.5416666 0.9583333 0.625 0.75 0.625 0.7916667 0.5833333 0.7916667 0.625 0.7916667 0.625 0.8333334 0.5833333 0.8333334 0.625 0.8333334 0.625 0.875 0.5833333 0.875 0.625 0.875 0.625 0.9166666 0.5833333 0.9166666 0.625 0.9166666 0.625 0.9583333 0.5833333 0.9583333 0.4166666 0.7083333 0.4166666 0.7083333 0.375 0.7083333 0.375 0.75 0.375 0.7916666 0.375 0.7916666 0.5833333 0.7083333 0.5833333 0.7083333 0.5416667 0.7083333 0.625 0.7083333 0.6666666 0.7083333 0.6666666 0.7083333 0.4583333 0.7083333 0.4583333 0.7083333 0.4166666 0.7083333 0.4166666 0.5 0.4166666 0.5416666 0.375 0.5416666 0.4166666 0.5416666 0.4166667 0.5833333 0.375 0.5833333 0.4166667 0.5833333 0.4166666 0.625 0.375 0.625 0.4166666 0.625 0.4166666 0.6666666 0.375 0.6666667 0.4166666 0.6666666 0.4166666 0.7083333 0.375 0.7083333 0.4583333 0.5 0.4583333 0.5416666 0.4166666 0.5416666 0.4583333 0.5416666 0.4583333 0.5833333 0.4166667 0.5833333 0.4583333 0.5833333 0.4583333 0.625 0.4166666 0.625 0.4583333 0.625 0.4583333 0.6666666 0.4166666 0.6666666 0.4583333 0.6666666 0.4583333 0.7083333 0.4166666 0.7083333 0.5 0.5 0.5 0.5416666 0.4583333 0.5416666 0.5 0.5416666 0.5 0.5833333 0.4583333 0.5833333 0.5 0.5833333 0.5 0.625 0.4583333 0.625 0.5 0.625 0.5 0.6666666 0.4583333 0.6666666 0.5 0.6666666 0.5 0.7083333 0.4583333 0.7083333 0.5416667 0.5 0.5416667 0.5416666 0.5 0.5416666 0.5416667 0.5416666 0.5416667 0.5833333 0.5 0.5833333 0.5416667 0.5833333 0.5416667 0.625 0.5 0.625 0.5416667 0.625 0.5416667 0.6666666 0.5 0.6666666 0.5416667 0.6666666 0.5416667 0.7083333 0.5 0.7083333 0.5833333 0.5 0.5833333 0.5416666 0.5416667 0.5416666 0.5833333 0.5416666 0.5833333 0.5833333 0.5416667 0.5833333 0.5833333 0.5833333 0.5833333 0.625 0.5416667 0.625 0.5833333 0.625 0.5833333 0.6666666 0.5416667 0.6666666 0.5833333 0.6666666 0.5833333 0.7083333 0.5416667 0.7083333 0.625 0.5 0.625 0.5416666 0.5833333 0.5416666 0.625 0.5416666 0.625 0.5833333 0.5833333 0.5833333 0.625 0.5833333 0.625 0.625 0.5833333 0.625 0.625 0.625 0.625 0.6666666 0.5833333 0.6666666 0.625 0.6666666 0.625 0.7083333 0.5833333 0.7083333 0.4166666 0.4583333 0.4166666 0.5 0.375 0.5 0.4583333 0.4583333 0.4583333 0.5 0.4166666 0.5 0.5 0.4583333 0.5 0.5 0.4583333 0.5 0.5416667 0.4583333 0.5416667 0.5 0.5 0.5 0.5833333 0.4583333 0.5833333 0.5 0.5416667 0.5 0.4166666 0.25 0.4166666 0.2916666 0.375 0.2916666 0.4166666 0.2916666 0.4166667 0.3333333 0.375 0.3333333 0.4166667 0.3333333 0.4166666 0.375 0.375 0.375 0.4166666 0.375 0.4166666 0.4166666 0.375 0.4166666 0.4166666 0.4166666 0.4166666 0.4583333 0.375 0.4583333 0.4583333 0.25 0.4583333 0.2916666 0.4166666 0.2916666 0.4583333 0.2916666 0.4583333 0.3333333 0.4166667 0.3333333 0.4583333 0.3333333 0.4583333 0.375 0.4166666 0.375 0.4583333 0.375 0.4583333 0.4166666 0.4166666 0.4166666 0.4583333 0.4166666 0.4583333 0.4583333 0.4166666 0.4583333 0.5 0.25 0.5 0.2916666 0.4583333 0.2916666 0.5 0.2916666 0.5 0.3333333 0.4583333 0.3333333 0.5 0.3333333 0.5 0.375 0.4583333 0.375 0.5 0.375 0.5 0.4166666 0.4583333 0.4166666 0.5 0.4166666 0.5 0.4583333 0.4583333 0.4583333 0.5416667 0.25 0.5416667 0.2916666 0.5 0.2916666 0.5416667 0.2916666 0.5416667 0.3333333 0.5 0.3333333 0.5416667 0.3333333 0.5416667 0.375 0.5 0.375 0.5416667 0.375 0.5416667 0.4166666 0.5 0.4166666 0.5416667 0.4166666 0.5416667 0.4583333 0.5 0.4583333 0.5833333 0.25 0.5833333 0.2916666 0.5416667 0.2916666 0.5833333 0.2916666 0.5833333 0.3333333 0.5416667 0.3333333 0.5833333 0.3333333 0.5833333 0.375 0.5416667 0.375 0.5833333 0.375 0.5833333 0.4166666 0.5416667 0.4166666 0.5833333 0.4166666 0.5833333 0.4583333 0.5416667 0.4583333 0.625 0.25 0.625 0.2916666 0.5833333 0.2916666 0.625 0.2916666 0.625 0.3333333 0.5833333 0.3333333 0.625 0.3333333 0.625 0.375 0.5833333 0.375 0.625 0.375 0.625 0.4166666 0.5833333 0.4166666 0.625 0.4166666 0.625 0.4583333 0.5833333 0.4583333 0.4166666 0.2083333 0.4166666 0.25 0.375 0.25 0.4166666 0.2083333 0.4583333 0.2083333 0.4583333 0.25 0.5 0.2083333 0.5 0.25 0.4583333 0.25 0.5416666 0.2083333 0.5416667 0.25 0.5 0.25 0.5833333 0.2083333 0.5833333 0.25 0.5416667 0.25 0.4166667 0 0.4166667 0.04166662 0.375 0.04166662 0.4166667 0.04166662 0.4166667 0.08333331 0.375 0.08333331 0.4166667 0.08333331 0.4166666 0.125 0.375 0.125 0.4166666 0.125 0.4166666 0.1666666 0.375 0.1666666 0.4166666 0.1666666 0.4166666 0.2083333 0.375 0.2083333 0.4166667 0 0.4583333 0 0.4583333 0.04166662 0.4583333 0.04166662 0.4583333 0.08333331 0.4166667 0.08333331 0.4583333 0.08333331 0.4583333 0.125 0.4166666 0.125 0.4166666 0.125 0.4583333 0.125 0.4583333 0.1666666 0.4583333 0.1666666 0.4583333 0.2083333 0.4166666 0.2083333 0.4583333 0 0.5 0 0.5 0.04166662 0.5 0.04166662 0.5 0.08333331 0.4583333 0.08333331 0.5 0.08333331 0.5 0.125 0.4583333 0.125 0.4583333 0.125 0.5 0.125 0.5 0.1666666 0.5 0.1666666 0.5 0.2083333 0.4583333 0.2083333 0.5416666 0 0.5416666 0.04166662 0.5 0.04166662 0.5416666 0.04166662 0.5416666 0.08333331 0.5 0.08333331 0.5 0.08333331 0.5416666 0.08333331 0.5416666 0.125 0.5416666 0.125 0.5416666 0.1666666 0.5 0.1666666 0.5416666 0.1666666 0.5416666 0.2083333 0.5 0.2083333 0.5833333 0 0.5833333 0.04166662 0.5416666 0.04166662 0.5833333 0.04166662 0.5833333 0.08333331 0.5416666 0.08333331 0.5416666 0.08333331 0.5833333 0.08333331 0.5833333 0.125 0.5833333 0.125 0.5833333 0.1666666 0.5416666 0.1666666 0.5416666 0.1666666 0.5833333 0.1666666 0.5833333 0.2083333 0.625 0 0.625 0.04166662 0.5833333 0.04166662 0.625 0.04166662 0.625 0.08333331 0.5833333 0.08333331 0.625 0.08333331 0.625 0.125 0.5833333 0.125 0.625 0.125 0.625 0.1666666 0.5833333 0.1666666 0.5833333 0.1666666 0.625 0.1666666 0.625 0.2083333 0.5 0.75 0.5 0.75 0.5416667 0.75 0.375 0.7083333 0.375 0.7083333 0.3333333 0.7083333 0.4583333 0.7083333 0.4583333 0.7083333 0.4166666 0.7083333 0.5416667 0.75 0.5416667 0.75 0.5833333 0.75 0.3333333 0.7083333 0.3333333 0.7083333 0.3333333 0.75 0.4166666 0.7083333 0.4166666 0.7083333 0.375 0.7083333 0.5833333 0.75 0.5833333 0.75 0.625 0.75 0.625 0.7083333 0.6666666 0.7083333 0.6666666 0.7083333 0.375 0.7083333 0.375 0.7083333 0.3333333 0.7083333 0.5416667 0.75 0.5416667 0.75 0.5833333 0.75 0.5 0.75 0.5 0.75 0.5416667 0.75 0.5 0.7083333 0.5 0.7083333 0.4583333 0.7083333 0.625 0.7083333 0.625 0.7083333 0.5833333 0.7083333 0.625 0.75 0.625 0.75 0.625 0.7916667 0.3333333 0.75 0.3333333 0.7083333 0.3333333 0.7083333 0.4583333 0.75 0.4583333 0.75 0.5 0.75 0.375 0.75 0.375 0.75 0.4166666 0.75 0.4166666 0.75 0.4166666 0.75 0.4583333 0.75 0.625 0.7083333 0.625 0.75 0.5833333 0.75 0.3333333 0.7083333 0.375 0.7083333 0.375 0.75 0.6666666 0.7083333 0.6666666 0.75 0.625 0.75 0.4166666 0.7083333 0.4166666 0.75 0.375 0.75 0.4583333 0.7083333 0.4583333 0.75 0.4166666 0.75 0.5 0.7083333 0.5 0.75 0.4583333 0.75 0.5416667 0.7083333 0.5416667 0.75 0.5 0.75 0.5833333 0.7083333 0.5833333 0.75 0.5416667 0.75 0.5 0.7083333 0.5 0.7083333 0.4583333 0.7083333 0.4583333 0.75 0.4583333 0.75 0.5 0.75 0.5416667 0.7083333 0.5416667 0.7083333 0.5 0.7083333 0.4166666 0.75 0.4166666 0.75 0.4583333 0.75 0.5833333 0.7083333 0.5833333 0.7083333 0.5416667 0.7083333 0.375 0.75 0.375 0.75 0.4166666 0.75 0.625 0.75 0.625 0.75 0.625 0.7916667 0.625 0.7083333 0.625 0.7083333 0.5833333 0.7083333 0.375 0.75 0.375 0.7916666 0.375 0.7916666 0.6666666 0.75 0.6666666 0.75 0.6666666 0.7083333 0.4166666 0.2083333 0.4166666 0.2083333 0.375 0.2083333 0.625 0.4583333 0.625 0.5 0.5833333 0.5 0.6666666 0.75 0.6666666 0.75 0.6666666 0.7083333 0.625 0.9583333 0.625 1 0.5833333 1 0.5833333 0.75 0.5833333 0.75 0.625 0.75 0.875 0.7083333 0.875 0.75 0.8333333 0.75 0.5416667 0.7083333 0.5416667 0.7083333 0.5 0.7083333 0.6666666 0.7083333 0.7083333 0.7083333 0.7083333 0.75 0.75 0.7083333 0.75 0.75 0.7083333 0.75 0.7916666 0.7083333 0.7916666 0.75 0.75 0.75 0.8333333 0.7083333 0.8333333 0.75 0.7916666 0.75 0.6666666 0.5 0.6666666 0.5416666 0.625 0.5416666 0.6666666 0.5416666 0.6666666 0.5833333 0.625 0.5833333 0.6666666 0.5833333 0.6666666 0.625 0.625 0.625 0.6666666 0.625 0.6666666 0.6666666 0.625 0.6666666 0.6666666 0.6666666 0.6666666 0.7083333 0.625 0.7083333 0.7083333 0.5 0.7083333 0.5416666 0.6666666 0.5416666 0.7083333 0.5416666 0.7083333 0.5833333 0.6666666 0.5833333 0.7083333 0.5833333 0.7083333 0.625 0.6666666 0.625 0.7083333 0.625 0.7083333 0.6666666 0.6666666 0.6666666 0.7083333 0.6666666 0.7083333 0.7083333 0.6666666 0.7083333 0.75 0.5 0.75 0.5416666 0.7083333 0.5416666 0.75 0.5416666 0.75 0.5833333 0.7083333 0.5833333 0.75 0.5833333 0.75 0.625 0.7083333 0.625 0.75 0.625 0.75 0.6666666 0.7083333 0.6666666 0.75 0.6666666 0.75 0.7083333 0.7083333 0.7083333 0.7916667 0.5 0.7916666 0.5416666 0.75 0.5416666 0.7916666 0.5416666 0.7916666 0.5833333 0.75 0.5833333 0.7916666 0.5833333 0.7916666 0.625 0.75 0.625 0.7916666 0.625 0.7916666 0.6666666 0.75 0.6666666 0.7916666 0.6666666 0.7916666 0.7083333 0.75 0.7083333 0.7916667 0.5 0.8333333 0.5 0.8333333 0.5416666 0.8333333 0.5416666 0.8333334 0.5833333 0.7916666 0.5833333 0.8333334 0.5833333 0.8333333 0.625 0.7916666 0.625 0.8333333 0.625 0.8333333 0.6666666 0.7916666 0.6666666 0.8333333 0.6666666 0.8333333 0.7083333 0.7916666 0.7083333 0.8333333 0.5 0.875 0.5 0.875 0.5416666 0.8333333 0.5416666 0.875 0.5416666 0.875 0.5833333 0.875 0.5833333 0.875 0.625 0.8333333 0.625 0.875 0.625 0.875 0.6666667 0.8333333 0.6666666 0.875 0.6666667 0.875 0.7083333 0.8333333 0.7083333 0.1666666 0.7083333 0.1666666 0.75 0.125 0.75 0.2083333 0.7083333 0.2083333 0.75 0.1666666 0.75 0.25 0.7083333 0.25 0.75 0.2083333 0.75 0.2916667 0.7083333 0.2916666 0.75 0.25 0.75 0.3333333 0.7083333 0.3333333 0.75 0.2916666 0.75 0.1666666 0.5 0.1666666 0.5416666 0.125 0.5416666 0.1666666 0.5416666 0.1666666 0.5833333 0.125 0.5833333 0.1666666 0.5833333 0.1666666 0.625 0.125 0.625 0.1666666 0.625 0.1666666 0.6666666 0.125 0.6666666 0.1666666 0.6666666 0.1666666 0.7083333 0.125 0.7083333 0.2083333 0.5 0.2083333 0.5416666 0.1666666 0.5416666 0.2083333 0.5416666 0.2083333 0.5833333 0.1666666 0.5833333 0.2083333 0.5833333 0.2083333 0.625 0.1666666 0.625 0.2083333 0.625 0.2083333 0.6666666 0.1666666 0.6666666 0.2083333 0.6666666 0.2083333 0.7083333 0.1666666 0.7083333 0.25 0.5 0.25 0.5416666 0.2083333 0.5416666 0.25 0.5416666 0.25 0.5833333 0.2083333 0.5833333 0.25 0.5833333 0.25 0.625 0.2083333 0.625 0.25 0.625 0.25 0.6666666 0.2083333 0.6666666 0.25 0.6666666 0.25 0.7083333 0.2083333 0.7083333 0.2916667 0.5 0.2916667 0.5416666 0.25 0.5416666 0.2916667 0.5416666 0.2916667 0.5833333 0.25 0.5833333 0.2916667 0.5833333 0.2916667 0.625 0.25 0.625 0.2916667 0.625 0.2916667 0.6666666 0.25 0.6666666 0.2916667 0.6666666 0.2916667 0.7083333 0.25 0.7083333 0.3333333 0.5 0.3333333 0.5416666 0.2916667 0.5416666 0.3333333 0.5416666 0.3333333 0.5833333 0.2916667 0.5833333 0.3333333 0.5833333 0.3333333 0.625 0.2916667 0.625 0.3333333 0.625 0.3333333 0.6666666 0.2916667 0.6666666 0.3333333 0.6666666 0.3333333 0.7083333 0.2916667 0.7083333 0.375 0.5 0.375 0.5416666 0.3333333 0.5416666 0.375 0.5416666 0.375 0.5833333 0.3333333 0.5833333 0.375 0.5833333 0.375 0.625 0.3333333 0.625 0.375 0.625 0.375 0.6666667 0.3333333 0.6666666 0.375 0.6666667 0.375 0.7083333 0.3333333 0.7083333 0.4166667 0.9583333 0.4166667 1 0.375 1 0.4583333 0.9583333 0.4583333 1 0.4166667 1 0.5 0.9583333 0.5 1 0.4583333 1 0.5416666 0.9583333 0.5416666 1 0.5 1 0.5833333 0.9583333 0.5833333 1 0.5416666 1 0.4166666 0.75 0.4166666 0.7916667 0.375 0.7916666 0.4166666 0.7916667 0.4166667 0.8333334 0.375 0.8333333 0.4166667 0.8333334 0.4166667 0.875 0.375 0.875 0.4166667 0.875 0.4166666 0.9166666 0.375 0.9166666 0.4166666 0.9166666 0.4166667 0.9583333 0.375 0.9583333 0.4583333 0.75 0.4583333 0.7916667 0.4166666 0.7916667 0.4583333 0.7916667 0.4583333 0.8333334 0.4166667 0.8333334 0.4583333 0.8333334 0.4583333 0.875 0.4166667 0.875 0.4583333 0.875 0.4583333 0.9166666 0.4166666 0.9166666 0.4583333 0.9166666 0.4583333 0.9583333 0.4166667 0.9583333 0.5 0.75 0.5 0.7916667 0.4583333 0.7916667 0.5 0.7916667 0.5 0.8333334 0.4583333 0.8333334 0.5 0.8333334 0.5 0.875 0.4583333 0.875 0.5 0.875 0.5 0.9166666 0.4583333 0.9166666 0.5 0.9166666 0.5 0.9583333 0.4583333 0.9583333 0.5416667 0.75 0.5416667 0.7916667 0.5 0.7916667 0.5416667 0.7916667 0.5416667 0.8333334 0.5 0.8333334 0.5416667 0.8333334 0.5416666 0.875 0.5 0.875 0.5416666 0.875 0.5416666 0.9166666 0.5 0.9166666 0.5416666 0.9166666 0.5416666 0.9583333 0.5 0.9583333 0.5833333 0.75 0.5833333 0.7916667 0.5416667 0.7916667 0.5833333 0.7916667 0.5833333 0.8333334 0.5416667 0.8333334 0.5833333 0.8333334 0.5833333 0.875 0.5416666 0.875 0.5833333 0.875 0.5833333 0.9166666 0.5416666 0.9166666 0.5833333 0.9166666 0.5833333 0.9583333 0.5416666 0.9583333 0.625 0.75 0.625 0.7916667 0.5833333 0.7916667 0.625 0.7916667 0.625 0.8333334 0.5833333 0.8333334 0.625 0.8333334 0.625 0.875 0.5833333 0.875 0.625 0.875 0.625 0.9166666 0.5833333 0.9166666 0.625 0.9166666 0.625 0.9583333 0.5833333 0.9583333 0.4166666 0.7083333 0.4166666 0.7083333 0.375 0.7083333 0.375 0.75 0.375 0.7916666 0.375 0.7916666 0.5833333 0.7083333 0.5833333 0.7083333 0.5416667 0.7083333 0.625 0.7083333 0.6666666 0.7083333 0.6666666 0.7083333 0.4583333 0.7083333 0.4583333 0.7083333 0.4166666 0.7083333 0.4166666 0.5 0.4166666 0.5416666 0.375 0.5416666 0.4166666 0.5416666 0.4166667 0.5833333 0.375 0.5833333 0.4166667 0.5833333 0.4166666 0.625 0.375 0.625 0.4166666 0.625 0.4166666 0.6666666 0.375 0.6666667 0.4166666 0.6666666 0.4166666 0.7083333 0.375 0.7083333 0.4583333 0.5 0.4583333 0.5416666 0.4166666 0.5416666 0.4583333 0.5416666 0.4583333 0.5833333 0.4166667 0.5833333 0.4583333 0.5833333 0.4583333 0.625 0.4166666 0.625 0.4583333 0.625 0.4583333 0.6666666 0.4166666 0.6666666 0.4583333 0.6666666 0.4583333 0.7083333 0.4166666 0.7083333 0.5 0.5 0.5 0.5416666 0.4583333 0.5416666 0.5 0.5416666 0.5 0.5833333 0.4583333 0.5833333 0.5 0.5833333 0.5 0.625 0.4583333 0.625 0.5 0.625 0.5 0.6666666 0.4583333 0.6666666 0.5 0.6666666 0.5 0.7083333 0.4583333 0.7083333 0.5416667 0.5 0.5416667 0.5416666 0.5 0.5416666 0.5416667 0.5416666 0.5416667 0.5833333 0.5 0.5833333 0.5416667 0.5833333 0.5416667 0.625 0.5 0.625 0.5416667 0.625 0.5416667 0.6666666 0.5 0.6666666 0.5416667 0.6666666 0.5416667 0.7083333 0.5 0.7083333 0.5833333 0.5 0.5833333 0.5416666 0.5416667 0.5416666 0.5833333 0.5416666 0.5833333 0.5833333 0.5416667 0.5833333 0.5833333 0.5833333 0.5833333 0.625 0.5416667 0.625 0.5833333 0.625 0.5833333 0.6666666 0.5416667 0.6666666 0.5833333 0.6666666 0.5833333 0.7083333 0.5416667 0.7083333 0.625 0.5 0.625 0.5416666 0.5833333 0.5416666 0.625 0.5416666 0.625 0.5833333 0.5833333 0.5833333 0.625 0.5833333 0.625 0.625 0.5833333 0.625 0.625 0.625 0.625 0.6666666 0.5833333 0.6666666 0.625 0.6666666 0.625 0.7083333 0.5833333 0.7083333 0.4166666 0.4583333 0.4166666 0.5 0.375 0.5 0.4583333 0.4583333 0.4583333 0.5 0.4166666 0.5 0.5 0.4583333 0.5 0.5 0.4583333 0.5 0.5416667 0.4583333 0.5416667 0.5 0.5 0.5 0.5833333 0.4583333 0.5833333 0.5 0.5416667 0.5 0.4166666 0.25 0.4166666 0.2916666 0.375 0.2916666 0.4166666 0.2916666 0.4166667 0.3333333 0.375 0.3333333 0.4166667 0.3333333 0.4166666 0.375 0.375 0.375 0.4166666 0.375 0.4166666 0.4166666 0.375 0.4166666 0.4166666 0.4166666 0.4166666 0.4583333 0.375 0.4583333 0.4583333 0.25 0.4583333 0.2916666 0.4166666 0.2916666 0.4583333 0.2916666 0.4583333 0.3333333 0.4166667 0.3333333 0.4583333 0.3333333 0.4583333 0.375 0.4166666 0.375 0.4583333 0.375 0.4583333 0.4166666 0.4166666 0.4166666 0.4583333 0.4166666 0.4583333 0.4583333 0.4166666 0.4583333 0.5 0.25 0.5 0.2916666 0.4583333 0.2916666 0.5 0.2916666 0.5 0.3333333 0.4583333 0.3333333 0.5 0.3333333 0.5 0.375 0.4583333 0.375 0.5 0.375 0.5 0.4166666 0.4583333 0.4166666 0.5 0.4166666 0.5 0.4583333 0.4583333 0.4583333 0.5416667 0.25 0.5416667 0.2916666 0.5 0.2916666 0.5416667 0.2916666 0.5416667 0.3333333 0.5 0.3333333 0.5416667 0.3333333 0.5416667 0.375 0.5 0.375 0.5416667 0.375 0.5416667 0.4166666 0.5 0.4166666 0.5416667 0.4166666 0.5416667 0.4583333 0.5 0.4583333 0.5833333 0.25 0.5833333 0.2916666 0.5416667 0.2916666 0.5833333 0.2916666 0.5833333 0.3333333 0.5416667 0.3333333 0.5833333 0.3333333 0.5833333 0.375 0.5416667 0.375 0.5833333 0.375 0.5833333 0.4166666 0.5416667 0.4166666 0.5833333 0.4166666 0.5833333 0.4583333 0.5416667 0.4583333 0.625 0.25 0.625 0.2916666 0.5833333 0.2916666 0.625 0.2916666 0.625 0.3333333 0.5833333 0.3333333 0.625 0.3333333 0.625 0.375 0.5833333 0.375 0.625 0.375 0.625 0.4166666 0.5833333 0.4166666 0.625 0.4166666 0.625 0.4583333 0.5833333 0.4583333 0.5416667 0.25 0.5416667 0.25 0.5833333 0.25 0.5833333 0.25 0.5833333 0.25 0.625 0.25 0.125 0.5416666 0.125 0.5416666 0.125 0.5 0.5833333 0.2083333 0.5833333 0.2083333 0.5416666 0.2083333 0.4583333 0.2083333 0.4583333 0.2083333 0.4166666 0.2083333 0.4166667 0 0.4166667 0.04166662 0.375 0.04166662 0.4166667 0.04166662 0.4166667 0.08333331 0.375 0.08333331 0.4166667 0.08333331 0.4166666 0.125 0.375 0.125 0.4166666 0.125 0.4166666 0.1666666 0.375 0.1666666 0.4166666 0.1666666 0.4166666 0.2083333 0.375 0.2083333 0.4166667 0 0.4583333 0 0.4583333 0.04166662 0.4583333 0.04166662 0.4583333 0.08333331 0.4166667 0.08333331 0.4583333 0.08333331 0.4583333 0.125 0.4166666 0.125 0.4166666 0.125 0.4583333 0.125 0.4583333 0.1666666 0.4583333 0.1666666 0.4583333 0.2083333 0.4166666 0.2083333 0.4583333 0 0.5 0 0.5 0.04166662 0.5 0.04166662 0.5 0.08333331 0.4583333 0.08333331 0.5 0.08333331 0.5 0.125 0.4583333 0.125 0.4583333 0.125 0.5 0.125 0.5 0.1666666 0.5 0.1666666 0.5 0.2083333 0.4583333 0.2083333 0.5416666 0 0.5416666 0.04166662 0.5 0.04166662 0.5416666 0.04166662 0.5416666 0.08333331 0.5 0.08333331 0.5 0.08333331 0.5416666 0.08333331 0.5416666 0.125 0.5416666 0.125 0.5416666 0.1666666 0.5 0.1666666 0.5416666 0.1666666 0.5416666 0.2083333 0.5 0.2083333 0.5833333 0 0.5833333 0.04166662 0.5416666 0.04166662 0.5833333 0.04166662 0.5833333 0.08333331 0.5416666 0.08333331 0.5416666 0.08333331 0.5833333 0.08333331 0.5833333 0.125 0.5833333 0.125 0.5833333 0.1666666 0.5416666 0.1666666 0.5416666 0.1666666 0.5833333 0.1666666 0.5833333 0.2083333 0.625 0 0.625 0.04166662 0.5833333 0.04166662 0.625 0.04166662 0.625 0.08333331 0.5833333 0.08333331 0.625 0.08333331 0.625 0.125 0.5833333 0.125 0.625 0.125 0.625 0.1666666 0.5833333 0.1666666 0.5833333 0.1666666 0.625 0.1666666 0.625 0.2083333 0.625 0.7083333 0.625 0.75 0.5833333 0.75 0.375 0.7083333 0.375 0.75 0.3333333 0.75 0.6666666 0.7083333 0.6666666 0.75 0.625 0.75 0.4166666 0.7083333 0.4166666 0.75 0.375 0.75 0.4583333 0.7083333 0.4583333 0.75 0.4166666 0.75 0.5 0.7083333 0.5 0.75 0.4583333 0.75 0.5416667 0.7083333 0.5416667 0.75 0.5 0.75 0.5833333 0.7083333 0.5833333 0.75 0.5416667 0.75 0.375 0.7083333 0.375 0.7083333 0.3333333 0.7083333 0.5416667 0.75 0.5416667 0.75 0.5833333 0.75 0.5 0.75 0.5 0.75 0.5416667 0.75 0.5 0.7083333 0.5 0.7083333 0.4583333 0.7083333 0.625 0.7083333 0.625 0.7083333 0.5833333 0.7083333 0.625 0.75 0.625 0.75 0.625 0.7916667 0.3333333 0.75 0.3333333 0.7083333 0.3333333 0.7083333 0.4583333 0.75 0.4583333 0.75 0.5 0.75 0.375 0.75 0.375 0.75 0.4166666 0.75 0.4166666 0.75 0.4166666 0.75 0.4583333 0.75 0.625 0.2083333 0.625 0.25 0.5833333 0.25 0.375 0.2083333 0.4166666 0.2083333 0.4166666 0.25 0.4166666 0.2083333 0.4583333 0.2083333 0.4583333 0.25 0.5 0.2083333 0.5 0.25 0.4583333 0.25 0.5416666 0.2083333 0.5416667 0.25 0.5 0.25 0.5833333 0.2083333 0.5833333 0.25 0.5416667 0.25 0.5416666 0.2083333 0.5416666 0.2083333 0.5 0.2083333 0.5 0.25 0.5 0.25 0.5416667 0.25 0.4583333 0.25 0.4583333 0.25 0.5 0.25 0.4166666 0.25 0.4166666 0.25 0.4583333 0.25 0.5 0.2083333 0.5 0.2083333 0.4583333 0.2083333 0.625 0.2083333 0.625 0.2083333 0.5833333 0.2083333 0.875 0.5 0.875 0.5 0.875 0.5416666 0.375 0.25 0.375 0.25 0.4166666 0.25 0.4166666 0.2083333 0.4166666 0.2083333 0.375 0.2083333 0.625 0.4583333 0.625 0.5 0.5833333 0.5 0.6666666 0.75 0.6666666 0.75 0.6666666 0.7083333 0.625 0.9583333 0.625 1 0.5833333 1 0.625 0.75 0.5833333 0.75 0.5833333 0.75 0.875 0.7083333 0.875 0.75 0.8333333 0.75 0.5416667 0.7083333 0.5416667 0.7083333 0.5 0.7083333 0.7083333 0.7083333 0.7083333 0.75 0.6666666 0.75 0.75 0.7083333 0.75 0.75 0.7083333 0.75 0.7916666 0.7083333 0.7916666 0.75 0.75 0.75 0.8333333 0.7083333 0.8333333 0.75 0.7916666 0.75 0.6666666 0.5 0.6666666 0.5416666 0.625 0.5416666 0.6666666 0.5416666 0.6666666 0.5833333 0.625 0.5833333 0.6666666 0.5833333 0.6666666 0.625 0.625 0.625 0.625 0.625 0.6666666 0.625 0.6666666 0.6666666 0.625 0.6666666 0.6666666 0.6666666 0.6666666 0.7083333 0.7083333 0.5 0.7083333 0.5416666 0.6666666 0.5416666 0.7083333 0.5416666 0.7083333 0.5833333 0.6666666 0.5833333 0.7083333 0.5833333 0.7083333 0.625 0.6666666 0.625 0.7083333 0.625 0.7083333 0.6666666 0.6666666 0.6666666 0.7083333 0.6666666 0.7083333 0.7083333 0.6666666 0.7083333 0.75 0.5 0.75 0.5416666 0.7083333 0.5416666 0.75 0.5416666 0.75 0.5833333 0.7083333 0.5833333 0.75 0.5833333 0.75 0.625 0.7083333 0.625 0.75 0.625 0.75 0.6666666 0.7083333 0.6666666 0.75 0.6666666 0.75 0.7083333 0.7083333 0.7083333 0.7916667 0.5 0.7916666 0.5416666 0.75 0.5416666 0.7916666 0.5416666 0.7916666 0.5833333 0.75 0.5833333 0.7916666 0.5833333 0.7916666 0.625 0.75 0.625 0.7916666 0.625 0.7916666 0.6666666 0.75 0.6666666 0.7916666 0.6666666 0.7916666 0.7083333 0.75 0.7083333 0.8333333 0.5 0.8333333 0.5416666 0.7916666 0.5416666 0.8333333 0.5416666 0.8333334 0.5833333 0.7916666 0.5833333 0.8333334 0.5833333 0.8333333 0.625 0.7916666 0.625 0.8333333 0.625 0.8333333 0.6666666 0.7916666 0.6666666 0.8333333 0.6666666 0.8333333 0.7083333 0.7916666 0.7083333 0.875 0.5 0.875 0.5416666 0.8333333 0.5416666 0.875 0.5416666 0.875 0.5833333 0.8333334 0.5833333 0.875 0.5833333 0.875 0.625 0.8333333 0.625 0.875 0.625 0.875 0.6666667 0.8333333 0.6666666 0.875 0.6666667 0.875 0.7083333 0.8333333 0.7083333 0.125 0.7083333 0.1666666 0.7083333 0.1666666 0.75 0.2083333 0.7083333 0.2083333 0.75 0.1666666 0.75 0.25 0.7083333 0.25 0.75 0.2083333 0.75 0.2916667 0.7083333 0.2916666 0.75 0.25 0.75 0.3333333 0.7083333 0.3333333 0.75 0.2916666 0.75 0.1666666 0.5 0.1666666 0.5416666 0.125 0.5416666 0.1666666 0.5416666 0.1666666 0.5833333 0.125 0.5833333 0.1666666 0.5833333 0.1666666 0.625 0.125 0.625 0.1666666 0.625 0.1666666 0.6666666 0.125 0.6666666 0.1666666 0.6666666 0.1666666 0.7083333 0.125 0.7083333 0.2083333 0.5 0.2083333 0.5416666 0.1666666 0.5416666 0.2083333 0.5416666 0.2083333 0.5833333 0.1666666 0.5833333 0.1666666 0.5833333 0.2083333 0.5833333 0.2083333 0.625 0.2083333 0.625 0.2083333 0.6666666 0.1666666 0.6666666 0.2083333 0.6666666 0.2083333 0.7083333 0.1666666 0.7083333 0.2083333 0.5 0.25 0.5 0.25 0.5416666 0.25 0.5416666 0.25 0.5833333 0.2083333 0.5833333 0.2083333 0.5833333 0.25 0.5833333 0.25 0.625 0.25 0.625 0.25 0.6666666 0.2083333 0.6666666 0.2083333 0.6666666 0.25 0.6666666 0.25 0.7083333 0.25 0.5 0.2916667 0.5 0.2916667 0.5416666 0.2916667 0.5416666 0.2916667 0.5833333 0.25 0.5833333 0.25 0.5833333 0.2916667 0.5833333 0.2916667 0.625 0.2916667 0.625 0.2916667 0.6666666 0.25 0.6666666 0.25 0.6666666 0.2916667 0.6666666 0.2916667 0.7083333 0.3333333 0.5 0.3333333 0.5416666 0.2916667 0.5416666 0.3333333 0.5416666 0.3333333 0.5833333 0.2916667 0.5833333 0.2916667 0.5833333 0.3333333 0.5833333 0.3333333 0.625 0.2916667 0.625 0.3333333 0.625 0.3333333 0.6666666 0.3333333 0.6666666 0.3333333 0.7083333 0.2916667 0.7083333 0.3333333 0.5 0.375 0.5 0.375 0.5416666 0.375 0.5416666 0.375 0.5833333 0.3333333 0.5833333 0.375 0.5833333 0.375 0.625 0.3333333 0.625 0.3333333 0.625 0.375 0.625 0.375 0.6666667 0.3333333 0.6666666 0.375 0.6666667 0.375 0.7083333 0.4166667 0.9583333 0.4166667 1 0.375 1 0.4583333 0.9583333 0.4583333 1 0.4166667 1 0.5 0.9583333 0.5 1 0.4583333 1 0.5416666 0.9583333 0.5416666 1 0.5 1 0.5833333 0.9583333 0.5833333 1 0.5416666 1 0.4166666 0.75 0.4166666 0.7916667 0.375 0.7916666 0.4166666 0.7916667 0.4166667 0.8333334 0.375 0.8333333 0.4166667 0.8333334 0.4166667 0.875 0.375 0.875 0.4166667 0.875 0.4166666 0.9166666 0.375 0.9166666 0.4166666 0.9166666 0.4166667 0.9583333 0.375 0.9583333 0.4583333 0.75 0.4583333 0.7916667 0.4166666 0.7916667 0.4583333 0.7916667 0.4583333 0.8333334 0.4166667 0.8333334 0.4583333 0.8333334 0.4583333 0.875 0.4166667 0.875 0.4583333 0.875 0.4583333 0.9166666 0.4166666 0.9166666 0.4583333 0.9166666 0.4583333 0.9583333 0.4166667 0.9583333 0.5 0.75 0.5 0.7916667 0.4583333 0.7916667 0.5 0.7916667 0.5 0.8333334 0.4583333 0.8333334 0.5 0.8333334 0.5 0.875 0.4583333 0.875 0.5 0.875 0.5 0.9166666 0.4583333 0.9166666 0.5 0.9166666 0.5 0.9583333 0.4583333 0.9583333 0.5416667 0.75 0.5416667 0.7916667 0.5 0.7916667 0.5416667 0.7916667 0.5416667 0.8333334 0.5 0.8333334 0.5416667 0.8333334 0.5416666 0.875 0.5 0.875 0.5416666 0.875 0.5416666 0.9166666 0.5 0.9166666 0.5416666 0.9166666 0.5416666 0.9583333 0.5 0.9583333 0.5833333 0.75 0.5833333 0.7916667 0.5416667 0.7916667 0.5833333 0.7916667 0.5833333 0.8333334 0.5416667 0.8333334 0.5833333 0.8333334 0.5833333 0.875 0.5416666 0.875 0.5416666 0.875 0.5833333 0.875 0.5833333 0.9166666 0.5833333 0.9166666 0.5833333 0.9583333 0.5416666 0.9583333 0.625 0.75 0.625 0.7916667 0.5833333 0.7916667 0.625 0.7916667 0.625 0.8333334 0.5833333 0.8333334 0.625 0.8333334 0.625 0.875 0.5833333 0.875 0.5833333 0.875 0.625 0.875 0.625 0.9166666 0.625 0.9166666 0.625 0.9583333 0.5833333 0.9583333 0.4166666 0.7083333 0.4166666 0.7083333 0.375 0.7083333 0.375 0.75 0.375 0.7916666 0.375 0.7916666 0.5833333 0.7083333 0.5833333 0.7083333 0.5416667 0.7083333 0.625 0.7083333 0.6666666 0.7083333 0.6666666 0.7083333 0.4583333 0.7083333 0.4583333 0.7083333 0.4166666 0.7083333 0.375 0.5 0.4166666 0.5 0.4166666 0.5416666 0.375 0.5416666 0.4166666 0.5416666 0.4166667 0.5833333 0.4166667 0.5833333 0.4166666 0.625 0.375 0.625 0.4166666 0.625 0.4166666 0.6666666 0.375 0.6666667 0.375 0.6666667 0.4166666 0.6666666 0.4166666 0.7083333 0.4166666 0.5 0.4583333 0.5 0.4583333 0.5416666 0.4166666 0.5416666 0.4583333 0.5416666 0.4583333 0.5833333 0.4166667 0.5833333 0.4583333 0.5833333 0.4583333 0.625 0.4583333 0.625 0.4583333 0.6666666 0.4166666 0.6666666 0.4583333 0.6666666 0.4583333 0.7083333 0.4166666 0.7083333 0.5 0.5 0.5 0.5416666 0.4583333 0.5416666 0.5 0.5416666 0.5 0.5833333 0.4583333 0.5833333 0.5 0.5833333 0.5 0.625 0.4583333 0.625 0.4583333 0.625 0.5 0.625 0.5 0.6666666 0.4583333 0.6666666 0.5 0.6666666 0.5 0.7083333 0.5 0.5 0.5416667 0.5 0.5416667 0.5416666 0.5 0.5416666 0.5416667 0.5416666 0.5416667 0.5833333 0.5 0.5833333 0.5416667 0.5833333 0.5416667 0.625 0.5 0.625 0.5416667 0.625 0.5416667 0.6666666 0.5416667 0.6666666 0.5416667 0.7083333 0.5 0.7083333 0.5416667 0.5 0.5833333 0.5 0.5833333 0.5416666 0.5416667 0.5416666 0.5833333 0.5416666 0.5833333 0.5833333 0.5833333 0.5833333 0.5833333 0.625 0.5416667 0.625 0.5833333 0.625 0.5833333 0.6666666 0.5416667 0.6666666 0.5416667 0.6666666 0.5833333 0.6666666 0.5833333 0.7083333 0.625 0.5 0.625 0.5416666 0.5833333 0.5416666 0.5833333 0.5416666 0.625 0.5416666 0.625 0.5833333 0.5833333 0.5833333 0.625 0.5833333 0.625 0.625 0.625 0.625 0.625 0.6666666 0.5833333 0.6666666 0.625 0.6666666 0.625 0.7083333 0.5833333 0.7083333 0.4166666 0.4583333 0.4166666 0.5 0.375 0.5 0.4166666 0.4583333 0.4583333 0.4583333 0.4583333 0.5 0.5 0.4583333 0.5 0.5 0.4583333 0.5 0.5416667 0.4583333 0.5416667 0.5 0.5 0.5 0.5833333 0.4583333 0.5833333 0.5 0.5416667 0.5 0.4166666 0.25 0.4166666 0.2916666 0.375 0.2916666 0.4166666 0.2916666 0.4166667 0.3333333 0.375 0.3333333 0.4166667 0.3333333 0.4166666 0.375 0.375 0.375 0.4166666 0.375 0.4166666 0.4166666 0.375 0.4166666 0.4166666 0.4166666 0.4166666 0.4583333 0.375 0.4583333 0.4583333 0.25 0.4583333 0.2916666 0.4166666 0.2916666 0.4583333 0.2916666 0.4583333 0.3333333 0.4166667 0.3333333 0.4166667 0.3333333 0.4583333 0.3333333 0.4583333 0.375 0.4583333 0.375 0.4583333 0.4166666 0.4166666 0.4166666 0.4583333 0.4166666 0.4583333 0.4583333 0.4166666 0.4583333 0.5 0.25 0.5 0.2916666 0.4583333 0.2916666 0.5 0.2916666 0.5 0.3333333 0.4583333 0.3333333 0.5 0.3333333 0.5 0.375 0.4583333 0.375 0.5 0.375 0.5 0.4166666 0.4583333 0.4166666 0.5 0.4166666 0.5 0.4583333 0.4583333 0.4583333 0.5416667 0.25 0.5416667 0.2916666 0.5 0.2916666 0.5416667 0.2916666 0.5416667 0.3333333 0.5 0.3333333 0.5416667 0.3333333 0.5416667 0.375 0.5 0.375 0.5416667 0.375 0.5416667 0.4166666 0.5 0.4166666 0.5416667 0.4166666 0.5416667 0.4583333 0.5 0.4583333 0.5833333 0.25 0.5833333 0.2916666 0.5416667 0.2916666 0.5416667 0.2916666 0.5833333 0.2916666 0.5833333 0.3333333 0.5416667 0.3333333 0.5833333 0.3333333 0.5833333 0.375 0.5833333 0.375 0.5833333 0.4166666 0.5416667 0.4166666 0.5416667 0.4166666 0.5833333 0.4166666 0.5833333 0.4583333 0.625 0.25 0.625 0.2916666 0.5833333 0.2916666 0.625 0.2916666 0.625 0.3333333 0.5833333 0.3333333 0.625 0.3333333 0.625 0.375 0.5833333 0.375 0.625 0.375 0.625 0.4166666 0.5833333 0.4166666 0.625 0.4166666 0.625 0.4583333 0.5833333 0.4583333 0.5416667 0.25 0.5416667 0.25 0.5833333 0.25 0.5833333 0.25 0.5833333 0.25 0.625 0.25 0.125 0.5416666 0.125 0.5416666 0.125 0.5 0.5833333 0.2083333 0.5833333 0.2083333 0.5416666 0.2083333 0.4583333 0.2083333 0.4583333 0.2083333 0.4166666 0.2083333 0.375 0 0.4166667 0 0.4166667 0.04166662 0.4166667 0.04166662 0.4166667 0.08333331 0.375 0.08333331 0.4166667 0.08333331 0.4166666 0.125 0.375 0.125 0.4166666 0.125 0.4166666 0.1666666 0.375 0.1666666 0.4166666 0.1666666 0.4166666 0.2083333 0.375 0.2083333 0.4583333 0 0.4583333 0.04166662 0.4166667 0.04166662 0.4583333 0.04166662 0.4583333 0.08333331 0.4166667 0.08333331 0.4166667 0.08333331 0.4583333 0.08333331 0.4583333 0.125 0.4166666 0.125 0.4583333 0.125 0.4583333 0.1666666 0.4583333 0.1666666 0.4583333 0.2083333 0.4166666 0.2083333 0.5 0 0.5 0.04166662 0.4583333 0.04166662 0.5 0.04166662 0.5 0.08333331 0.4583333 0.08333331 0.5 0.08333331 0.5 0.125 0.4583333 0.125 0.5 0.125 0.5 0.1666666 0.4583333 0.1666666 0.4583333 0.1666666 0.5 0.1666666 0.5 0.2083333 0.5 0 0.5416666 0 0.5416666 0.04166662 0.5 0.04166662 0.5416666 0.04166662 0.5416666 0.08333331 0.5 0.08333331 0.5416666 0.08333331 0.5416666 0.125 0.5416666 0.125 0.5416666 0.1666666 0.5 0.1666666 0.5416666 0.1666666 0.5416666 0.2083333 0.5 0.2083333 0.5833333 0 0.5833333 0.04166662 0.5416666 0.04166662 0.5833333 0.04166662 0.5833333 0.08333331 0.5416666 0.08333331 0.5833333 0.08333331 0.5833333 0.125 0.5416666 0.125 0.5416666 0.125 0.5833333 0.125 0.5833333 0.1666666 0.5416666 0.1666666 0.5833333 0.1666666 0.5833333 0.2083333 0.5833333 0 0.625 0 0.625 0.04166662 0.625 0.04166662 0.625 0.08333331 0.5833333 0.08333331 0.5833333 0.08333331 0.625 0.08333331 0.625 0.125 0.5833333 0.125 0.625 0.125 0.625 0.1666666 0.625 0.1666666 0.625 0.2083333 0.5833333 0.2083333 0.625 0.7083333 0.625 0.75 0.5833333 0.75 0.3333333 0.7083333 0.375 0.7083333 0.375 0.75 0.625 0.7083333 0.6666666 0.7083333 0.6666666 0.75 0.4166666 0.7083333 0.4166666 0.75 0.375 0.75 0.4166666 0.7083333 0.4583333 0.7083333 0.4583333 0.75 0.4583333 0.7083333 0.5 0.7083333 0.5 0.75 0.5416667 0.7083333 0.5416667 0.75 0.5 0.75 0.5416667 0.7083333 0.5833333 0.7083333 0.5833333 0.75 0.375 0.7083333 0.375 0.7083333 0.3333333 0.7083333 0.5833333 0.75 0.5416667 0.75 0.5416667 0.75 0.5416667 0.75 0.5 0.75 0.5 0.75 0.5 0.7083333 0.5 0.7083333 0.4583333 0.7083333 0.625 0.7083333 0.625 0.7083333 0.5833333 0.7083333 0.625 0.75 0.625 0.75 0.625 0.7916667 0.3333333 0.75 0.3333333 0.7083333 0.3333333 0.7083333 0.5 0.75 0.4583333 0.75 0.4583333 0.75 0.4166666 0.75 0.375 0.75 0.375 0.75 0.4583333 0.75 0.4166666 0.75 0.4166666 0.75 0.5 0.25 0.5 0.25 0.5416667 0.25 0.5416667 0.25 0.5416667 0.25 0.5833333 0.25 0.625 0.2083333 0.625 0.2083333 0.5833333 0.2083333 0.5833333 0.25 0.5833333 0.25 0.625 0.25 0.5833333 0.2083333 0.5833333 0.2083333 0.5416666 0.2083333 0.125 0.5416666 0.125 0.5416666 0.125 0.5 0.5416666 0.2083333 0.5416666 0.2083333 0.5 0.2083333 0.5 0.25 0.5 0.25 0.5416667 0.25 0.4583333 0.25 0.4583333 0.25 0.5 0.25 0.4166666 0.25 0.4166666 0.25 0.4583333 0.25 0.5 0.2083333 0.5 0.2083333 0.4583333 0.2083333 0.625 0.2083333 0.625 0.2083333 0.5833333 0.2083333 0.875 0.5 0.875 0.5 0.875 0.5416666 0.375 0.25 0.375 0.25 0.4166666 0.25 0.625 0.2083333 0.625 0.25 0.5833333 0.25 0.4166666 0.2083333 0.4166666 0.25 0.375 0.25 0.4166666 0.2083333 0.4583333 0.2083333 0.4583333 0.25 0.5 0.2083333 0.5 0.25 0.4583333 0.25 0.5 0.2083333 0.5416666 0.2083333 0.5416667 0.25 0.5833333 0.2083333 0.5833333 0.25 0.5416667 0.25 0.4166666 0.2083333 0.4166666 0.2083333 0.375 0.2083333 0.4583333 0.25 0.4583333 0.25 0.5 0.25 0.4583333 0.2083333 0.4583333 0.2083333 0.4166666 0.2083333 0.4166666 0.25 0.4166666 0.25 0.4583333 0.25 0.875 0.5 0.875 0.5 0.875 0.5416666 0.5 0.2083333 0.5 0.2083333 0.4583333 0.2083333 0.375 0.25 0.375 0.25 0.4166666 0.25 0.5416666 0.2083333 0.5416666 0.2083333 0.5 0.2083333 0.625 0.9583333 0.625 1 0.5833333 1 0.4166667 0.9583333 0.4166667 1 0.375 1 0.4583333 0.9583333 0.4583333 1 0.4166667 1 0.5 0.9583333 0.5 1 0.4583333 1 0.5416666 0.9583333 0.5416666 1 0.5 1 0.5833333 0.9583333 0.5833333 1 0.5416666 1 0.4166667 0 0.4166667 0 0.4583333 0 0.4166667 0.9583333 0.4166667 0.9583333 0.375 0.9583333 0.4583333 0 0.4583333 0 0.5 0 0.4583333 0.9583333 0.4583333 0.9583333 0.4166667 0.9583333 0.5 0 0.5 0 0.5416666 0 0.5 0.9583333 0.5 0.9583333 0.4583333 0.9583333 0.5416666 0 0.5416666 0 0.5833333 0 0.5416666 0.9583333 0.5416666 0.9583333 0.5 0.9583333 0.375 0 0.375 0 0.4166667 0 0.8333333 0.7083333 0.875 0.7083333 0.875 0.75 0.1666666 0.7083333 0.1666666 0.75 0.125 0.75 0.875 0.75 0.875 0.75 0.8333333 0.75 0.625 0.9583333 0.625 0.9583333 0.5833333 0.9583333 0.1666666 0.75 0.1666666 0.75 0.125 0.75 0.5833333 0 0.5833333 0 0.625 0 0.5833333 0.9583333 0.5833333 0.9583333 0.5416666 0.9583333 0.4166667 0 0.4166667 0.04166662 0.375 0.04166662 0.4166667 0 0.4583333 0 0.4583333 0.04166662 0.4583333 0 0.5 0 0.5 0.04166662 0.5416666 0 0.5416666 0.04166662 0.5 0.04166662 0.5833333 0 0.5833333 0.04166662 0.5416666 0.04166662 0.625 0 0.625 0.04166662 0.5833333 0.04166662 0.625 0.2083333 0.625 0.25 0.5833333 0.25 0.375 0.2083333 0.4166666 0.2083333 0.4166666 0.25 0.4166666 0.2083333 0.4583333 0.2083333 0.4583333 0.25 0.5 0.2083333 0.5 0.25 0.4583333 0.25 0.5416666 0.2083333 0.5416667 0.25 0.5 0.25 0.5833333 0.2083333 0.5833333 0.25 0.5416667 0.25 0.4166667 0 0.4166667 0 0.4583333 0 0.4166667 0.9583333 0.4166667 0.9583333 0.375 0.9583333 0.4583333 0 0.4583333 0 0.5 0 0.4583333 0.9583333 0.4583333 0.9583333 0.4166667 0.9583333 0.5 0 0.5 0 0.5416666 0 0.5 0.9583333 0.5 0.9583333 0.4583333 0.9583333 0.5416666 0 0.5416666 0 0.5833333 0 0.5416666 0.9583333 0.5416666 0.9583333 0.5 0.9583333</float_array>
          <technique_common>
            <accessor source="#Cube_002-mesh-map-0-array" count="6216" stride="2">
              <param name="S" type="float"/>
              <param name="T" type="float"/>
            </accessor>
          </technique_common>
        </source>
        <vertices id="Cube_002-mesh-vertices">
          <input semantic="POSITION" source="#Cube_002-mesh-positions"/>
        </vertices>
        <triangles count="2072">
          <input semantic="VERTEX" source="#Cube_002-mesh-vertices" offset="0"/>
          <input semantic="NORMAL" source="#Cube_002-mesh-normals" offset="1"/>
          <input semantic="TEXCOORD" source="#Cube_002-mesh-map-0" offset="2" set="0"/>
          <p>15 0 0 16 0 1 210 0 2 30 1 3 31 1 4 185 1 5 45 2 6 46 2 7 160 2 8 51 3 9 223 3 10 90 3 11 110 4 12 2 4 13 55 4 14 11 5 15 222 5 16 85 5 17 45 6 18 56 6 19 3 6 20 65 7 21 57 7 22 56 7 23 75 8 24 57 8 25 70 8 26 80 9 27 58 9 28 75 9 29 85 10 30 59 10 31 80 10 32 30 11 33 41 11 34 5 11 35 61 12 36 42 12 37 41 12 38 62 13 39 43 13 40 42 13 41 63 14 42 44 14 43 43 14 44 64 15 45 45 15 46 44 15 47 29 16 48 61 16 49 30 16 50 66 17 51 62 17 52 61 17 53 67 18 54 63 18 55 62 18 56 68 19 57 64 19 58 63 19 59 69 20 60 65 20 61 64 20 62 28 21 63 66 21 64 29 21 65 71 22 66 67 22 67 66 22 68 72 23 69 68 23 70 67 23 71 73 24 72 69 24 73 68 24 74 74 25 75 70 25 76 69 25 77 27 26 78 71 26 79 28 26 80 76 27 81 72 27 82 71 27 83 77 28 84 73 28 85 72 28 86 78 29 87 74 29 88 73 29 89 79 30 90 75 30 91 74 30 92 27 31 93 81 31 94 76 31 95 81 32 96 77 32 97 76 32 98 82 33 99 78 33 100 77 33 101 83 34 102 79 34 103 78 34 104 84 35 105 80 35 106 79 35 107 26 36 108 15 36 109 81 36 110 81 37 111 14 37 112 82 37 113 82 38 114 13 38 115 83 38 116 83 39 117 12 39 118 84 39 119 84 40 120 11 40 121 85 40 122 206 41 123 220 41 124 11 41 125 95 42 126 51 42 127 90 42 128 100 43 129 52 43 130 95 43 131 105 44 132 53 44 133 100 44 134 110 45 135 54 45 136 105 45 137 25 46 138 6 46 139 0 46 140 86 47 141 7 47 142 6 47 143 87 48 144 8 48 145 7 48 146 88 49 147 9 49 148 8 49 149 89 50 150 10 50 151 9 50 152 24 51 153 86 51 154 25 51 155 91 52 156 87 52 157 86 52 158 92 53 159 88 53 160 87 53 161 93 54 162 89 54 163 88 54 164 94 55 165 90 55 166 89 55 167 23 56 168 91 56 169 24 56 170 96 57 171 92 57 172 91 57 173 97 58 174 93 58 175 92 58 176 98 59 177 94 59 178 93 59 179 99 60 180 95 60 181 94 60 182 22 61 183 96 61 184 23 61 185 101 62 186 97 62 187 96 62 188 102 63 189 98 63 190 97 63 191 103 64 192 99 64 193 98 64 194 104 65 195 100 65 196 99 65 197 21 66 198 101 66 199 22 66 200 106 67 201 102 67 202 101 67 203 107 68 204 103 68 205 102 68 206 108 69 207 104 69 208 103 69 209 109 70 210 105 70 211 104 70 212 21 71 213 40 71 214 106 71 215 106 72 216 39 72 217 107 72 218 107 73 219 38 73 220 108 73 221 108 74 222 37 74 223 109 74 224 109 75 225 36 75 226 110 75 227 191 76 228 231 76 229 196 76 230 130 77 231 226 77 232 125 77 233 115 78 234 221 78 235 51 78 236 10 79 237 223 79 238 211 79 239 196 80 240 232 80 241 201 80 242 50 81 243 55 81 244 2 81 245 111 82 246 54 82 247 55 82 248 112 83 249 53 83 250 54 83 251 113 84 252 52 84 253 53 84 254 114 85 255 51 85 256 52 85 257 49 86 258 111 86 259 50 86 260 116 87 261 112 87 262 111 87 263 117 88 264 113 88 265 112 88 266 118 89 267 114 89 268 113 89 269 119 90 270 115 90 271 114 90 272 48 91 273 116 91 274 49 91 275 121 92 276 117 92 277 116 92 278 122 93 279 118 93 280 117 93 281 123 94 282 119 94 283 118 94 284 124 95 285 120 95 286 119 95 287 47 96 288 121 96 289 48 96 290 126 97 291 122 97 292 121 97 293 127 98 294 123 98 295 122 98 296 128 99 297 124 99 298 123 99 299 129 100 300 125 100 301 124 100 302 46 101 303 126 101 304 47 101 305 131 102 306 127 102 307 126 102 308 132 103 309 128 103 310 127 103 311 133 104 312 129 104 313 128 104 314 134 105 315 130 105 316 129 105 317 3 106 318 131 106 319 46 106 320 56 107 321 132 107 322 131 107 323 57 108 324 133 108 325 132 108 326 58 109 327 134 109 328 133 109 329 59 110 330 135 110 331 134 110 332 140 111 333 2 111 334 36 111 335 145 112 336 50 112 337 140 112 338 150 113 339 49 113 340 145 113 341 155 114 342 48 114 343 150 114 344 160 115 345 47 115 346 155 115 347 35 116 348 40 116 349 4 116 350 136 117 351 39 117 352 40 117 353 137 118 354 38 118 355 39 118 356 138 119 357 37 119 358 38 119 359 139 120 360 36 120 361 37 120 362 34 121 363 136 121 364 35 121 365 141 122 366 137 122 367 136 122 368 142 123 369 138 123 370 137 123 371 143 124 372 139 124 373 138 124 374 144 125 375 140 125 376 139 125 377 33 126 378 141 126 379 34 126 380 146 127 381 142 127 382 141 127 383 147 128 384 143 128 385 142 128 386 148 129 387 144 129 388 143 129 389 149 130 390 145 130 391 144 130 392 32 131 393 146 131 394 33 131 395 151 132 396 147 132 397 146 132 398 152 133 399 148 133 400 147 133 401 153 134 402 149 134 403 148 134 404 154 135 405 150 135 406 149 135 407 31 136 408 151 136 409 32 136 410 156 137 411 152 137 412 151 137 413 157 138 414 153 138 415 152 138 416 158 139 417 154 139 418 153 139 419 159 140 420 155 140 421 154 140 422 5 141 423 156 141 424 31 141 425 41 142 426 157 142 427 156 142 428 42 143 429 158 143 430 157 143 431 43 144 432 159 144 433 158 144 434 44 145 435 160 145 436 159 145 437 165 146 438 4 146 439 21 146 440 170 147 441 35 147 442 165 147 443 175 148 444 34 148 445 170 148 446 180 149 447 33 149 448 175 149 449 185 150 450 32 150 451 180 150 452 20 151 453 25 151 454 0 151 455 161 152 456 24 152 457 25 152 458 162 153 459 23 153 460 24 153 461 163 154 462 22 154 463 23 154 464 164 155 465 21 155 466 22 155 467 19 156 468 161 156 469 20 156 470 166 157 471 162 157 472 161 157 473 167 158 474 163 158 475 162 158 476 168 159 477 164 159 478 163 159 479 169 160 480 165 160 481 164 160 482 18 161 483 166 161 484 19 161 485 171 162 486 167 162 487 166 162 488 172 163 489 168 163 490 167 163 491 173 164 492 169 164 493 168 164 494 174 165 495 170 165 496 169 165 497 17 166 498 171 166 499 18 166 500 176 167 501 172 167 502 171 167 503 177 168 504 173 168 505 172 168 506 178 169 507 174 169 508 173 169 509 179 170 510 175 170 511 174 170 512 16 171 513 176 171 514 17 171 515 181 172 516 177 172 517 176 172 518 182 173 519 178 173 520 177 173 521 183 174 522 179 174 523 178 174 524 184 175 525 180 175 526 179 175 527 1 176 528 181 176 529 16 176 530 26 177 531 182 177 532 181 177 533 27 178 534 183 178 535 182 178 536 28 179 537 184 179 538 183 179 539 29 180 540 185 180 541 184 180 542 190 181 543 0 181 544 6 181 545 190 182 546 19 182 547 20 182 548 200 183 549 19 183 550 195 183 551 205 184 552 18 184 553 200 184 554 210 185 555 17 185 556 205 185 557 10 186 558 229 186 559 186 186 560 186 187 561 9 187 562 10 187 563 187 188 564 8 188 565 9 188 566 188 189 567 7 189 568 8 189 569 189 190 570 6 190 571 7 190 572 135 191 573 227 191 574 130 191 575 191 192 576 187 192 577 186 192 578 192 193 579 188 193 580 187 193 581 188 194 582 194 194 583 189 194 584 194 195 585 190 195 586 189 195 587 120 196 588 224 196 589 115 196 590 196 197 591 192 197 592 191 197 593 197 198 594 193 198 595 192 198 596 193 199 597 199 199 598 194 199 599 199 200 600 195 200 601 194 200 602 201 201 603 233 201 604 206 201 605 201 202 606 197 202 607 196 202 608 197 203 609 203 203 610 198 203 611 203 204 612 199 204 613 198 204 614 204 205 615 200 205 616 199 205 617 186 206 618 230 206 619 191 206 620 206 207 621 202 207 622 201 207 623 202 208 624 208 208 625 203 208 626 208 209 627 204 209 628 203 209 629 204 210 630 210 210 631 205 210 632 85 211 633 215 211 634 60 211 635 11 212 636 207 212 637 206 212 638 12 213 639 208 213 640 207 213 641 13 214 642 209 214 643 208 214 644 209 215 645 15 215 646 210 215 647 212 216 648 1006 216 649 216 216 650 222 217 651 214 217 652 215 217 653 223 218 654 212 218 655 211 218 656 214 219 657 1004 219 658 215 219 659 215 220 660 1015 220 661 228 220 662 221 221 663 1005 221 664 212 221 665 213 222 666 1003 222 667 214 222 668 228 223 669 1014 223 670 227 223 671 216 224 672 211 224 673 212 224 674 216 225 675 230 225 676 229 225 677 217 226 678 231 226 679 230 226 680 219 227 681 231 227 682 218 227 683 213 228 684 232 228 685 219 228 686 214 229 687 233 229 688 213 229 689 125 230 690 225 230 691 120 230 692 60 231 693 228 231 694 135 231 695 256 232 696 257 232 697 451 232 698 271 233 699 272 233 700 426 233 701 297 234 702 463 234 703 306 234 704 301 235 705 251 235 706 376 235 707 287 236 708 453 236 709 239 236 710 326 237 711 235 237 712 301 237 713 396 238 714 467 238 715 391 238 716 311 239 717 297 239 718 306 239 719 316 240 720 298 240 721 311 240 722 321 241 723 299 241 724 316 241 725 326 242 726 300 242 727 321 242 728 271 243 729 282 243 730 241 243 731 302 244 732 283 244 733 282 244 734 303 245 735 284 245 736 283 245 737 304 246 738 285 246 739 284 246 740 285 247 741 306 247 742 286 247 743 270 248 744 302 248 745 271 248 746 307 249 747 303 249 748 302 249 749 308 250 750 304 250 751 303 250 752 309 251 753 305 251 754 304 251 755 310 252 756 306 252 757 305 252 758 269 253 759 307 253 760 270 253 761 312 254 762 308 254 763 307 254 764 313 255 765 309 255 766 308 255 767 314 256 768 310 256 769 309 256 770 315 257 771 311 257 772 310 257 773 268 258 774 312 258 775 269 258 776 317 259 777 313 259 778 312 259 779 313 260 780 319 260 781 314 260 782 319 261 783 315 261 784 314 261 785 320 262 786 316 262 787 315 262 788 267 263 789 317 263 790 268 263 791 322 264 792 318 264 793 317 264 794 318 265 795 324 265 796 319 265 797 324 266 798 320 266 799 319 266 800 325 267 801 321 267 802 320 267 803 267 268 804 256 268 805 322 268 806 322 269 807 255 269 808 323 269 809 323 270 810 254 270 811 324 270 812 324 271 813 253 271 814 325 271 815 325 272 816 252 272 817 326 272 818 331 273 819 234 273 820 246 273 821 336 274 822 292 274 823 331 274 824 341 275 825 293 275 826 336 275 827 346 276 828 294 276 829 341 276 830 351 277 831 295 277 832 346 277 833 266 278 834 242 278 835 236 278 836 327 279 837 243 279 838 242 279 839 328 280 840 244 280 841 243 280 842 329 281 843 245 281 844 244 281 845 330 282 846 246 282 847 245 282 848 265 283 849 327 283 850 266 283 851 332 284 852 328 284 853 327 284 854 333 285 855 329 285 856 328 285 857 334 286 858 330 286 859 329 286 860 335 287 861 331 287 862 330 287 863 264 288 864 332 288 865 265 288 866 337 289 867 333 289 868 332 289 869 338 290 870 334 290 871 333 290 872 339 291 873 335 291 874 334 291 875 340 292 876 336 292 877 335 292 878 263 293 879 337 293 880 264 293 881 342 294 882 338 294 883 337 294 884 343 295 885 339 295 886 338 295 887 344 296 888 340 296 889 339 296 890 345 297 891 341 297 892 340 297 893 262 298 894 342 298 895 263 298 896 347 299 897 343 299 898 342 299 899 348 300 900 344 300 901 343 300 902 349 301 903 345 301 904 344 301 905 350 302 906 346 302 907 345 302 908 262 303 909 281 303 910 347 303 911 347 304 912 280 304 913 348 304 914 348 305 915 279 305 916 349 305 917 349 306 918 278 306 919 350 306 920 350 307 921 277 307 922 351 307 923 356 308 924 234 308 925 292 308 926 361 309 927 247 309 928 356 309 929 366 310 930 248 310 931 361 310 932 371 311 933 249 311 934 366 311 935 376 312 936 250 312 937 371 312 938 291 313 939 296 313 940 238 313 941 352 314 942 295 314 943 296 314 944 353 315 945 294 315 946 295 315 947 354 316 948 293 316 949 294 316 950 355 317 951 292 317 952 293 317 953 290 318 954 352 318 955 291 318 956 357 319 957 353 319 958 352 319 959 358 320 960 354 320 961 353 320 962 359 321 963 355 321 964 354 321 965 360 322 966 356 322 967 355 322 968 289 323 969 357 323 970 290 323 971 362 324 972 358 324 973 357 324 974 363 325 975 359 325 976 358 325 977 364 326 978 360 326 979 359 326 980 365 327 981 361 327 982 360 327 983 288 328 984 362 328 985 289 328 986 367 329 987 363 329 988 362 329 989 368 330 990 364 330 991 363 330 992 369 331 993 365 331 994 364 331 995 370 332 996 366 332 997 365 332 998 287 333 999 367 333 1000 288 333 1001 372 334 1002 368 334 1003 367 334 1004 373 335 1005 369 335 1006 368 335 1007 374 336 1008 370 336 1009 369 336 1010 375 337 1011 371 337 1012 370 337 1013 239 338 1014 372 338 1015 287 338 1016 297 339 1017 373 339 1018 372 339 1019 298 340 1020 374 340 1021 373 340 1022 299 341 1023 375 341 1024 374 341 1025 300 342 1026 376 342 1027 375 342 1028 381 343 1029 457 343 1030 277 343 1031 238 344 1032 456 344 1033 455 344 1034 401 345 1035 468 345 1036 396 345 1037 286 346 1038 463 346 1039 452 346 1040 386 347 1041 465 347 1042 381 347 1043 276 348 1044 281 348 1045 240 348 1046 377 349 1047 280 349 1048 281 349 1049 378 350 1050 279 350 1051 280 350 1052 379 351 1053 278 351 1054 279 351 1055 380 352 1056 277 352 1057 278 352 1058 275 353 1059 377 353 1060 276 353 1061 382 354 1062 378 354 1063 377 354 1064 383 355 1065 379 355 1066 378 355 1067 384 356 1068 380 356 1069 379 356 1070 385 357 1071 381 357 1072 380 357 1073 274 358 1074 382 358 1075 275 358 1076 387 359 1077 383 359 1078 382 359 1079 388 360 1080 384 360 1081 383 360 1082 389 361 1083 385 361 1084 384 361 1085 390 362 1086 386 362 1087 385 362 1088 273 363 1089 387 363 1090 274 363 1091 392 364 1092 388 364 1093 387 364 1094 393 365 1095 389 365 1096 388 365 1097 394 366 1098 390 366 1099 389 366 1100 395 367 1101 391 367 1102 390 367 1103 272 368 1104 392 368 1105 273 368 1106 397 369 1107 393 369 1108 392 369 1109 398 370 1110 394 370 1111 393 370 1112 399 371 1113 395 371 1114 394 371 1115 400 372 1116 396 372 1117 395 372 1118 241 373 1119 397 373 1120 272 373 1121 282 374 1122 398 374 1123 397 374 1124 283 375 1125 399 375 1126 398 375 1127 284 376 1128 400 376 1129 399 376 1130 285 377 1131 401 377 1132 400 377 1133 406 378 1134 240 378 1135 262 378 1136 411 379 1137 276 379 1138 406 379 1139 416 380 1140 275 380 1141 411 380 1142 421 381 1143 274 381 1144 416 381 1145 426 382 1146 273 382 1147 421 382 1148 261 383 1149 266 383 1150 236 383 1151 402 384 1152 265 384 1153 266 384 1154 403 385 1155 264 385 1156 265 385 1157 404 386 1158 263 386 1159 264 386 1160 405 387 1161 262 387 1162 263 387 1163 260 388 1164 402 388 1165 261 388 1166 407 389 1167 403 389 1168 402 389 1169 408 390 1170 404 390 1171 403 390 1172 409 391 1173 405 391 1174 404 391 1175 410 392 1176 406 392 1177 405 392 1178 259 393 1179 407 393 1180 260 393 1181 412 394 1182 408 394 1183 407 394 1184 413 395 1185 409 395 1186 408 395 1187 414 396 1188 410 396 1189 409 396 1190 415 397 1191 411 397 1192 410 397 1193 258 398 1194 412 398 1195 259 398 1196 417 399 1197 413 399 1198 412 399 1199 418 400 1200 414 400 1201 413 400 1202 419 401 1203 415 401 1204 414 401 1205 420 402 1206 416 402 1207 415 402 1208 257 403 1209 417 403 1210 258 403 1211 422 404 1212 418 404 1213 417 404 1214 423 405 1215 419 405 1216 418 405 1217 424 406 1218 420 406 1219 419 406 1220 425 407 1221 421 407 1222 420 407 1223 237 408 1224 422 408 1225 257 408 1226 267 409 1227 423 409 1228 422 409 1229 268 410 1230 424 410 1231 423 410 1232 269 411 1233 425 411 1234 424 411 1235 270 412 1236 426 412 1237 425 412 1238 431 413 1239 236 413 1240 242 413 1241 431 414 1242 260 414 1243 261 414 1244 441 415 1245 260 415 1246 436 415 1247 446 416 1248 259 416 1249 441 416 1250 451 417 1251 258 417 1252 446 417 1253 247 418 1254 246 418 1255 234 418 1256 427 419 1257 245 419 1258 246 419 1259 428 420 1260 244 420 1261 245 420 1262 429 421 1263 243 421 1264 244 421 1265 430 422 1266 242 422 1267 243 422 1268 247 423 1269 432 423 1270 427 423 1271 432 424 1272 428 424 1273 427 424 1274 433 425 1275 429 425 1276 428 425 1277 429 426 1278 435 426 1279 430 426 1280 435 427 1281 431 427 1282 430 427 1283 248 428 1284 437 428 1285 432 428 1286 437 429 1287 433 429 1288 432 429 1289 438 430 1290 434 430 1291 433 430 1292 434 431 1293 440 431 1294 435 431 1295 440 432 1296 436 432 1297 435 432 1298 250 433 1299 437 433 1300 249 433 1301 442 434 1302 438 434 1303 437 434 1304 438 435 1305 444 435 1306 439 435 1307 444 436 1308 440 436 1309 439 436 1310 445 437 1311 441 437 1312 440 437 1313 251 438 1314 442 438 1315 250 438 1316 447 439 1317 443 439 1318 442 439 1319 443 440 1320 449 440 1321 444 440 1322 449 441 1323 445 441 1324 444 441 1325 445 442 1326 451 442 1327 446 442 1328 235 443 1329 447 443 1330 251 443 1331 252 444 1332 448 444 1333 447 444 1334 253 445 1335 449 445 1336 448 445 1337 254 446 1338 450 446 1339 449 446 1340 450 447 1341 256 447 1342 451 447 1343 460 448 1344 477 448 1345 459 448 1346 457 449 1347 482 449 1348 464 449 1349 466 450 1350 483 450 1351 465 450 1352 459 451 1353 476 451 1354 458 451 1355 464 452 1356 474 452 1357 456 452 1358 465 453 1359 475 453 1360 457 453 1361 458 454 1362 471 454 1363 453 454 1364 452 455 1365 481 455 1366 470 455 1367 277 456 1368 464 456 1369 351 456 1370 288 457 1371 458 457 1372 287 457 1373 289 458 1374 459 458 1375 288 458 1376 391 459 1377 466 459 1378 386 459 1379 286 460 1380 469 460 1381 401 460 1382 239 461 1383 462 461 1384 297 461 1385 296 462 1386 464 462 1387 456 462 1388 290 463 1389 460 463 1390 289 463 1391 238 464 1392 454 464 1393 291 464 1394 291 465 1395 461 465 1396 290 465 1397 470 466 1398 476 466 1399 487 466 1400 482 467 1401 473 467 1402 474 467 1403 481 468 1404 471 468 1405 470 468 1406 483 469 1407 473 469 1408 475 469 1409 484 470 1410 472 470 1411 483 470 1412 485 471 1413 479 471 1414 484 471 1415 486 472 1416 478 472 1417 485 472 1418 487 473 1419 477 473 1420 486 473 1421 467 474 1422 484 474 1423 466 474 1424 461 475 1425 478 475 1426 460 475 1427 468 476 1428 485 476 1429 467 476 1430 454 477 1431 479 477 1432 461 477 1433 469 478 1434 486 478 1435 468 478 1436 455 479 1437 472 479 1438 454 479 1439 453 480 1440 480 480 1441 462 480 1442 452 481 1443 487 481 1444 469 481 1445 455 482 1446 474 482 1447 473 482 1448 462 483 1449 481 483 1450 463 483 1451 685 484 1452 728 484 1453 496 484 1454 525 485 1455 526 485 1456 680 485 1457 551 486 1458 717 486 1459 560 486 1460 555 487 1461 505 487 1462 630 487 1463 541 488 1464 707 488 1465 493 488 1466 506 489 1467 555 489 1468 580 489 1469 650 490 1470 721 490 1471 645 490 1472 560 491 1473 552 491 1474 551 491 1475 570 492 1476 552 492 1477 565 492 1478 575 493 1479 553 493 1480 570 493 1481 580 494 1482 554 494 1483 575 494 1484 525 495 1485 536 495 1486 495 495 1487 556 496 1488 537 496 1489 536 496 1490 557 497 1491 538 497 1492 537 497 1493 558 498 1494 539 498 1495 538 498 1496 559 499 1497 540 499 1498 539 499 1499 524 500 1500 556 500 1501 525 500 1502 561 501 1503 557 501 1504 556 501 1505 562 502 1506 558 502 1507 557 502 1508 563 503 1509 559 503 1510 558 503 1511 564 504 1512 560 504 1513 559 504 1514 523 505 1515 561 505 1516 524 505 1517 566 506 1518 562 506 1519 561 506 1520 567 507 1521 563 507 1522 562 507 1523 568 508 1524 564 508 1525 563 508 1526 569 509 1527 565 509 1528 564 509 1529 522 510 1530 566 510 1531 523 510 1532 571 511 1533 567 511 1534 566 511 1535 572 512 1536 568 512 1537 567 512 1538 573 513 1539 569 513 1540 568 513 1541 574 514 1542 570 514 1543 569 514 1544 522 515 1545 576 515 1546 571 515 1547 576 516 1548 572 516 1549 571 516 1550 577 517 1551 573 517 1552 572 517 1553 578 518 1554 574 518 1555 573 518 1556 579 519 1557 575 519 1558 574 519 1559 521 520 1560 510 520 1561 576 520 1562 576 521 1563 509 521 1564 577 521 1565 509 522 1566 578 522 1567 577 522 1568 508 523 1569 579 523 1570 578 523 1571 507 524 1572 580 524 1573 579 524 1574 585 525 1575 488 525 1576 500 525 1577 590 526 1578 546 526 1579 585 526 1580 595 527 1581 547 527 1582 590 527 1583 600 528 1584 548 528 1585 595 528 1586 605 529 1587 549 529 1588 600 529 1589 520 530 1590 496 530 1591 490 530 1592 581 531 1593 497 531 1594 496 531 1595 582 532 1596 498 532 1597 497 532 1598 583 533 1599 499 533 1600 498 533 1601 584 534 1602 500 534 1603 499 534 1604 519 535 1605 581 535 1606 520 535 1607 586 536 1608 582 536 1609 581 536 1610 587 537 1611 583 537 1612 582 537 1613 588 538 1614 584 538 1615 583 538 1616 589 539 1617 585 539 1618 584 539 1619 518 540 1620 586 540 1621 519 540 1622 591 541 1623 587 541 1624 586 541 1625 592 542 1626 588 542 1627 587 542 1628 593 543 1629 589 543 1630 588 543 1631 594 544 1632 590 544 1633 589 544 1634 517 545 1635 591 545 1636 518 545 1637 596 546 1638 592 546 1639 591 546 1640 597 547 1641 593 547 1642 592 547 1643 598 548 1644 594 548 1645 593 548 1646 599 549 1647 595 549 1648 594 549 1649 516 550 1650 596 550 1651 517 550 1652 601 551 1653 597 551 1654 596 551 1655 602 552 1656 598 552 1657 597 552 1658 603 553 1659 599 553 1660 598 553 1661 604 554 1662 600 554 1663 599 554 1664 494 555 1665 601 555 1666 516 555 1667 535 556 1668 602 556 1669 601 556 1670 534 557 1671 603 557 1672 602 557 1673 533 558 1674 604 558 1675 603 558 1676 532 559 1677 605 559 1678 604 559 1679 610 560 1680 488 560 1681 546 560 1682 615 561 1683 501 561 1684 610 561 1685 620 562 1686 502 562 1687 615 562 1688 625 563 1689 503 563 1690 620 563 1691 630 564 1692 504 564 1693 625 564 1694 545 565 1695 550 565 1696 492 565 1697 606 566 1698 549 566 1699 550 566 1700 607 567 1701 548 567 1702 549 567 1703 608 568 1704 547 568 1705 548 568 1706 609 569 1707 546 569 1708 547 569 1709 544 570 1710 606 570 1711 545 570 1712 611 571 1713 607 571 1714 606 571 1715 612 572 1716 608 572 1717 607 572 1718 613 573 1719 609 573 1720 608 573 1721 614 574 1722 610 574 1723 609 574 1724 543 575 1725 611 575 1726 544 575 1727 616 576 1728 612 576 1729 611 576 1730 617 577 1731 613 577 1732 612 577 1733 618 578 1734 614 578 1735 613 578 1736 619 579 1737 615 579 1738 614 579 1739 542 580 1740 616 580 1741 543 580 1742 621 581 1743 617 581 1744 616 581 1745 622 582 1746 618 582 1747 617 582 1748 623 583 1749 619 583 1750 618 583 1751 624 584 1752 620 584 1753 619 584 1754 541 585 1755 621 585 1756 542 585 1757 626 586 1758 622 586 1759 621 586 1760 627 587 1761 623 587 1762 622 587 1763 628 588 1764 624 588 1765 623 588 1766 629 589 1767 625 589 1768 624 589 1769 493 590 1770 626 590 1771 541 590 1772 551 591 1773 627 591 1774 626 591 1775 552 592 1776 628 592 1777 627 592 1778 553 593 1779 629 593 1780 628 593 1781 554 594 1782 630 594 1783 629 594 1784 635 595 1785 711 595 1786 531 595 1787 492 596 1788 710 596 1789 709 596 1790 655 597 1791 722 597 1792 650 597 1793 540 598 1794 717 598 1795 706 598 1796 640 599 1797 719 599 1798 635 599 1799 530 600 1800 535 600 1801 494 600 1802 631 601 1803 534 601 1804 535 601 1805 632 602 1806 533 602 1807 534 602 1808 633 603 1809 532 603 1810 533 603 1811 634 604 1812 531 604 1813 532 604 1814 529 605 1815 631 605 1816 530 605 1817 636 606 1818 632 606 1819 631 606 1820 637 607 1821 633 607 1822 632 607 1823 638 608 1824 634 608 1825 633 608 1826 639 609 1827 635 609 1828 634 609 1829 528 610 1830 636 610 1831 529 610 1832 641 611 1833 637 611 1834 636 611 1835 642 612 1836 638 612 1837 637 612 1838 643 613 1839 639 613 1840 638 613 1841 644 614 1842 640 614 1843 639 614 1844 527 615 1845 641 615 1846 528 615 1847 646 616 1848 642 616 1849 641 616 1850 647 617 1851 643 617 1852 642 617 1853 648 618 1854 644 618 1855 643 618 1856 649 619 1857 645 619 1858 644 619 1859 526 620 1860 646 620 1861 527 620 1862 651 621 1863 647 621 1864 646 621 1865 652 622 1866 648 622 1867 647 622 1868 653 623 1869 649 623 1870 648 623 1871 654 624 1872 650 624 1873 649 624 1874 495 625 1875 651 625 1876 526 625 1877 536 626 1878 652 626 1879 651 626 1880 537 627 1881 653 627 1882 652 627 1883 538 628 1884 654 628 1885 653 628 1886 539 629 1887 655 629 1888 654 629 1889 660 630 1890 494 630 1891 516 630 1892 665 631 1893 530 631 1894 660 631 1895 670 632 1896 529 632 1897 665 632 1898 675 633 1899 528 633 1900 670 633 1901 680 634 1902 527 634 1903 675 634 1904 515 635 1905 520 635 1906 490 635 1907 656 636 1908 519 636 1909 520 636 1910 657 637 1911 518 637 1912 519 637 1913 658 638 1914 517 638 1915 518 638 1916 659 639 1917 516 639 1918 517 639 1919 514 640 1920 656 640 1921 515 640 1922 661 641 1923 657 641 1924 656 641 1925 662 642 1926 658 642 1927 657 642 1928 663 643 1929 659 643 1930 658 643 1931 664 644 1932 660 644 1933 659 644 1934 513 645 1935 661 645 1936 514 645 1937 666 646 1938 662 646 1939 661 646 1940 667 647 1941 663 647 1942 662 647 1943 668 648 1944 664 648 1945 663 648 1946 669 649 1947 665 649 1948 664 649 1949 512 650 1950 666 650 1951 513 650 1952 671 651 1953 667 651 1954 666 651 1955 672 652 1956 668 652 1957 667 652 1958 673 653 1959 669 653 1960 668 653 1961 674 654 1962 670 654 1963 669 654 1964 511 655 1965 671 655 1966 512 655 1967 676 656 1968 672 656 1969 671 656 1970 677 657 1971 673 657 1972 672 657 1973 678 658 1974 674 658 1975 673 658 1976 679 659 1977 675 659 1978 674 659 1979 491 660 1980 676 660 1981 511 660 1982 521 661 1983 677 661 1984 676 661 1985 522 662 1986 678 662 1987 677 662 1988 523 663 1989 679 663 1990 678 663 1991 524 664 1992 680 664 1993 679 664 1994 512 665 1995 729 665 1996 511 665 1997 511 666 1998 725 666 1999 491 666 2000 496 667 2001 727 667 2002 490 667 2003 705 668 2004 736 668 2005 700 668 2006 690 669 2007 733 669 2008 685 669 2009 501 670 2010 500 670 2011 488 670 2012 681 671 2013 499 671 2014 500 671 2015 682 672 2016 498 672 2017 499 672 2018 683 673 2019 497 673 2020 498 673 2021 684 674 2022 496 674 2023 497 674 2024 501 675 2025 686 675 2026 681 675 2027 686 676 2028 682 676 2029 681 676 2030 687 677 2031 683 677 2032 682 677 2033 683 678 2034 689 678 2035 684 678 2036 689 679 2037 685 679 2038 684 679 2039 502 680 2040 691 680 2041 686 680 2042 691 681 2043 687 681 2044 686 681 2045 692 682 2046 688 682 2047 687 682 2048 688 683 2049 694 683 2050 689 683 2051 694 684 2052 690 684 2053 689 684 2054 504 685 2055 691 685 2056 503 685 2057 696 686 2058 692 686 2059 691 686 2060 692 687 2061 698 687 2062 693 687 2063 698 688 2064 694 688 2065 693 688 2066 699 689 2067 695 689 2068 694 689 2069 505 690 2070 696 690 2071 504 690 2072 701 691 2073 697 691 2074 696 691 2075 697 692 2076 703 692 2077 698 692 2078 703 693 2079 699 693 2080 698 693 2081 699 694 2082 705 694 2083 700 694 2084 489 695 2085 701 695 2086 505 695 2087 506 696 2088 702 696 2089 701 696 2090 507 697 2091 703 697 2092 702 697 2093 508 698 2094 704 698 2095 703 698 2096 704 699 2097 510 699 2098 705 699 2099 706 700 2100 712 700 2101 723 700 2102 711 701 2103 710 701 2104 718 701 2105 717 702 2106 707 702 2107 706 702 2108 719 703 2109 709 703 2110 711 703 2111 720 704 2112 708 704 2113 719 704 2114 721 705 2115 715 705 2116 720 705 2117 722 706 2118 714 706 2119 721 706 2120 723 707 2121 713 707 2122 722 707 2123 531 708 2124 718 708 2125 605 708 2126 542 709 2127 712 709 2128 541 709 2129 543 710 2130 713 710 2131 542 710 2132 645 711 2133 720 711 2134 640 711 2135 540 712 2136 723 712 2137 655 712 2138 493 713 2139 716 713 2140 551 713 2141 550 714 2142 718 714 2143 710 714 2144 544 715 2145 714 715 2146 543 715 2147 492 716 2148 708 716 2149 545 716 2150 545 717 2151 715 717 2152 544 717 2153 724 718 2154 729 718 2155 737 718 2156 728 719 2157 726 719 2158 727 719 2159 733 720 2160 732 720 2161 726 720 2162 735 721 2163 732 721 2164 734 721 2165 736 722 2166 731 722 2167 735 722 2168 737 723 2169 730 723 2170 736 723 2171 700 724 2172 735 724 2173 695 724 2174 513 725 2175 730 725 2176 512 725 2177 514 726 2178 731 726 2179 513 726 2180 515 727 2181 732 727 2182 514 727 2183 695 728 2184 734 728 2185 690 728 2186 510 729 2187 737 729 2188 705 729 2189 491 730 2190 724 730 2191 510 730 2192 490 731 2193 726 731 2194 515 731 2195 935 732 2196 978 732 2197 746 732 2198 775 733 2199 776 733 2200 930 733 2201 801 734 2202 967 734 2203 810 734 2204 805 735 2205 755 735 2206 880 735 2207 743 736 2208 962 736 2209 957 736 2210 756 737 2211 805 737 2212 830 737 2213 900 738 2214 971 738 2215 895 738 2216 815 739 2217 801 739 2218 810 739 2219 820 740 2220 802 740 2221 815 740 2222 825 741 2223 803 741 2224 820 741 2225 830 742 2226 804 742 2227 825 742 2228 775 743 2229 786 743 2230 745 743 2231 806 744 2232 787 744 2233 786 744 2234 807 745 2235 788 745 2236 787 745 2237 788 746 2238 809 746 2239 789 746 2240 789 747 2241 810 747 2242 790 747 2243 774 748 2244 806 748 2245 775 748 2246 811 749 2247 807 749 2248 806 749 2249 812 750 2250 808 750 2251 807 750 2252 813 751 2253 809 751 2254 808 751 2255 814 752 2256 810 752 2257 809 752 2258 773 753 2259 811 753 2260 774 753 2261 816 754 2262 812 754 2263 811 754 2264 817 755 2265 813 755 2266 812 755 2267 818 756 2268 814 756 2269 813 756 2270 819 757 2271 815 757 2272 814 757 2273 772 758 2274 816 758 2275 773 758 2276 821 759 2277 817 759 2278 816 759 2279 822 760 2280 818 760 2281 817 760 2282 823 761 2283 819 761 2284 818 761 2285 824 762 2286 820 762 2287 819 762 2288 771 763 2289 821 763 2290 772 763 2291 826 764 2292 822 764 2293 821 764 2294 827 765 2295 823 765 2296 822 765 2297 828 766 2298 824 766 2299 823 766 2300 829 767 2301 825 767 2302 824 767 2303 741 768 2304 826 768 2305 771 768 2306 760 769 2307 827 769 2308 826 769 2309 759 770 2310 828 770 2311 827 770 2312 758 771 2313 829 771 2314 828 771 2315 757 772 2316 830 772 2317 829 772 2318 750 773 2319 796 773 2320 738 773 2321 840 774 2322 796 774 2323 835 774 2324 845 775 2325 797 775 2326 840 775 2327 850 776 2328 798 776 2329 845 776 2330 855 777 2331 799 777 2332 850 777 2333 770 778 2334 746 778 2335 740 778 2336 831 779 2337 747 779 2338 746 779 2339 832 780 2340 748 780 2341 747 780 2342 833 781 2343 749 781 2344 748 781 2345 834 782 2346 750 782 2347 749 782 2348 769 783 2349 831 783 2350 770 783 2351 836 784 2352 832 784 2353 831 784 2354 832 785 2355 838 785 2356 833 785 2357 838 786 2358 834 786 2359 833 786 2360 839 787 2361 835 787 2362 834 787 2363 769 788 2364 841 788 2365 836 788 2366 841 789 2367 837 789 2368 836 789 2369 837 790 2370 843 790 2371 838 790 2372 843 791 2373 839 791 2374 838 791 2375 839 792 2376 845 792 2377 840 792 2378 768 793 2379 846 793 2380 841 793 2381 846 794 2382 842 794 2383 841 794 2384 842 795 2385 848 795 2386 843 795 2387 848 796 2388 844 796 2389 843 796 2390 844 797 2391 850 797 2392 845 797 2393 766 798 2394 846 798 2395 767 798 2396 851 799 2397 847 799 2398 846 799 2399 847 800 2400 853 800 2401 848 800 2402 848 801 2403 854 801 2404 849 801 2405 854 802 2406 850 802 2407 849 802 2408 766 803 2409 785 803 2410 851 803 2411 785 804 2412 852 804 2413 851 804 2414 784 805 2415 853 805 2416 852 805 2417 853 806 2418 782 806 2419 854 806 2420 854 807 2421 781 807 2422 855 807 2423 860 808 2424 738 808 2425 796 808 2426 865 809 2427 751 809 2428 860 809 2429 870 810 2430 752 810 2431 865 810 2432 875 811 2433 753 811 2434 870 811 2435 880 812 2436 754 812 2437 875 812 2438 795 813 2439 800 813 2440 742 813 2441 856 814 2442 799 814 2443 800 814 2444 857 815 2445 798 815 2446 799 815 2447 858 816 2448 797 816 2449 798 816 2450 859 817 2451 796 817 2452 797 817 2453 794 818 2454 856 818 2455 795 818 2456 861 819 2457 857 819 2458 856 819 2459 862 820 2460 858 820 2461 857 820 2462 863 821 2463 859 821 2464 858 821 2465 864 822 2466 860 822 2467 859 822 2468 793 823 2469 861 823 2470 794 823 2471 866 824 2472 862 824 2473 861 824 2474 867 825 2475 863 825 2476 862 825 2477 868 826 2478 864 826 2479 863 826 2480 869 827 2481 865 827 2482 864 827 2483 792 828 2484 866 828 2485 793 828 2486 871 829 2487 867 829 2488 866 829 2489 872 830 2490 868 830 2491 867 830 2492 873 831 2493 869 831 2494 868 831 2495 874 832 2496 870 832 2497 869 832 2498 791 833 2499 871 833 2500 792 833 2501 876 834 2502 872 834 2503 871 834 2504 877 835 2505 873 835 2506 872 835 2507 873 836 2508 879 836 2509 874 836 2510 879 837 2511 875 837 2512 874 837 2513 743 838 2514 876 838 2515 791 838 2516 801 839 2517 877 839 2518 876 839 2519 802 840 2520 878 840 2521 877 840 2522 878 841 2523 804 841 2524 879 841 2525 804 842 2526 880 842 2527 879 842 2528 885 843 2529 961 843 2530 781 843 2531 742 844 2532 960 844 2533 959 844 2534 905 845 2535 972 845 2536 900 845 2537 790 846 2538 967 846 2539 956 846 2540 890 847 2541 969 847 2542 885 847 2543 744 848 2544 881 848 2545 785 848 2546 785 849 2547 882 849 2548 784 849 2549 882 850 2550 783 850 2551 784 850 2552 883 851 2553 782 851 2554 783 851 2555 782 852 2556 885 852 2557 781 852 2558 780 853 2559 886 853 2560 881 853 2561 881 854 2562 887 854 2563 882 854 2564 882 855 2565 888 855 2566 883 855 2567 888 856 2568 884 856 2569 883 856 2570 889 857 2571 885 857 2572 884 857 2573 778 858 2574 886 858 2575 779 858 2576 891 859 2577 887 859 2578 886 859 2579 892 860 2580 888 860 2581 887 860 2582 888 861 2583 894 861 2584 889 861 2585 889 862 2586 895 862 2587 890 862 2588 778 863 2589 896 863 2590 891 863 2591 891 864 2592 897 864 2593 892 864 2594 892 865 2595 898 865 2596 893 865 2597 893 866 2598 899 866 2599 894 866 2600 899 867 2601 895 867 2602 894 867 2603 777 868 2604 901 868 2605 896 868 2606 896 869 2607 902 869 2608 897 869 2609 902 870 2610 898 870 2611 897 870 2612 903 871 2613 899 871 2614 898 871 2615 899 872 2616 905 872 2617 900 872 2618 745 873 2619 901 873 2620 776 873 2621 901 874 2622 787 874 2623 902 874 2624 902 875 2625 788 875 2626 903 875 2627 788 876 2628 904 876 2629 903 876 2630 789 877 2631 905 877 2632 904 877 2633 910 878 2634 744 878 2635 766 878 2636 910 879 2637 779 879 2638 780 879 2639 920 880 2640 779 880 2641 915 880 2642 925 881 2643 778 881 2644 920 881 2645 930 882 2646 777 882 2647 925 882 2648 765 883 2649 770 883 2650 740 883 2651 906 884 2652 769 884 2653 770 884 2654 907 885 2655 768 885 2656 769 885 2657 908 886 2658 767 886 2659 768 886 2660 909 887 2661 766 887 2662 767 887 2663 764 888 2664 906 888 2665 765 888 2666 911 889 2667 907 889 2668 906 889 2669 907 890 2670 913 890 2671 908 890 2672 913 891 2673 909 891 2674 908 891 2675 914 892 2676 910 892 2677 909 892 2678 763 893 2679 911 893 2680 764 893 2681 916 894 2682 912 894 2683 911 894 2684 917 895 2685 913 895 2686 912 895 2687 918 896 2688 914 896 2689 913 896 2690 919 897 2691 915 897 2692 914 897 2693 762 898 2694 916 898 2695 763 898 2696 921 899 2697 917 899 2698 916 899 2699 922 900 2700 918 900 2701 917 900 2702 923 901 2703 919 901 2704 918 901 2705 924 902 2706 920 902 2707 919 902 2708 761 903 2709 921 903 2710 762 903 2711 921 904 2712 927 904 2713 922 904 2714 922 905 2715 928 905 2716 923 905 2717 928 906 2718 924 906 2719 923 906 2720 924 907 2721 930 907 2722 925 907 2723 741 908 2724 926 908 2725 761 908 2726 771 909 2727 927 909 2728 926 909 2729 772 910 2730 928 910 2731 927 910 2732 773 911 2733 929 911 2734 928 911 2735 774 912 2736 930 912 2737 929 912 2738 762 913 2739 979 913 2740 761 913 2741 761 914 2742 975 914 2743 741 914 2744 746 915 2745 977 915 2746 740 915 2747 955 916 2748 986 916 2749 950 916 2750 940 917 2751 983 917 2752 935 917 2753 738 918 2754 931 918 2755 750 918 2756 931 919 2757 749 919 2758 750 919 2759 932 920 2760 748 920 2761 749 920 2762 933 921 2763 747 921 2764 748 921 2765 934 922 2766 746 922 2767 747 922 2768 752 923 2769 931 923 2770 751 923 2771 936 924 2772 932 924 2773 931 924 2774 932 925 2775 938 925 2776 933 925 2777 933 926 2778 939 926 2779 934 926 2780 939 927 2781 935 927 2782 934 927 2783 753 928 2784 936 928 2785 752 928 2786 941 929 2787 937 929 2788 936 929 2789 942 930 2790 938 930 2791 937 930 2792 943 931 2793 939 931 2794 938 931 2795 939 932 2796 945 932 2797 940 932 2798 753 933 2799 946 933 2800 941 933 2801 941 934 2802 947 934 2803 942 934 2804 942 935 2805 948 935 2806 943 935 2807 948 936 2808 944 936 2809 943 936 2810 949 937 2811 945 937 2812 944 937 2813 755 938 2814 946 938 2815 754 938 2816 951 939 2817 947 939 2818 946 939 2819 952 940 2820 948 940 2821 947 940 2822 948 941 2823 954 941 2824 949 941 2825 949 942 2826 955 942 2827 950 942 2828 755 943 2829 756 943 2830 951 943 2831 756 944 2832 952 944 2833 951 944 2834 952 945 2835 758 945 2836 953 945 2837 953 946 2838 759 946 2839 954 946 2840 759 947 2841 955 947 2842 954 947 2843 956 948 2844 962 948 2845 973 948 2846 968 949 2847 959 949 2848 960 949 2849 956 950 2850 966 950 2851 957 950 2852 969 951 2853 959 951 2854 961 951 2855 969 952 2856 965 952 2857 958 952 2858 970 953 2859 964 953 2860 965 953 2861 972 954 2862 964 954 2863 971 954 2864 972 955 2865 962 955 2866 963 955 2867 781 956 2868 968 956 2869 855 956 2870 791 957 2871 963 957 2872 962 957 2873 792 958 2874 964 958 2875 963 958 2876 895 959 2877 970 959 2878 890 959 2879 790 960 2880 973 960 2881 905 960 2882 743 961 2883 966 961 2884 801 961 2885 800 962 2886 968 962 2887 960 962 2888 793 963 2889 965 963 2890 964 963 2891 795 964 2892 959 964 2893 958 964 2894 794 965 2895 958 965 2896 965 965 2897 981 966 2898 994 966 2899 980 966 2900 980 967 2901 993 967 2902 979 967 2903 974 968 2904 1001 968 2905 987 968 2906 979 969 2907 989 969 2908 975 969 2909 987 970 2910 1000 970 2911 986 970 2912 978 971 2913 991 971 2914 977 971 2915 950 972 2916 985 972 2917 945 972 2918 763 973 2919 980 973 2920 762 973 2921 764 974 2922 981 974 2923 763 974 2924 765 975 2925 982 975 2926 764 975 2927 945 976 2928 984 976 2929 940 976 2930 760 977 2931 987 977 2932 955 977 2933 741 978 2934 974 978 2935 760 978 2936 740 979 2937 976 979 2938 765 979 2939 988 980 2940 993 980 2941 1001 980 2942 997 981 2943 991 981 2944 992 981 2945 997 982 2946 996 982 2947 990 982 2948 999 983 2949 996 983 2950 998 983 2951 999 984 2952 994 984 2953 995 984 2954 1001 985 2955 994 985 2956 1000 985 2957 983 986 2958 992 986 2959 978 986 2960 982 987 2961 995 987 2962 981 987 2963 984 988 2964 997 988 2965 983 988 2966 976 989 2967 996 989 2968 982 989 2969 975 990 2970 988 990 2971 974 990 2972 985 991 2973 998 991 2974 984 991 2975 977 992 2976 990 992 2977 976 992 2978 986 993 2979 999 993 2980 985 993 2981 1004 994 2982 1002 994 2983 1015 994 2984 1011 995 2985 1005 995 2986 1010 995 2987 1012 996 2988 1006 996 2989 1011 996 2990 1013 997 2991 1007 997 2992 1012 997 2993 1014 998 2994 1008 998 2995 1013 998 2996 1015 999 2997 1009 999 2998 1014 999 2999 216 1000 3000 1007 1000 3001 217 1000 3002 224 1001 3003 1010 1001 3004 221 1001 3005 217 1002 3006 1008 1002 3007 218 1002 3008 225 1003 3009 1011 1003 3010 224 1003 3011 218 1004 3012 1009 1004 3013 219 1004 3014 226 1005 3015 1012 1005 3016 225 1005 3017 219 1006 3018 1002 1006 3019 213 1006 3020 227 1007 3021 1013 1007 3022 226 1007 3023 1017 1008 3024 1057 1008 3025 1021 1008 3026 1027 1009 3027 1019 1009 3028 1020 1009 3029 1028 1010 3030 1017 1010 3031 1016 1010 3032 1019 1011 3033 1055 1011 3034 1020 1011 3035 1020 1012 3036 1066 1012 3037 1033 1012 3038 1026 1013 3039 1056 1013 3040 1017 1013 3041 1018 1014 3042 1054 1014 3043 1019 1014 3044 1033 1015 3045 1065 1015 3046 1032 1015 3047 1021 1016 3048 1016 1016 3049 1017 1016 3050 1021 1017 3051 1035 1017 3052 1034 1017 3053 1022 1018 3054 1036 1018 3055 1035 1018 3056 1024 1019 3057 1036 1019 3058 1023 1019 3059 1018 1020 3060 1037 1020 3061 1024 1020 3062 1019 1021 3063 1038 1021 3064 1018 1021 3065 1039 1022 3066 1044 1022 3067 1052 1022 3068 1043 1023 3069 1041 1023 3070 1042 1023 3071 1048 1024 3072 1047 1024 3073 1041 1024 3074 1050 1025 3075 1047 1025 3076 1049 1025 3077 1051 1026 3078 1046 1026 3079 1050 1026 3080 1052 1027 3081 1045 1027 3082 1051 1027 3083 1021 1028 3084 1058 1028 3085 1022 1028 3086 1029 1029 3087 1061 1029 3088 1026 1029 3089 1022 1030 3090 1059 1030 3091 1023 1030 3092 1030 1031 3093 1062 1031 3094 1029 1031 3095 1023 1032 3096 1060 1032 3097 1024 1032 3098 1031 1033 3099 1063 1033 3100 1030 1033 3101 1024 1034 3102 1053 1034 3103 1018 1034 3104 1032 1035 3105 1064 1035 3106 1031 1035 3107 15 1036 3108 1 1036 3109 16 1036 3110 30 1037 3111 5 1037 3112 31 1037 3113 45 1038 3114 3 1038 3115 46 1038 3116 51 1039 3117 221 1039 3118 223 1039 3119 110 1040 3120 36 1040 3121 2 1040 3122 11 1041 3123 220 1041 3124 222 1041 3125 45 1042 3126 65 1042 3127 56 1042 3128 65 1043 3129 70 1043 3130 57 1043 3131 75 1044 3132 58 1044 3133 57 1044 3134 80 1045 3135 59 1045 3136 58 1045 3137 85 1046 3138 60 1046 3139 59 1046 3140 30 1047 3141 61 1047 3142 41 1047 3143 61 1048 3144 62 1048 3145 42 1048 3146 62 1049 3147 63 1049 3148 43 1049 3149 63 1050 3150 64 1050 3151 44 1050 3152 64 1051 3153 65 1051 3154 45 1051 3155 29 1052 3156 66 1052 3157 61 1052 3158 66 1053 3159 67 1053 3160 62 1053 3161 67 1054 3162 68 1054 3163 63 1054 3164 68 1055 3165 69 1055 3166 64 1055 3167 69 1056 3168 70 1056 3169 65 1056 3170 28 1057 3171 71 1057 3172 66 1057 3173 71 1058 3174 72 1058 3175 67 1058 3176 72 1059 3177 73 1059 3178 68 1059 3179 73 1060 3180 74 1060 3181 69 1060 3182 74 1061 3183 75 1061 3184 70 1061 3185 27 1062 3186 76 1062 3187 71 1062 3188 76 1063 3189 77 1063 3190 72 1063 3191 77 1064 3192 78 1064 3193 73 1064 3194 78 1065 3195 79 1065 3196 74 1065 3197 79 1066 3198 80 1066 3199 75 1066 3200 27 1067 3201 26 1067 3202 81 1067 3203 81 1068 3204 82 1068 3205 77 1068 3206 82 1069 3207 83 1069 3208 78 1069 3209 83 1070 3210 84 1070 3211 79 1070 3212 84 1071 3213 85 1071 3214 80 1071 3215 26 1072 3216 1 1072 3217 15 1072 3218 81 1073 3219 15 1073 3220 14 1073 3221 82 1074 3222 14 1074 3223 13 1074 3224 83 1075 3225 13 1075 3226 12 1075 3227 84 1076 3228 12 1076 3229 11 1076 3230 206 1077 3231 233 1077 3232 220 1077 3233 95 1078 3234 52 1078 3235 51 1078 3236 100 1079 3237 53 1079 3238 52 1079 3239 105 1080 3240 54 1080 3241 53 1080 3242 110 1081 3243 55 1081 3244 54 1081 3245 25 1082 3246 86 1082 3247 6 1082 3248 86 1083 3249 87 1083 3250 7 1083 3251 87 1084 3252 88 1084 3253 8 1084 3254 88 1085 3255 89 1085 3256 9 1085 3257 89 1086 3258 90 1086 3259 10 1086 3260 24 1087 3261 91 1087 3262 86 1087 3263 91 1088 3264 92 1088 3265 87 1088 3266 92 1089 3267 93 1089 3268 88 1089 3269 93 1090 3270 94 1090 3271 89 1090 3272 94 1091 3273 95 1091 3274 90 1091 3275 23 1092 3276 96 1092 3277 91 1092 3278 96 1093 3279 97 1093 3280 92 1093 3281 97 1094 3282 98 1094 3283 93 1094 3284 98 1095 3285 99 1095 3286 94 1095 3287 99 1096 3288 100 1096 3289 95 1096 3290 22 1097 3291 101 1097 3292 96 1097 3293 101 1098 3294 102 1098 3295 97 1098 3296 102 1099 3297 103 1099 3298 98 1099 3299 103 1100 3300 104 1100 3301 99 1100 3302 104 1101 3303 105 1101 3304 100 1101 3305 21 1102 3306 106 1102 3307 101 1102 3308 106 1103 3309 107 1103 3310 102 1103 3311 107 1104 3312 108 1104 3313 103 1104 3314 108 1105 3315 109 1105 3316 104 1105 3317 109 1106 3318 110 1106 3319 105 1106 3320 21 1107 3321 4 1107 3322 40 1107 3323 106 1108 3324 40 1108 3325 39 1108 3326 107 1109 3327 39 1109 3328 38 1109 3329 108 1110 3330 38 1110 3331 37 1110 3332 109 1111 3333 37 1111 3334 36 1111 3335 191 1112 3336 230 1112 3337 231 1112 3338 130 1113 3339 227 1113 3340 226 1113 3341 115 1114 3342 224 1114 3343 221 1114 3344 10 1115 3345 90 1115 3346 223 1115 3347 196 1116 3348 231 1116 3349 232 1116 3350 50 1117 3351 111 1117 3352 55 1117 3353 111 1118 3354 112 1118 3355 54 1118 3356 112 1119 3357 113 1119 3358 53 1119 3359 113 1120 3360 114 1120 3361 52 1120 3362 114 1121 3363 115 1121 3364 51 1121 3365 49 1122 3366 116 1122 3367 111 1122 3368 116 1123 3369 117 1123 3370 112 1123 3371 117 1124 3372 118 1124 3373 113 1124 3374 118 1125 3375 119 1125 3376 114 1125 3377 119 1126 3378 120 1126 3379 115 1126 3380 48 1127 3381 121 1127 3382 116 1127 3383 121 1128 3384 122 1128 3385 117 1128 3386 122 1129 3387 123 1129 3388 118 1129 3389 123 1130 3390 124 1130 3391 119 1130 3392 124 1131 3393 125 1131 3394 120 1131 3395 47 1132 3396 126 1132 3397 121 1132 3398 126 1133 3399 127 1133 3400 122 1133 3401 127 1134 3402 128 1134 3403 123 1134 3404 128 1135 3405 129 1135 3406 124 1135 3407 129 1136 3408 130 1136 3409 125 1136 3410 46 1137 3411 131 1137 3412 126 1137 3413 131 1138 3414 132 1138 3415 127 1138 3416 132 1139 3417 133 1139 3418 128 1139 3419 133 1140 3420 134 1140 3421 129 1140 3422 134 1141 3423 135 1141 3424 130 1141 3425 3 1142 3426 56 1142 3427 131 1142 3428 56 1143 3429 57 1143 3430 132 1143 3431 57 1144 3432 58 1144 3433 133 1144 3434 58 1145 3435 59 1145 3436 134 1145 3437 59 1146 3438 60 1146 3439 135 1146 3440 140 1147 3441 50 1147 3442 2 1147 3443 145 1148 3444 49 1148 3445 50 1148 3446 150 1149 3447 48 1149 3448 49 1149 3449 155 1150 3450 47 1150 3451 48 1150 3452 160 1151 3453 46 1151 3454 47 1151 3455 35 1152 3456 136 1152 3457 40 1152 3458 136 1153 3459 137 1153 3460 39 1153 3461 137 1154 3462 138 1154 3463 38 1154 3464 138 1155 3465 139 1155 3466 37 1155 3467 139 1156 3468 140 1156 3469 36 1156 3470 34 1157 3471 141 1157 3472 136 1157 3473 141 1158 3474 142 1158 3475 137 1158 3476 142 1159 3477 143 1159 3478 138 1159 3479 143 1160 3480 144 1160 3481 139 1160 3482 144 1161 3483 145 1161 3484 140 1161 3485 33 1162 3486 146 1162 3487 141 1162 3488 146 1163 3489 147 1163 3490 142 1163 3491 147 1164 3492 148 1164 3493 143 1164 3494 148 1165 3495 149 1165 3496 144 1165 3497 149 1166 3498 150 1166 3499 145 1166 3500 32 1167 3501 151 1167 3502 146 1167 3503 151 1168 3504 152 1168 3505 147 1168 3506 152 1169 3507 153 1169 3508 148 1169 3509 153 1170 3510 154 1170 3511 149 1170 3512 154 1171 3513 155 1171 3514 150 1171 3515 31 1172 3516 156 1172 3517 151 1172 3518 156 1173 3519 157 1173 3520 152 1173 3521 157 1174 3522 158 1174 3523 153 1174 3524 158 1175 3525 159 1175 3526 154 1175 3527 159 1176 3528 160 1176 3529 155 1176 3530 5 1177 3531 41 1177 3532 156 1177 3533 41 1178 3534 42 1178 3535 157 1178 3536 42 1179 3537 43 1179 3538 158 1179 3539 43 1180 3540 44 1180 3541 159 1180 3542 44 1181 3543 45 1181 3544 160 1181 3545 165 1182 3546 35 1182 3547 4 1182 3548 170 1183 3549 34 1183 3550 35 1183 3551 175 1184 3552 33 1184 3553 34 1184 3554 180 1185 3555 32 1185 3556 33 1185 3557 185 1186 3558 31 1186 3559 32 1186 3560 20 1187 3561 161 1187 3562 25 1187 3563 161 1188 3564 162 1188 3565 24 1188 3566 162 1189 3567 163 1189 3568 23 1189 3569 163 1190 3570 164 1190 3571 22 1190 3572 164 1191 3573 165 1191 3574 21 1191 3575 19 1192 3576 166 1192 3577 161 1192 3578 166 1193 3579 167 1193 3580 162 1193 3581 167 1194 3582 168 1194 3583 163 1194 3584 168 1195 3585 169 1195 3586 164 1195 3587 169 1196 3588 170 1196 3589 165 1196 3590 18 1197 3591 171 1197 3592 166 1197 3593 171 1198 3594 172 1198 3595 167 1198 3596 172 1199 3597 173 1199 3598 168 1199 3599 173 1200 3600 174 1200 3601 169 1200 3602 174 1201 3603 175 1201 3604 170 1201 3605 17 1202 3606 176 1202 3607 171 1202 3608 176 1203 3609 177 1203 3610 172 1203 3611 177 1204 3612 178 1204 3613 173 1204 3614 178 1205 3615 179 1205 3616 174 1205 3617 179 1206 3618 180 1206 3619 175 1206 3620 16 1207 3621 181 1207 3622 176 1207 3623 181 1208 3624 182 1208 3625 177 1208 3626 182 1209 3627 183 1209 3628 178 1209 3629 183 1210 3630 184 1210 3631 179 1210 3632 184 1211 3633 185 1211 3634 180 1211 3635 1 1212 3636 26 1212 3637 181 1212 3638 26 1213 3639 27 1213 3640 182 1213 3641 27 1214 3642 28 1214 3643 183 1214 3644 28 1215 3645 29 1215 3646 184 1215 3647 29 1216 3648 30 1216 3649 185 1216 3650 190 1217 3651 20 1217 3652 0 1217 3653 190 1218 3654 195 1218 3655 19 1218 3656 200 1219 3657 18 1219 3658 19 1219 3659 205 1220 3660 17 1220 3661 18 1220 3662 210 1221 3663 16 1221 3664 17 1221 3665 10 1222 3666 211 1222 3667 229 1222 3668 186 1223 3669 187 1223 3670 9 1223 3671 187 1224 3672 188 1224 3673 8 1224 3674 188 1225 3675 189 1225 3676 7 1225 3677 189 1226 3678 190 1226 3679 6 1226 3680 135 1227 3681 228 1227 3682 227 1227 3683 191 1228 3684 192 1228 3685 187 1228 3686 192 1229 3687 193 1229 3688 188 1229 3689 188 1230 3690 193 1230 3691 194 1230 3692 194 1231 3693 195 1231 3694 190 1231 3695 120 1232 3696 225 1232 3697 224 1232 3698 196 1233 3699 197 1233 3700 192 1233 3701 197 1234 3702 198 1234 3703 193 1234 3704 193 1235 3705 198 1235 3706 199 1235 3707 199 1236 3708 200 1236 3709 195 1236 3710 201 1237 3711 232 1237 3712 233 1237 3713 201 1238 3714 202 1238 3715 197 1238 3716 197 1239 3717 202 1239 3718 203 1239 3719 203 1240 3720 204 1240 3721 199 1240 3722 204 1241 3723 205 1241 3724 200 1241 3725 186 1242 3726 229 1242 3727 230 1242 3728 206 1243 3729 207 1243 3730 202 1243 3731 202 1244 3732 207 1244 3733 208 1244 3734 208 1245 3735 209 1245 3736 204 1245 3737 204 1246 3738 209 1246 3739 210 1246 3740 85 1247 3741 222 1247 3742 215 1247 3743 11 1248 3744 12 1248 3745 207 1248 3746 12 1249 3747 13 1249 3748 208 1249 3749 13 1250 3750 14 1250 3751 209 1250 3752 209 1251 3753 14 1251 3754 15 1251 3755 212 1252 3756 1005 1252 3757 1006 1252 3758 222 1253 3759 220 1253 3760 214 1253 3761 223 1254 3762 221 1254 3763 212 1254 3764 214 1255 3765 1003 1255 3766 1004 1255 3767 215 1256 3768 1004 1256 3769 1015 1256 3770 221 1257 3771 1010 1257 3772 1005 1257 3773 213 1258 3774 1002 1258 3775 1003 1258 3776 228 1259 3777 1015 1259 3778 1014 1259 3779 216 1260 3780 229 1260 3781 211 1260 3782 216 1261 3783 217 1261 3784 230 1261 3785 217 1262 3786 218 1262 3787 231 1262 3788 219 1263 3789 232 1263 3790 231 1263 3791 213 1264 3792 233 1264 3793 232 1264 3794 214 1265 3795 220 1265 3796 233 1265 3797 125 1266 3798 226 1266 3799 225 1266 3800 60 1267 3801 215 1267 3802 228 1267 3803 256 1268 3804 237 1268 3805 257 1268 3806 271 1269 3807 241 1269 3808 272 1269 3809 297 1270 3810 462 1270 3811 463 1270 3812 301 1271 3813 235 1271 3814 251 1271 3815 287 1272 3816 458 1272 3817 453 1272 3818 326 1273 3819 252 1273 3820 235 1273 3821 396 1274 3822 468 1274 3823 467 1274 3824 311 1275 3825 298 1275 3826 297 1275 3827 316 1276 3828 299 1276 3829 298 1276 3830 321 1277 3831 300 1277 3832 299 1277 3833 326 1278 3834 301 1278 3835 300 1278 3836 271 1279 3837 302 1279 3838 282 1279 3839 302 1280 3840 303 1280 3841 283 1280 3842 303 1281 3843 304 1281 3844 284 1281 3845 304 1282 3846 305 1282 3847 285 1282 3848 285 1283 3849 305 1283 3850 306 1283 3851 270 1284 3852 307 1284 3853 302 1284 3854 307 1285 3855 308 1285 3856 303 1285 3857 308 1286 3858 309 1286 3859 304 1286 3860 309 1287 3861 310 1287 3862 305 1287 3863 310 1288 3864 311 1288 3865 306 1288 3866 269 1289 3867 312 1289 3868 307 1289 3869 312 1290 3870 313 1290 3871 308 1290 3872 313 1291 3873 314 1291 3874 309 1291 3875 314 1292 3876 315 1292 3877 310 1292 3878 315 1293 3879 316 1293 3880 311 1293 3881 268 1294 3882 317 1294 3883 312 1294 3884 317 1295 3885 318 1295 3886 313 1295 3887 313 1296 3888 318 1296 3889 319 1296 3890 319 1297 3891 320 1297 3892 315 1297 3893 320 1298 3894 321 1298 3895 316 1298 3896 267 1299 3897 322 1299 3898 317 1299 3899 322 1300 3900 323 1300 3901 318 1300 3902 318 1301 3903 323 1301 3904 324 1301 3905 324 1302 3906 325 1302 3907 320 1302 3908 325 1303 3909 326 1303 3910 321 1303 3911 267 1304 3912 237 1304 3913 256 1304 3914 322 1305 3915 256 1305 3916 255 1305 3917 323 1306 3918 255 1306 3919 254 1306 3920 324 1307 3921 254 1307 3922 253 1307 3923 325 1308 3924 253 1308 3925 252 1308 3926 331 1309 3927 292 1309 3928 234 1309 3929 336 1310 3930 293 1310 3931 292 1310 3932 341 1311 3933 294 1311 3934 293 1311 3935 346 1312 3936 295 1312 3937 294 1312 3938 351 1313 3939 296 1313 3940 295 1313 3941 266 1314 3942 327 1314 3943 242 1314 3944 327 1315 3945 328 1315 3946 243 1315 3947 328 1316 3948 329 1316 3949 244 1316 3950 329 1317 3951 330 1317 3952 245 1317 3953 330 1318 3954 331 1318 3955 246 1318 3956 265 1319 3957 332 1319 3958 327 1319 3959 332 1320 3960 333 1320 3961 328 1320 3962 333 1321 3963 334 1321 3964 329 1321 3965 334 1322 3966 335 1322 3967 330 1322 3968 335 1323 3969 336 1323 3970 331 1323 3971 264 1324 3972 337 1324 3973 332 1324 3974 337 1325 3975 338 1325 3976 333 1325 3977 338 1326 3978 339 1326 3979 334 1326 3980 339 1327 3981 340 1327 3982 335 1327 3983 340 1328 3984 341 1328 3985 336 1328 3986 263 1329 3987 342 1329 3988 337 1329 3989 342 1330 3990 343 1330 3991 338 1330 3992 343 1331 3993 344 1331 3994 339 1331 3995 344 1332 3996 345 1332 3997 340 1332 3998 345 1333 3999 346 1333 4000 341 1333 4001 262 1334 4002 347 1334 4003 342 1334 4004 347 1335 4005 348 1335 4006 343 1335 4007 348 1336 4008 349 1336 4009 344 1336 4010 349 1337 4011 350 1337 4012 345 1337 4013 350 1338 4014 351 1338 4015 346 1338 4016 262 1339 4017 240 1339 4018 281 1339 4019 347 1340 4020 281 1340 4021 280 1340 4022 348 1341 4023 280 1341 4024 279 1341 4025 349 1342 4026 279 1342 4027 278 1342 4028 350 1343 4029 278 1343 4030 277 1343 4031 356 1344 4032 247 1344 4033 234 1344 4034 361 1345 4035 248 1345 4036 247 1345 4037 366 1346 4038 249 1346 4039 248 1346 4040 371 1347 4041 250 1347 4042 249 1347 4043 376 1348 4044 251 1348 4045 250 1348 4046 291 1349 4047 352 1349 4048 296 1349 4049 352 1350 4050 353 1350 4051 295 1350 4052 353 1351 4053 354 1351 4054 294 1351 4055 354 1352 4056 355 1352 4057 293 1352 4058 355 1353 4059 356 1353 4060 292 1353 4061 290 1354 4062 357 1354 4063 352 1354 4064 357 1355 4065 358 1355 4066 353 1355 4067 358 1356 4068 359 1356 4069 354 1356 4070 359 1357 4071 360 1357 4072 355 1357 4073 360 1358 4074 361 1358 4075 356 1358 4076 289 1359 4077 362 1359 4078 357 1359 4079 362 1360 4080 363 1360 4081 358 1360 4082 363 1361 4083 364 1361 4084 359 1361 4085 364 1362 4086 365 1362 4087 360 1362 4088 365 1363 4089 366 1363 4090 361 1363 4091 288 1364 4092 367 1364 4093 362 1364 4094 367 1365 4095 368 1365 4096 363 1365 4097 368 1366 4098 369 1366 4099 364 1366 4100 369 1367 4101 370 1367 4102 365 1367 4103 370 1368 4104 371 1368 4105 366 1368 4106 287 1369 4107 372 1369 4108 367 1369 4109 372 1370 4110 373 1370 4111 368 1370 4112 373 1371 4113 374 1371 4114 369 1371 4115 374 1372 4116 375 1372 4117 370 1372 4118 375 1373 4119 376 1373 4120 371 1373 4121 239 1374 4122 297 1374 4123 372 1374 4124 297 1375 4125 298 1375 4126 373 1375 4127 298 1376 4128 299 1376 4129 374 1376 4130 299 1377 4131 300 1377 4132 375 1377 4133 300 1378 4134 301 1378 4135 376 1378 4136 381 1379 4137 465 1379 4138 457 1379 4139 238 1380 4140 296 1380 4141 456 1380 4142 401 1381 4143 469 1381 4144 468 1381 4145 286 1382 4146 306 1382 4147 463 1382 4148 386 1383 4149 466 1383 4150 465 1383 4151 276 1384 4152 377 1384 4153 281 1384 4154 377 1385 4155 378 1385 4156 280 1385 4157 378 1386 4158 379 1386 4159 279 1386 4160 379 1387 4161 380 1387 4162 278 1387 4163 380 1388 4164 381 1388 4165 277 1388 4166 275 1389 4167 382 1389 4168 377 1389 4169 382 1390 4170 383 1390 4171 378 1390 4172 383 1391 4173 384 1391 4174 379 1391 4175 384 1392 4176 385 1392 4177 380 1392 4178 385 1393 4179 386 1393 4180 381 1393 4181 274 1394 4182 387 1394 4183 382 1394 4184 387 1395 4185 388 1395 4186 383 1395 4187 388 1396 4188 389 1396 4189 384 1396 4190 389 1397 4191 390 1397 4192 385 1397 4193 390 1398 4194 391 1398 4195 386 1398 4196 273 1399 4197 392 1399 4198 387 1399 4199 392 1400 4200 393 1400 4201 388 1400 4202 393 1401 4203 394 1401 4204 389 1401 4205 394 1402 4206 395 1402 4207 390 1402 4208 395 1403 4209 396 1403 4210 391 1403 4211 272 1404 4212 397 1404 4213 392 1404 4214 397 1405 4215 398 1405 4216 393 1405 4217 398 1406 4218 399 1406 4219 394 1406 4220 399 1407 4221 400 1407 4222 395 1407 4223 400 1408 4224 401 1408 4225 396 1408 4226 241 1409 4227 282 1409 4228 397 1409 4229 282 1410 4230 283 1410 4231 398 1410 4232 283 1411 4233 284 1411 4234 399 1411 4235 284 1412 4236 285 1412 4237 400 1412 4238 285 1413 4239 286 1413 4240 401 1413 4241 406 1414 4242 276 1414 4243 240 1414 4244 411 1415 4245 275 1415 4246 276 1415 4247 416 1416 4248 274 1416 4249 275 1416 4250 421 1417 4251 273 1417 4252 274 1417 4253 426 1418 4254 272 1418 4255 273 1418 4256 261 1419 4257 402 1419 4258 266 1419 4259 402 1420 4260 403 1420 4261 265 1420 4262 403 1421 4263 404 1421 4264 264 1421 4265 404 1422 4266 405 1422 4267 263 1422 4268 405 1423 4269 406 1423 4270 262 1423 4271 260 1424 4272 407 1424 4273 402 1424 4274 407 1425 4275 408 1425 4276 403 1425 4277 408 1426 4278 409 1426 4279 404 1426 4280 409 1427 4281 410 1427 4282 405 1427 4283 410 1428 4284 411 1428 4285 406 1428 4286 259 1429 4287 412 1429 4288 407 1429 4289 412 1430 4290 413 1430 4291 408 1430 4292 413 1431 4293 414 1431 4294 409 1431 4295 414 1432 4296 415 1432 4297 410 1432 4298 415 1433 4299 416 1433 4300 411 1433 4301 258 1434 4302 417 1434 4303 412 1434 4304 417 1435 4305 418 1435 4306 413 1435 4307 418 1436 4308 419 1436 4309 414 1436 4310 419 1437 4311 420 1437 4312 415 1437 4313 420 1438 4314 421 1438 4315 416 1438 4316 257 1439 4317 422 1439 4318 417 1439 4319 422 1440 4320 423 1440 4321 418 1440 4322 423 1441 4323 424 1441 4324 419 1441 4325 424 1442 4326 425 1442 4327 420 1442 4328 425 1443 4329 426 1443 4330 421 1443 4331 237 1444 4332 267 1444 4333 422 1444 4334 267 1445 4335 268 1445 4336 423 1445 4337 268 1446 4338 269 1446 4339 424 1446 4340 269 1447 4341 270 1447 4342 425 1447 4343 270 1448 4344 271 1448 4345 426 1448 4346 431 1449 4347 261 1449 4348 236 1449 4349 431 1450 4350 436 1450 4351 260 1450 4352 441 1451 4353 259 1451 4354 260 1451 4355 446 1452 4356 258 1452 4357 259 1452 4358 451 1453 4359 257 1453 4360 258 1453 4361 247 1454 4362 427 1454 4363 246 1454 4364 427 1455 4365 428 1455 4366 245 1455 4367 428 1456 4368 429 1456 4369 244 1456 4370 429 1457 4371 430 1457 4372 243 1457 4373 430 1458 4374 431 1458 4375 242 1458 4376 247 1459 4377 248 1459 4378 432 1459 4379 432 1460 4380 433 1460 4381 428 1460 4382 433 1461 4383 434 1461 4384 429 1461 4385 429 1462 4386 434 1462 4387 435 1462 4388 435 1463 4389 436 1463 4390 431 1463 4391 248 1464 4392 249 1464 4393 437 1464 4394 437 1465 4395 438 1465 4396 433 1465 4397 438 1466 4398 439 1466 4399 434 1466 4400 434 1467 4401 439 1467 4402 440 1467 4403 440 1468 4404 441 1468 4405 436 1468 4406 250 1469 4407 442 1469 4408 437 1469 4409 442 1470 4410 443 1470 4411 438 1470 4412 438 1471 4413 443 1471 4414 444 1471 4415 444 1472 4416 445 1472 4417 440 1472 4418 445 1473 4419 446 1473 4420 441 1473 4421 251 1474 4422 447 1474 4423 442 1474 4424 447 1475 4425 448 1475 4426 443 1475 4427 443 1476 4428 448 1476 4429 449 1476 4430 449 1477 4431 450 1477 4432 445 1477 4433 445 1478 4434 450 1478 4435 451 1478 4436 235 1479 4437 252 1479 4438 447 1479 4439 252 1480 4440 253 1480 4441 448 1480 4442 253 1481 4443 254 1481 4444 449 1481 4445 254 1482 4446 255 1482 4447 450 1482 4448 450 1483 4449 255 1483 4450 256 1483 4451 460 1484 4452 478 1484 4453 477 1484 4454 457 1485 4455 475 1485 4456 482 1485 4457 466 1486 4458 484 1486 4459 483 1486 4460 459 1487 4461 477 1487 4462 476 1487 4463 464 1488 4464 482 1488 4465 474 1488 4466 465 1489 4467 483 1489 4468 475 1489 4469 458 1490 4470 476 1490 4471 471 1490 4472 452 1491 4473 463 1491 4474 481 1491 4475 277 1492 4476 457 1492 4477 464 1492 4478 288 1493 4479 459 1493 4480 458 1493 4481 289 1494 4482 460 1494 4483 459 1494 4484 391 1495 4485 467 1495 4486 466 1495 4487 286 1496 4488 452 1496 4489 469 1496 4490 239 1497 4491 453 1497 4492 462 1497 4493 296 1498 4494 351 1498 4495 464 1498 4496 290 1499 4497 461 1499 4498 460 1499 4499 238 1500 4500 455 1500 4501 454 1500 4502 291 1501 4503 454 1501 4504 461 1501 4505 470 1502 4506 471 1502 4507 476 1502 4508 482 1503 4509 475 1503 4510 473 1503 4511 481 1504 4512 480 1504 4513 471 1504 4514 483 1505 4515 472 1505 4516 473 1505 4517 484 1506 4518 479 1506 4519 472 1506 4520 485 1507 4521 478 1507 4522 479 1507 4523 486 1508 4524 477 1508 4525 478 1508 4526 487 1509 4527 476 1509 4528 477 1509 4529 467 1510 4530 485 1510 4531 484 1510 4532 461 1511 4533 479 1511 4534 478 1511 4535 468 1512 4536 486 1512 4537 485 1512 4538 454 1513 4539 472 1513 4540 479 1513 4541 469 1514 4542 487 1514 4543 486 1514 4544 455 1515 4545 473 1515 4546 472 1515 4547 453 1516 4548 471 1516 4549 480 1516 4550 452 1517 4551 470 1517 4552 487 1517 4553 455 1518 4554 456 1518 4555 474 1518 4556 462 1519 4557 480 1519 4558 481 1519 4559 685 1520 4560 733 1520 4561 728 1520 4562 525 1521 4563 495 1521 4564 526 1521 4565 551 1522 4566 716 1522 4567 717 1522 4568 555 1523 4569 489 1523 4570 505 1523 4571 541 1524 4572 712 1524 4573 707 1524 4574 506 1525 4575 489 1525 4576 555 1525 4577 650 1526 4578 722 1526 4579 721 1526 4580 560 1527 4581 565 1527 4582 552 1527 4583 570 1528 4584 553 1528 4585 552 1528 4586 575 1529 4587 554 1529 4588 553 1529 4589 580 1530 4590 555 1530 4591 554 1530 4592 525 1531 4593 556 1531 4594 536 1531 4595 556 1532 4596 557 1532 4597 537 1532 4598 557 1533 4599 558 1533 4600 538 1533 4601 558 1534 4602 559 1534 4603 539 1534 4604 559 1535 4605 560 1535 4606 540 1535 4607 524 1536 4608 561 1536 4609 556 1536 4610 561 1537 4611 562 1537 4612 557 1537 4613 562 1538 4614 563 1538 4615 558 1538 4616 563 1539 4617 564 1539 4618 559 1539 4619 564 1540 4620 565 1540 4621 560 1540 4622 523 1541 4623 566 1541 4624 561 1541 4625 566 1542 4626 567 1542 4627 562 1542 4628 567 1543 4629 568 1543 4630 563 1543 4631 568 1544 4632 569 1544 4633 564 1544 4634 569 1545 4635 570 1545 4636 565 1545 4637 522 1546 4638 571 1546 4639 566 1546 4640 571 1547 4641 572 1547 4642 567 1547 4643 572 1548 4644 573 1548 4645 568 1548 4646 573 1549 4647 574 1549 4648 569 1549 4649 574 1550 4650 575 1550 4651 570 1550 4652 522 1551 4653 521 1551 4654 576 1551 4655 576 1552 4656 577 1552 4657 572 1552 4658 577 1553 4659 578 1553 4660 573 1553 4661 578 1554 4662 579 1554 4663 574 1554 4664 579 1555 4665 580 1555 4666 575 1555 4667 521 1556 4668 491 1556 4669 510 1556 4670 576 1557 4671 510 1557 4672 509 1557 4673 509 1558 4674 508 1558 4675 578 1558 4676 508 1559 4677 507 1559 4678 579 1559 4679 507 1560 4680 506 1560 4681 580 1560 4682 585 1561 4683 546 1561 4684 488 1561 4685 590 1562 4686 547 1562 4687 546 1562 4688 595 1563 4689 548 1563 4690 547 1563 4691 600 1564 4692 549 1564 4693 548 1564 4694 605 1565 4695 550 1565 4696 549 1565 4697 520 1566 4698 581 1566 4699 496 1566 4700 581 1567 4701 582 1567 4702 497 1567 4703 582 1568 4704 583 1568 4705 498 1568 4706 583 1569 4707 584 1569 4708 499 1569 4709 584 1570 4710 585 1570 4711 500 1570 4712 519 1571 4713 586 1571 4714 581 1571 4715 586 1572 4716 587 1572 4717 582 1572 4718 587 1573 4719 588 1573 4720 583 1573 4721 588 1574 4722 589 1574 4723 584 1574 4724 589 1575 4725 590 1575 4726 585 1575 4727 518 1576 4728 591 1576 4729 586 1576 4730 591 1577 4731 592 1577 4732 587 1577 4733 592 1578 4734 593 1578 4735 588 1578 4736 593 1579 4737 594 1579 4738 589 1579 4739 594 1580 4740 595 1580 4741 590 1580 4742 517 1581 4743 596 1581 4744 591 1581 4745 596 1582 4746 597 1582 4747 592 1582 4748 597 1583 4749 598 1583 4750 593 1583 4751 598 1584 4752 599 1584 4753 594 1584 4754 599 1585 4755 600 1585 4756 595 1585 4757 516 1586 4758 601 1586 4759 596 1586 4760 601 1587 4761 602 1587 4762 597 1587 4763 602 1588 4764 603 1588 4765 598 1588 4766 603 1589 4767 604 1589 4768 599 1589 4769 604 1590 4770 605 1590 4771 600 1590 4772 494 1591 4773 535 1591 4774 601 1591 4775 535 1592 4776 534 1592 4777 602 1592 4778 534 1593 4779 533 1593 4780 603 1593 4781 533 1594 4782 532 1594 4783 604 1594 4784 532 1595 4785 531 1595 4786 605 1595 4787 610 1596 4788 501 1596 4789 488 1596 4790 615 1597 4791 502 1597 4792 501 1597 4793 620 1598 4794 503 1598 4795 502 1598 4796 625 1599 4797 504 1599 4798 503 1599 4799 630 1600 4800 505 1600 4801 504 1600 4802 545 1601 4803 606 1601 4804 550 1601 4805 606 1602 4806 607 1602 4807 549 1602 4808 607 1603 4809 608 1603 4810 548 1603 4811 608 1604 4812 609 1604 4813 547 1604 4814 609 1605 4815 610 1605 4816 546 1605 4817 544 1606 4818 611 1606 4819 606 1606 4820 611 1607 4821 612 1607 4822 607 1607 4823 612 1608 4824 613 1608 4825 608 1608 4826 613 1609 4827 614 1609 4828 609 1609 4829 614 1610 4830 615 1610 4831 610 1610 4832 543 1611 4833 616 1611 4834 611 1611 4835 616 1612 4836 617 1612 4837 612 1612 4838 617 1613 4839 618 1613 4840 613 1613 4841 618 1614 4842 619 1614 4843 614 1614 4844 619 1615 4845 620 1615 4846 615 1615 4847 542 1616 4848 621 1616 4849 616 1616 4850 621 1617 4851 622 1617 4852 617 1617 4853 622 1618 4854 623 1618 4855 618 1618 4856 623 1619 4857 624 1619 4858 619 1619 4859 624 1620 4860 625 1620 4861 620 1620 4862 541 1621 4863 626 1621 4864 621 1621 4865 626 1622 4866 627 1622 4867 622 1622 4868 627 1623 4869 628 1623 4870 623 1623 4871 628 1624 4872 629 1624 4873 624 1624 4874 629 1625 4875 630 1625 4876 625 1625 4877 493 1626 4878 551 1626 4879 626 1626 4880 551 1627 4881 552 1627 4882 627 1627 4883 552 1628 4884 553 1628 4885 628 1628 4886 553 1629 4887 554 1629 4888 629 1629 4889 554 1630 4890 555 1630 4891 630 1630 4892 635 1631 4893 719 1631 4894 711 1631 4895 492 1632 4896 550 1632 4897 710 1632 4898 655 1633 4899 723 1633 4900 722 1633 4901 540 1634 4902 560 1634 4903 717 1634 4904 640 1635 4905 720 1635 4906 719 1635 4907 530 1636 4908 631 1636 4909 535 1636 4910 631 1637 4911 632 1637 4912 534 1637 4913 632 1638 4914 633 1638 4915 533 1638 4916 633 1639 4917 634 1639 4918 532 1639 4919 634 1640 4920 635 1640 4921 531 1640 4922 529 1641 4923 636 1641 4924 631 1641 4925 636 1642 4926 637 1642 4927 632 1642 4928 637 1643 4929 638 1643 4930 633 1643 4931 638 1644 4932 639 1644 4933 634 1644 4934 639 1645 4935 640 1645 4936 635 1645 4937 528 1646 4938 641 1646 4939 636 1646 4940 641 1647 4941 642 1647 4942 637 1647 4943 642 1648 4944 643 1648 4945 638 1648 4946 643 1649 4947 644 1649 4948 639 1649 4949 644 1650 4950 645 1650 4951 640 1650 4952 527 1651 4953 646 1651 4954 641 1651 4955 646 1652 4956 647 1652 4957 642 1652 4958 647 1653 4959 648 1653 4960 643 1653 4961 648 1654 4962 649 1654 4963 644 1654 4964 649 1655 4965 650 1655 4966 645 1655 4967 526 1656 4968 651 1656 4969 646 1656 4970 651 1657 4971 652 1657 4972 647 1657 4973 652 1658 4974 653 1658 4975 648 1658 4976 653 1659 4977 654 1659 4978 649 1659 4979 654 1660 4980 655 1660 4981 650 1660 4982 495 1661 4983 536 1661 4984 651 1661 4985 536 1662 4986 537 1662 4987 652 1662 4988 537 1663 4989 538 1663 4990 653 1663 4991 538 1664 4992 539 1664 4993 654 1664 4994 539 1665 4995 540 1665 4996 655 1665 4997 660 1666 4998 530 1666 4999 494 1666 5000 665 1667 5001 529 1667 5002 530 1667 5003 670 1668 5004 528 1668 5005 529 1668 5006 675 1669 5007 527 1669 5008 528 1669 5009 680 1670 5010 526 1670 5011 527 1670 5012 515 1671 5013 656 1671 5014 520 1671 5015 656 1672 5016 657 1672 5017 519 1672 5018 657 1673 5019 658 1673 5020 518 1673 5021 658 1674 5022 659 1674 5023 517 1674 5024 659 1675 5025 660 1675 5026 516 1675 5027 514 1676 5028 661 1676 5029 656 1676 5030 661 1677 5031 662 1677 5032 657 1677 5033 662 1678 5034 663 1678 5035 658 1678 5036 663 1679 5037 664 1679 5038 659 1679 5039 664 1680 5040 665 1680 5041 660 1680 5042 513 1681 5043 666 1681 5044 661 1681 5045 666 1682 5046 667 1682 5047 662 1682 5048 667 1683 5049 668 1683 5050 663 1683 5051 668 1684 5052 669 1684 5053 664 1684 5054 669 1685 5055 670 1685 5056 665 1685 5057 512 1686 5058 671 1686 5059 666 1686 5060 671 1687 5061 672 1687 5062 667 1687 5063 672 1688 5064 673 1688 5065 668 1688 5066 673 1689 5067 674 1689 5068 669 1689 5069 674 1690 5070 675 1690 5071 670 1690 5072 511 1691 5073 676 1691 5074 671 1691 5075 676 1692 5076 677 1692 5077 672 1692 5078 677 1693 5079 678 1693 5080 673 1693 5081 678 1694 5082 679 1694 5083 674 1694 5084 679 1695 5085 680 1695 5086 675 1695 5087 491 1696 5088 521 1696 5089 676 1696 5090 521 1697 5091 522 1697 5092 677 1697 5093 522 1698 5094 523 1698 5095 678 1698 5096 523 1699 5097 524 1699 5098 679 1699 5099 524 1700 5100 525 1700 5101 680 1700 5102 512 1701 5103 730 1701 5104 729 1701 5105 511 1702 5106 729 1702 5107 725 1702 5108 496 1703 5109 728 1703 5110 727 1703 5111 705 1704 5112 737 1704 5113 736 1704 5114 690 1705 5115 734 1705 5116 733 1705 5117 501 1706 5118 681 1706 5119 500 1706 5120 681 1707 5121 682 1707 5122 499 1707 5123 682 1708 5124 683 1708 5125 498 1708 5126 683 1709 5127 684 1709 5128 497 1709 5129 684 1710 5130 685 1710 5131 496 1710 5132 501 1711 5133 502 1711 5134 686 1711 5135 686 1712 5136 687 1712 5137 682 1712 5138 687 1713 5139 688 1713 5140 683 1713 5141 683 1714 5142 688 1714 5143 689 1714 5144 689 1715 5145 690 1715 5146 685 1715 5147 502 1716 5148 503 1716 5149 691 1716 5150 691 1717 5151 692 1717 5152 687 1717 5153 692 1718 5154 693 1718 5155 688 1718 5156 688 1719 5157 693 1719 5158 694 1719 5159 694 1720 5160 695 1720 5161 690 1720 5162 504 1721 5163 696 1721 5164 691 1721 5165 696 1722 5166 697 1722 5167 692 1722 5168 692 1723 5169 697 1723 5170 698 1723 5171 698 1724 5172 699 1724 5173 694 1724 5174 699 1725 5175 700 1725 5176 695 1725 5177 505 1726 5178 701 1726 5179 696 1726 5180 701 1727 5181 702 1727 5182 697 1727 5183 697 1728 5184 702 1728 5185 703 1728 5186 703 1729 5187 704 1729 5188 699 1729 5189 699 1730 5190 704 1730 5191 705 1730 5192 489 1731 5193 506 1731 5194 701 1731 5195 506 1732 5196 507 1732 5197 702 1732 5198 507 1733 5199 508 1733 5200 703 1733 5201 508 1734 5202 509 1734 5203 704 1734 5204 704 1735 5205 509 1735 5206 510 1735 5207 706 1736 5208 707 1736 5209 712 1736 5210 711 1737 5211 709 1737 5212 710 1737 5213 717 1738 5214 716 1738 5215 707 1738 5216 719 1739 5217 708 1739 5218 709 1739 5219 720 1740 5220 715 1740 5221 708 1740 5222 721 1741 5223 714 1741 5224 715 1741 5225 722 1742 5226 713 1742 5227 714 1742 5228 723 1743 5229 712 1743 5230 713 1743 5231 531 1744 5232 711 1744 5233 718 1744 5234 542 1745 5235 713 1745 5236 712 1745 5237 543 1746 5238 714 1746 5239 713 1746 5240 645 1747 5241 721 1747 5242 720 1747 5243 540 1748 5244 706 1748 5245 723 1748 5246 493 1749 5247 707 1749 5248 716 1749 5249 550 1750 5250 605 1750 5251 718 1750 5252 544 1751 5253 715 1751 5254 714 1751 5255 492 1752 5256 709 1752 5257 708 1752 5258 545 1753 5259 708 1753 5260 715 1753 5261 724 1754 5262 725 1754 5263 729 1754 5264 728 1755 5265 733 1755 5266 726 1755 5267 733 1756 5268 734 1756 5269 732 1756 5270 735 1757 5271 731 1757 5272 732 1757 5273 736 1758 5274 730 1758 5275 731 1758 5276 737 1759 5277 729 1759 5278 730 1759 5279 700 1760 5280 736 1760 5281 735 1760 5282 513 1761 5283 731 1761 5284 730 1761 5285 514 1762 5286 732 1762 5287 731 1762 5288 515 1763 5289 726 1763 5290 732 1763 5291 695 1764 5292 735 1764 5293 734 1764 5294 510 1765 5295 724 1765 5296 737 1765 5297 491 1766 5298 725 1766 5299 724 1766 5300 490 1767 5301 727 1767 5302 726 1767 5303 935 1768 5304 983 1768 5305 978 1768 5306 775 1769 5307 745 1769 5308 776 1769 5309 801 1770 5310 966 1770 5311 967 1770 5312 805 1771 5313 739 1771 5314 755 1771 5315 743 1772 5316 791 1772 5317 962 1772 5318 756 1773 5319 739 1773 5320 805 1773 5321 900 1774 5322 972 1774 5323 971 1774 5324 815 1775 5325 802 1775 5326 801 1775 5327 820 1776 5328 803 1776 5329 802 1776 5330 825 1777 5331 804 1777 5332 803 1777 5333 830 1778 5334 805 1778 5335 804 1778 5336 775 1779 5337 806 1779 5338 786 1779 5339 806 1780 5340 807 1780 5341 787 1780 5342 807 1781 5343 808 1781 5344 788 1781 5345 788 1782 5346 808 1782 5347 809 1782 5348 789 1783 5349 809 1783 5350 810 1783 5351 774 1784 5352 811 1784 5353 806 1784 5354 811 1785 5355 812 1785 5356 807 1785 5357 812 1786 5358 813 1786 5359 808 1786 5360 813 1787 5361 814 1787 5362 809 1787 5363 814 1788 5364 815 1788 5365 810 1788 5366 773 1789 5367 816 1789 5368 811 1789 5369 816 1790 5370 817 1790 5371 812 1790 5372 817 1791 5373 818 1791 5374 813 1791 5375 818 1792 5376 819 1792 5377 814 1792 5378 819 1793 5379 820 1793 5380 815 1793 5381 772 1794 5382 821 1794 5383 816 1794 5384 821 1795 5385 822 1795 5386 817 1795 5387 822 1796 5388 823 1796 5389 818 1796 5390 823 1797 5391 824 1797 5392 819 1797 5393 824 1798 5394 825 1798 5395 820 1798 5396 771 1799 5397 826 1799 5398 821 1799 5399 826 1800 5400 827 1800 5401 822 1800 5402 827 1801 5403 828 1801 5404 823 1801 5405 828 1802 5406 829 1802 5407 824 1802 5408 829 1803 5409 830 1803 5410 825 1803 5411 741 1804 5412 760 1804 5413 826 1804 5414 760 1805 5415 759 1805 5416 827 1805 5417 759 1806 5418 758 1806 5419 828 1806 5420 758 1807 5421 757 1807 5422 829 1807 5423 757 1808 5424 756 1808 5425 830 1808 5426 750 1809 5427 835 1809 5428 796 1809 5429 840 1810 5430 797 1810 5431 796 1810 5432 845 1811 5433 798 1811 5434 797 1811 5435 850 1812 5436 799 1812 5437 798 1812 5438 855 1813 5439 800 1813 5440 799 1813 5441 770 1814 5442 831 1814 5443 746 1814 5444 831 1815 5445 832 1815 5446 747 1815 5447 832 1816 5448 833 1816 5449 748 1816 5450 833 1817 5451 834 1817 5452 749 1817 5453 834 1818 5454 835 1818 5455 750 1818 5456 769 1819 5457 836 1819 5458 831 1819 5459 836 1820 5460 837 1820 5461 832 1820 5462 832 1821 5463 837 1821 5464 838 1821 5465 838 1822 5466 839 1822 5467 834 1822 5468 839 1823 5469 840 1823 5470 835 1823 5471 769 1824 5472 768 1824 5473 841 1824 5474 841 1825 5475 842 1825 5476 837 1825 5477 837 1826 5478 842 1826 5479 843 1826 5480 843 1827 5481 844 1827 5482 839 1827 5483 839 1828 5484 844 1828 5485 845 1828 5486 768 1829 5487 767 1829 5488 846 1829 5489 846 1830 5490 847 1830 5491 842 1830 5492 842 1831 5493 847 1831 5494 848 1831 5495 848 1832 5496 849 1832 5497 844 1832 5498 844 1833 5499 849 1833 5500 850 1833 5501 766 1834 5502 851 1834 5503 846 1834 5504 851 1835 5505 852 1835 5506 847 1835 5507 847 1836 5508 852 1836 5509 853 1836 5510 848 1837 5511 853 1837 5512 854 1837 5513 854 1838 5514 855 1838 5515 850 1838 5516 766 1839 5517 744 1839 5518 785 1839 5519 785 1840 5520 784 1840 5521 852 1840 5522 784 1841 5523 783 1841 5524 853 1841 5525 853 1842 5526 783 1842 5527 782 1842 5528 854 1843 5529 782 1843 5530 781 1843 5531 860 1844 5532 751 1844 5533 738 1844 5534 865 1845 5535 752 1845 5536 751 1845 5537 870 1846 5538 753 1846 5539 752 1846 5540 875 1847 5541 754 1847 5542 753 1847 5543 880 1848 5544 755 1848 5545 754 1848 5546 795 1849 5547 856 1849 5548 800 1849 5549 856 1850 5550 857 1850 5551 799 1850 5552 857 1851 5553 858 1851 5554 798 1851 5555 858 1852 5556 859 1852 5557 797 1852 5558 859 1853 5559 860 1853 5560 796 1853 5561 794 1854 5562 861 1854 5563 856 1854 5564 861 1855 5565 862 1855 5566 857 1855 5567 862 1856 5568 863 1856 5569 858 1856 5570 863 1857 5571 864 1857 5572 859 1857 5573 864 1858 5574 865 1858 5575 860 1858 5576 793 1859 5577 866 1859 5578 861 1859 5579 866 1860 5580 867 1860 5581 862 1860 5582 867 1861 5583 868 1861 5584 863 1861 5585 868 1862 5586 869 1862 5587 864 1862 5588 869 1863 5589 870 1863 5590 865 1863 5591 792 1864 5592 871 1864 5593 866 1864 5594 871 1865 5595 872 1865 5596 867 1865 5597 872 1866 5598 873 1866 5599 868 1866 5600 873 1867 5601 874 1867 5602 869 1867 5603 874 1868 5604 875 1868 5605 870 1868 5606 791 1869 5607 876 1869 5608 871 1869 5609 876 1870 5610 877 1870 5611 872 1870 5612 877 1871 5613 878 1871 5614 873 1871 5615 873 1872 5616 878 1872 5617 879 1872 5618 879 1873 5619 880 1873 5620 875 1873 5621 743 1874 5622 801 1874 5623 876 1874 5624 801 1875 5625 802 1875 5626 877 1875 5627 802 1876 5628 803 1876 5629 878 1876 5630 878 1877 5631 803 1877 5632 804 1877 5633 804 1878 5634 805 1878 5635 880 1878 5636 885 1879 5637 969 1879 5638 961 1879 5639 742 1880 5640 800 1880 5641 960 1880 5642 905 1881 5643 973 1881 5644 972 1881 5645 790 1882 5646 810 1882 5647 967 1882 5648 890 1883 5649 970 1883 5650 969 1883 5651 744 1884 5652 780 1884 5653 881 1884 5654 785 1885 5655 881 1885 5656 882 1885 5657 882 1886 5658 883 1886 5659 783 1886 5660 883 1887 5661 884 1887 5662 782 1887 5663 782 1888 5664 884 1888 5665 885 1888 5666 780 1889 5667 779 1889 5668 886 1889 5669 881 1890 5670 886 1890 5671 887 1890 5672 882 1891 5673 887 1891 5674 888 1891 5675 888 1892 5676 889 1892 5677 884 1892 5678 889 1893 5679 890 1893 5680 885 1893 5681 778 1894 5682 891 1894 5683 886 1894 5684 891 1895 5685 892 1895 5686 887 1895 5687 892 1896 5688 893 1896 5689 888 1896 5690 888 1897 5691 893 1897 5692 894 1897 5693 889 1898 5694 894 1898 5695 895 1898 5696 778 1899 5697 777 1899 5698 896 1899 5699 891 1900 5700 896 1900 5701 897 1900 5702 892 1901 5703 897 1901 5704 898 1901 5705 893 1902 5706 898 1902 5707 899 1902 5708 899 1903 5709 900 1903 5710 895 1903 5711 777 1904 5712 776 1904 5713 901 1904 5714 896 1905 5715 901 1905 5716 902 1905 5717 902 1906 5718 903 1906 5719 898 1906 5720 903 1907 5721 904 1907 5722 899 1907 5723 899 1908 5724 904 1908 5725 905 1908 5726 745 1909 5727 786 1909 5728 901 1909 5729 901 1910 5730 786 1910 5731 787 1910 5732 902 1911 5733 787 1911 5734 788 1911 5735 788 1912 5736 789 1912 5737 904 1912 5738 789 1913 5739 790 1913 5740 905 1913 5741 910 1914 5742 780 1914 5743 744 1914 5744 910 1915 5745 915 1915 5746 779 1915 5747 920 1916 5748 778 1916 5749 779 1916 5750 925 1917 5751 777 1917 5752 778 1917 5753 930 1918 5754 776 1918 5755 777 1918 5756 765 1919 5757 906 1919 5758 770 1919 5759 906 1920 5760 907 1920 5761 769 1920 5762 907 1921 5763 908 1921 5764 768 1921 5765 908 1922 5766 909 1922 5767 767 1922 5768 909 1923 5769 910 1923 5770 766 1923 5771 764 1924 5772 911 1924 5773 906 1924 5774 911 1925 5775 912 1925 5776 907 1925 5777 907 1926 5778 912 1926 5779 913 1926 5780 913 1927 5781 914 1927 5782 909 1927 5783 914 1928 5784 915 1928 5785 910 1928 5786 763 1929 5787 916 1929 5788 911 1929 5789 916 1930 5790 917 1930 5791 912 1930 5792 917 1931 5793 918 1931 5794 913 1931 5795 918 1932 5796 919 1932 5797 914 1932 5798 919 1933 5799 920 1933 5800 915 1933 5801 762 1934 5802 921 1934 5803 916 1934 5804 921 1935 5805 922 1935 5806 917 1935 5807 922 1936 5808 923 1936 5809 918 1936 5810 923 1937 5811 924 1937 5812 919 1937 5813 924 1938 5814 925 1938 5815 920 1938 5816 761 1939 5817 926 1939 5818 921 1939 5819 921 1940 5820 926 1940 5821 927 1940 5822 922 1941 5823 927 1941 5824 928 1941 5825 928 1942 5826 929 1942 5827 924 1942 5828 924 1943 5829 929 1943 5830 930 1943 5831 741 1944 5832 771 1944 5833 926 1944 5834 771 1945 5835 772 1945 5836 927 1945 5837 772 1946 5838 773 1946 5839 928 1946 5840 773 1947 5841 774 1947 5842 929 1947 5843 774 1948 5844 775 1948 5845 930 1948 5846 762 1949 5847 980 1949 5848 979 1949 5849 761 1950 5850 979 1950 5851 975 1950 5852 746 1951 5853 978 1951 5854 977 1951 5855 955 1952 5856 987 1952 5857 986 1952 5858 940 1953 5859 984 1953 5860 983 1953 5861 738 1954 5862 751 1954 5863 931 1954 5864 931 1955 5865 932 1955 5866 749 1955 5867 932 1956 5868 933 1956 5869 748 1956 5870 933 1957 5871 934 1957 5872 747 1957 5873 934 1958 5874 935 1958 5875 746 1958 5876 752 1959 5877 936 1959 5878 931 1959 5879 936 1960 5880 937 1960 5881 932 1960 5882 932 1961 5883 937 1961 5884 938 1961 5885 933 1962 5886 938 1962 5887 939 1962 5888 939 1963 5889 940 1963 5890 935 1963 5891 753 1964 5892 941 1964 5893 936 1964 5894 941 1965 5895 942 1965 5896 937 1965 5897 942 1966 5898 943 1966 5899 938 1966 5900 943 1967 5901 944 1967 5902 939 1967 5903 939 1968 5904 944 1968 5905 945 1968 5906 753 1969 5907 754 1969 5908 946 1969 5909 941 1970 5910 946 1970 5911 947 1970 5912 942 1971 5913 947 1971 5914 948 1971 5915 948 1972 5916 949 1972 5917 944 1972 5918 949 1973 5919 950 1973 5920 945 1973 5921 755 1974 5922 951 1974 5923 946 1974 5924 951 1975 5925 952 1975 5926 947 1975 5927 952 1976 5928 953 1976 5929 948 1976 5930 948 1977 5931 953 1977 5932 954 1977 5933 949 1978 5934 954 1978 5935 955 1978 5936 755 1979 5937 739 1979 5938 756 1979 5939 756 1980 5940 757 1980 5941 952 1980 5942 952 1981 5943 757 1981 5944 758 1981 5945 953 1982 5946 758 1982 5947 759 1982 5948 759 1983 5949 760 1983 5950 955 1983 5951 956 1984 5952 957 1984 5953 962 1984 5954 968 1985 5955 961 1985 5956 959 1985 5957 956 1986 5958 967 1986 5959 966 1986 5960 969 1987 5961 958 1987 5962 959 1987 5963 969 1988 5964 970 1988 5965 965 1988 5966 970 1989 5967 971 1989 5968 964 1989 5969 972 1990 5970 963 1990 5971 964 1990 5972 972 1991 5973 973 1991 5974 962 1991 5975 781 1992 5976 961 1992 5977 968 1992 5978 791 1993 5979 792 1993 5980 963 1993 5981 792 1994 5982 793 1994 5983 964 1994 5984 895 1995 5985 971 1995 5986 970 1995 5987 790 1996 5988 956 1996 5989 973 1996 5990 743 1997 5991 957 1997 5992 966 1997 5993 800 1998 5994 855 1998 5995 968 1998 5996 793 1999 5997 794 1999 5998 965 1999 5999 795 2000 6000 742 2000 6001 959 2000 6002 794 2001 6003 795 2001 6004 958 2001 6005 981 2002 6006 995 2002 6007 994 2002 6008 980 2003 6009 994 2003 6010 993 2003 6011 974 2004 6012 988 2004 6013 1001 2004 6014 979 2005 6015 993 2005 6016 989 2005 6017 987 2006 6018 1001 2006 6019 1000 2006 6020 978 2007 6021 992 2007 6022 991 2007 6023 950 2008 6024 986 2008 6025 985 2008 6026 763 2009 6027 981 2009 6028 980 2009 6029 764 2010 6030 982 2010 6031 981 2010 6032 765 2011 6033 976 2011 6034 982 2011 6035 945 2012 6036 985 2012 6037 984 2012 6038 760 2013 6039 974 2013 6040 987 2013 6041 741 2014 6042 975 2014 6043 974 2014 6044 740 2015 6045 977 2015 6046 976 2015 6047 988 2016 6048 989 2016 6049 993 2016 6050 997 2017 6051 990 2017 6052 991 2017 6053 997 2018 6054 998 2018 6055 996 2018 6056 999 2019 6057 995 2019 6058 996 2019 6059 999 2020 6060 1000 2020 6061 994 2020 6062 1001 2021 6063 993 2021 6064 994 2021 6065 983 2022 6066 997 2022 6067 992 2022 6068 982 2023 6069 996 2023 6070 995 2023 6071 984 2024 6072 998 2024 6073 997 2024 6074 976 2025 6075 990 2025 6076 996 2025 6077 975 2026 6078 989 2026 6079 988 2026 6080 985 2027 6081 999 2027 6082 998 2027 6083 977 2028 6084 991 2028 6085 990 2028 6086 986 2029 6087 1000 2029 6088 999 2029 6089 1004 2030 6090 1003 2030 6091 1002 2030 6092 1011 2031 6093 1006 2031 6094 1005 2031 6095 1012 2032 6096 1007 2032 6097 1006 2032 6098 1013 2033 6099 1008 2033 6100 1007 2033 6101 1014 2034 6102 1009 2034 6103 1008 2034 6104 1015 2035 6105 1002 2035 6106 1009 2035 6107 216 2036 6108 1006 2036 6109 1007 2036 6110 224 2037 6111 1011 2037 6112 1010 2037 6113 217 2038 6114 1007 2038 6115 1008 2038 6116 225 2039 6117 1012 2039 6118 1011 2039 6119 218 2040 6120 1008 2040 6121 1009 2040 6122 226 2041 6123 1013 2041 6124 1012 2041 6125 219 2042 6126 1009 2042 6127 1002 2042 6128 227 2043 6129 1014 2043 6130 1013 2043 6131 1017 2044 6132 1056 2044 6133 1057 2044 6134 1027 2045 6135 1025 2045 6136 1019 2045 6137 1028 2046 6138 1026 2046 6139 1017 2046 6140 1019 2047 6141 1054 2047 6142 1055 2047 6143 1020 2048 6144 1055 2048 6145 1066 2048 6146 1026 2049 6147 1061 2049 6148 1056 2049 6149 1018 2050 6150 1053 2050 6151 1054 2050 6152 1033 2051 6153 1066 2051 6154 1065 2051 6155 1021 2052 6156 1034 2052 6157 1016 2052 6158 1021 2053 6159 1022 2053 6160 1035 2053 6161 1022 2054 6162 1023 2054 6163 1036 2054 6164 1024 2055 6165 1037 2055 6166 1036 2055 6167 1018 2056 6168 1038 2056 6169 1037 2056 6170 1019 2057 6171 1025 2057 6172 1038 2057 6173 1039 2058 6174 1040 2058 6175 1044 2058 6176 1043 2059 6177 1048 2059 6178 1041 2059 6179 1048 2060 6180 1049 2060 6181 1047 2060 6182 1050 2061 6183 1046 2061 6184 1047 2061 6185 1051 2062 6186 1045 2062 6187 1046 2062 6188 1052 2063 6189 1044 2063 6190 1045 2063 6191 1021 2064 6192 1057 2064 6193 1058 2064 6194 1029 2065 6195 1062 2065 6196 1061 2065 6197 1022 2066 6198 1058 2066 6199 1059 2066 6200 1030 2067 6201 1063 2067 6202 1062 2067 6203 1023 2068 6204 1059 2068 6205 1060 2068 6206 1031 2069 6207 1064 2069 6208 1063 2069 6209 1024 2070 6210 1060 2070 6211 1053 2070 6212 1032 2071 6213 1065 2071 6214 1064 2071 6215</p>
        </triangles>
      </mesh>
    </geometry>
  </library_geometries>
  <library_visual_scenes>
    <visual_scene id="Scene" name="Scene">
      <node id="kiste_003" name="kiste.003" type="NODE">
        <matrix sid="transform">1 0 0 0 0 1 0 0 0 0 1 0 0 0 0 1</matrix>
        <instance_geometry url="#Cube_008-mesh" name="kiste.003">
          <bind_material>
            <technique_common>
              <instance_material symbol="haus_holz_004-material" target="#haus_holz_004-material">
                <bind_vertex_input semantic="UVMap" input_semantic="TEXCOORD" input_set="0"/>
              </instance_material>
              <instance_material symbol="kiste-material" target="#kiste-material">
                <bind_vertex_input semantic="UVMap" input_semantic="TEXCOORD" input_set="0"/>
              </instance_material>
              <instance_material symbol="baumstamm-material" target="#baumstamm-material">
                <bind_vertex_input semantic="UVMap" input_semantic="TEXCOORD" input_set="0"/>
              </instance_material>
              <instance_material symbol="metal-material" target="#metal-material">
                <bind_vertex_input semantic="UVMap" input_semantic="TEXCOORD" input_set="0"/>
              </instance_material>
            </technique_common>
          </bind_material>
        </instance_geometry>
      </node>
      <node id="kiste_001" name="kiste.001" type="NODE">
        <matrix sid="transform">1 0 0 0 0 1 0 0 0 0 1 0 0 0 0 1</matrix>
        <instance_geometry url="#Cube_007-mesh" name="kiste.001">
          <bind_material>
            <technique_common>
              <instance_material symbol="haus_holz_004-material" target="#haus_holz_004-material">
                <bind_vertex_input semantic="UVMap" input_semantic="TEXCOORD" input_set="0"/>
              </instance_material>
              <instance_material symbol="kiste-material" target="#kiste-material">
                <bind_vertex_input semantic="UVMap" input_semantic="TEXCOORD" input_set="0"/>
              </instance_material>
              <instance_material symbol="baumstamm-material" target="#baumstamm-material">
                <bind_vertex_input semantic="UVMap" input_semantic="TEXCOORD" input_set="0"/>
              </instance_material>
              <instance_material symbol="metal-material" target="#metal-material">
                <bind_vertex_input semantic="UVMap" input_semantic="TEXCOORD" input_set="0"/>
              </instance_material>
            </technique_common>
          </bind_material>
        </instance_geometry>
      </node>
      <node id="fässer_002" name="fässer.002" type="NODE">
        <matrix sid="transform">1 0 0 0 0 1 0 0 0 0 1 0 0 0 0 1</matrix>
        <instance_geometry url="#Cylinder_002-mesh" name="fässer.002">
          <bind_material>
            <technique_common>
              <instance_material symbol="metal-material" target="#metal-material">
                <bind_vertex_input semantic="UVMap" input_semantic="TEXCOORD" input_set="0"/>
              </instance_material>
              <instance_material symbol="haus_holz-material" target="#haus_holz-material">
                <bind_vertex_input semantic="UVMap" input_semantic="TEXCOORD" input_set="0"/>
              </instance_material>
            </technique_common>
          </bind_material>
        </instance_geometry>
      </node>
      <node id="fässer_001" name="fässer.001" type="NODE">
        <matrix sid="transform">1 0 0 0 0 1 0 0 0 0 1 0 0 0 0 1</matrix>
        <instance_geometry url="#Cylinder_001-mesh" name="fässer.001">
          <bind_material>
            <technique_common>
              <instance_material symbol="metal-material" target="#metal-material">
                <bind_vertex_input semantic="UVMap" input_semantic="TEXCOORD" input_set="0"/>
              </instance_material>
              <instance_material symbol="haus_holz-material" target="#haus_holz-material">
                <bind_vertex_input semantic="UVMap" input_semantic="TEXCOORD" input_set="0"/>
              </instance_material>
            </technique_common>
          </bind_material>
        </instance_geometry>
      </node>
      <node id="kiste_002" name="kiste.002" type="NODE">
        <matrix sid="transform">1 0 0 0 0 1 0 0 0 0 1 0 0 0 0 1</matrix>
        <instance_geometry url="#Cube_006-mesh" name="kiste.002">
          <bind_material>
            <technique_common>
              <instance_material symbol="haus_holz_004-material" target="#haus_holz_004-material">
                <bind_vertex_input semantic="UVMap" input_semantic="TEXCOORD" input_set="0"/>
              </instance_material>
              <instance_material symbol="kiste-material" target="#kiste-material">
                <bind_vertex_input semantic="UVMap" input_semantic="TEXCOORD" input_set="0"/>
              </instance_material>
              <instance_material symbol="baumstamm-material" target="#baumstamm-material">
                <bind_vertex_input semantic="UVMap" input_semantic="TEXCOORD" input_set="0"/>
              </instance_material>
              <instance_material symbol="metal-material" target="#metal-material">
                <bind_vertex_input semantic="UVMap" input_semantic="TEXCOORD" input_set="0"/>
              </instance_material>
            </technique_common>
          </bind_material>
        </instance_geometry>
      </node>
      <node id="Cube_001" name="Cube.001" type="NODE">
        <matrix sid="transform">1 0 0 0 0 1 0 0 0 0 1 0 0 0 0 1</matrix>
        <instance_geometry url="#Cube_002-mesh" name="Cube.001"/>
      </node>
    </visual_scene>
  </library_visual_scenes>
  <scene>
    <instance_visual_scene url="#Scene"/>
  </scene>
</COLLADA>